location_id,name,state,district,locality,category,section,description,known_for,latitude,longitude,best_season,difficulty,popularity_tier,primary_source,photo_source_url,info_source_url,verification_status,last_verified,record_status
IN-00001,Trimbakeshwar Jyotirlinga,Maharashtra,Nashik,,Jyotirlinga,JYOTIRLINGA,,One of the twelve Jyotirlinga pilgrimage sites of Shiva; special spiritual heritage destination.,,,,,ICONIC,Wikipedia/Wikimedia Commons search,,,AI_CURATED_NEEDS_VERIFICATION,2026-09-11,DRAFT_FOR_REVIEW
IN-00002,Mallikarjuna Jyotirlinga,Andhra Pradesh,Nandyal,,Jyotirlinga,JYOTIRLINGA,,One of the twelve Jyotirlinga pilgrimage sites of Shiva; special spiritual heritage destination.,,,,,ICONIC,Wikipedia/Wikimedia Commons search,,,AI_CURATED_NEEDS_VERIFICATION,2026-09-11,DRAFT_FOR_REVIEW
IN-00003,Somnath Jyotirlinga,Gujarat,Gir Somnath,,Jyotirlinga,JYOTIRLINGA,,One of the twelve Jyotirlinga pilgrimage sites of Shiva; special spiritual heritage destination.,,,,,ICONIC,Wikipedia/Wikimedia Commons search,,,AI_CURATED_NEEDS_VERIFICATION,2026-09-11,DRAFT_FOR_REVIEW
IN-00004,Mahakaleshwar Jyotirlinga,Madhya Pradesh,Ujjain,,Jyotirlinga,JYOTIRLINGA,,One of the twelve Jyotirlinga pilgrimage sites of Shiva; special spiritual heritage destination.,,,,,ICONIC,Wikipedia/Wikimedia Commons search,,,AI_CURATED_NEEDS_VERIFICATION,2026-09-11,DRAFT_FOR_REVIEW
IN-00005,Omkareshwar Jyotirlinga,Madhya Pradesh,Khandwa,,Jyotirlinga,JYOTIRLINGA,,One of the twelve Jyotirlinga pilgrimage sites of Shiva; special spiritual heritage destination.,,,,,ICONIC,Wikipedia/Wikimedia Commons search,,,AI_CURATED_NEEDS_VERIFICATION,2026-09-11,DRAFT_FOR_REVIEW
IN-00006,Kashi Vishwanath Jyotirlinga,Uttar Pradesh,Varanasi,,Jyotirlinga,JYOTIRLINGA,,One of the twelve Jyotirlinga pilgrimage sites of Shiva; special spiritual heritage destination.,,,,,ICONIC,Wikipedia/Wikimedia Commons search,,,AI_CURATED_NEEDS_VERIFICATION,2026-09-11,DRAFT_FOR_REVIEW
IN-00007,Baidyanath Jyotirlinga,Jharkhand,Deoghar,,Jyotirlinga,JYOTIRLINGA,,One of the twelve Jyotirlinga pilgrimage sites of Shiva; special spiritual heritage destination.,,,,,ICONIC,Wikipedia/Wikimedia Commons search,,,AI_CURATED_NEEDS_VERIFICATION,2026-09-11,DRAFT_FOR_REVIEW
IN-00008,Bhimashankar Jyotirlinga,Maharashtra,Pune,,Jyotirlinga,JYOTIRLINGA,,One of the twelve Jyotirlinga pilgrimage sites of Shiva; special spiritual heritage destination.,,,,,ICONIC,Wikipedia/Wikimedia Commons search,,,AI_CURATED_NEEDS_VERIFICATION,2026-09-11,DRAFT_FOR_REVIEW
IN-00009,Ramanathaswamy Jyotirlinga,Tamil Nadu,Ramanathapuram,,Jyotirlinga,JYOTIRLINGA,,One of the twelve Jyotirlinga pilgrimage sites of Shiva; special spiritual heritage destination.,,,,,ICONIC,Wikipedia/Wikimedia Commons search,,,AI_CURATED_NEEDS_VERIFICATION,2026-09-11,DRAFT_FOR_REVIEW
IN-00010,Nageshwar Jyotirlinga,Gujarat,Devbhumi Dwarka,,Jyotirlinga,JYOTIRLINGA,,One of the twelve Jyotirlinga pilgrimage sites of Shiva; special spiritual heritage destination.,,,,,ICONIC,Wikipedia/Wikimedia Commons search,,,AI_CURATED_NEEDS_VERIFICATION,2026-09-11,DRAFT_FOR_REVIEW
IN-00011,Kedarnath Jyotirlinga,Uttarakhand,Rudraprayag,,Jyotirlinga,JYOTIRLINGA,,One of the twelve Jyotirlinga pilgrimage sites of Shiva; special spiritual heritage destination.,,,,,ICONIC,Wikipedia/Wikimedia Commons search,,,AI_CURATED_NEEDS_VERIFICATION,2026-09-11,DRAFT_FOR_REVIEW
IN-00012,Grishneshwar Jyotirlinga,Maharashtra,Chhatrapati Sambhajinagar,,Jyotirlinga,JYOTIRLINGA,,One of the twelve Jyotirlinga pilgrimage sites of Shiva; special spiritual heritage destination.,,,,,ICONIC,Wikipedia/Wikimedia Commons search,,,AI_CURATED_NEEDS_VERIFICATION,2026-09-11,DRAFT_FOR_REVIEW
IN-00013,Ajanta Caves,Maharashtra,Chhatrapati Sambhajinagar,,World Heritage / UNESCO,WORLD_HERITAGE,,UNESCO World Heritage or UNESCO Tentative List destination; classification preserved in section metadata.,,,,,ICONIC,UNESCO World Heritage Centre,,,AI_CURATED_NEEDS_VERIFICATION,2026-09-11,DRAFT_FOR_REVIEW
IN-00014,Ellora Caves,Maharashtra,Chhatrapati Sambhajinagar,,World Heritage / UNESCO,WORLD_HERITAGE,,UNESCO World Heritage or UNESCO Tentative List destination; classification preserved in section metadata.,,,,,ICONIC,UNESCO World Heritage Centre,,,AI_CURATED_NEEDS_VERIFICATION,2026-09-11,DRAFT_FOR_REVIEW
IN-00015,Elephanta Caves,Maharashtra,Mumbai City,,World Heritage / UNESCO,WORLD_HERITAGE,,UNESCO World Heritage or UNESCO Tentative List destination; classification preserved in section metadata.,,,,,ICONIC,UNESCO World Heritage Centre,,,AI_CURATED_NEEDS_VERIFICATION,2026-09-11,DRAFT_FOR_REVIEW
IN-00016,Western Ghats,Maharashtra/Karnataka/Goa/Kerala/Tamil Nadu,Multi-state,,World Heritage / UNESCO,WORLD_HERITAGE,,UNESCO World Heritage or UNESCO Tentative List destination; classification preserved in section metadata.,,,,,ICONIC,UNESCO World Heritage Centre,,,AI_CURATED_NEEDS_VERIFICATION,2026-09-11,DRAFT_FOR_REVIEW
IN-00017,Great Himalayan National Park Conservation Area,Himachal Pradesh,Kullu,,World Heritage / UNESCO,WORLD_HERITAGE,,UNESCO World Heritage or UNESCO Tentative List destination; classification preserved in section metadata.,,,,,ICONIC,UNESCO World Heritage Centre,,,AI_CURATED_NEEDS_VERIFICATION,2026-09-11,DRAFT_FOR_REVIEW
IN-00018,Kaziranga National Park,Assam,Golaghat/Nagaon,,World Heritage / UNESCO,WORLD_HERITAGE,,UNESCO World Heritage or UNESCO Tentative List destination; classification preserved in section metadata.,,,,,ICONIC,UNESCO World Heritage Centre,,,AI_CURATED_NEEDS_VERIFICATION,2026-09-11,DRAFT_FOR_REVIEW
IN-00019,Keoladeo National Park,Rajasthan,Bharatpur,,World Heritage / UNESCO,WORLD_HERITAGE,,UNESCO World Heritage or UNESCO Tentative List destination; classification preserved in section metadata.,,,,,ICONIC,UNESCO World Heritage Centre,,,AI_CURATED_NEEDS_VERIFICATION,2026-09-11,DRAFT_FOR_REVIEW
IN-00020,Manas Wildlife Sanctuary,Assam,Chirang/Baksa,,World Heritage / UNESCO,WORLD_HERITAGE,,UNESCO World Heritage or UNESCO Tentative List destination; classification preserved in section metadata.,,,,,ICONIC,UNESCO World Heritage Centre,,,AI_CURATED_NEEDS_VERIFICATION,2026-09-11,DRAFT_FOR_REVIEW
IN-00021,Nanda Devi and Valley of Flowers National Parks,Uttarakhand,Chamoli,,World Heritage / UNESCO,WORLD_HERITAGE,,UNESCO World Heritage or UNESCO Tentative List destination; classification preserved in section metadata.,,,,,ICONIC,UNESCO World Heritage Centre,,,AI_CURATED_NEEDS_VERIFICATION,2026-09-11,DRAFT_FOR_REVIEW
IN-00022,Sundarbans National Park,West Bengal,South 24 Parganas,,World Heritage / UNESCO,WORLD_HERITAGE,,UNESCO World Heritage or UNESCO Tentative List destination; classification preserved in section metadata.,,,,,ICONIC,UNESCO World Heritage Centre,,,AI_CURATED_NEEDS_VERIFICATION,2026-09-11,DRAFT_FOR_REVIEW
IN-00023,Khangchendzonga National Park,Sikkim,North Sikkim,,World Heritage / UNESCO,WORLD_HERITAGE,,UNESCO World Heritage or UNESCO Tentative List destination; classification preserved in section metadata.,,,,,ICONIC,UNESCO World Heritage Centre,,,AI_CURATED_NEEDS_VERIFICATION,2026-09-11,DRAFT_FOR_REVIEW
IN-00024,Rock Shelters of Bhimbetka,Madhya Pradesh,Raisen,,World Heritage / UNESCO,WORLD_HERITAGE,,UNESCO World Heritage or UNESCO Tentative List destination; classification preserved in section metadata.,,,,,ICONIC,UNESCO World Heritage Centre,,,AI_CURATED_NEEDS_VERIFICATION,2026-09-11,DRAFT_FOR_REVIEW
IN-00025,Dholavira,Gujarat,Kutch,,World Heritage / UNESCO,WORLD_HERITAGE,,UNESCO World Heritage or UNESCO Tentative List destination; classification preserved in section metadata.,,,,,ICONIC,UNESCO World Heritage Centre,,,AI_CURATED_NEEDS_VERIFICATION,2026-09-11,DRAFT_FOR_REVIEW
IN-00026,Chilika Lake,Odisha,Puri/Khordha/Ganjam,,World Heritage / UNESCO,WORLD_HERITAGE,,UNESCO World Heritage or UNESCO Tentative List destination; classification preserved in section metadata.,,,,,RENOWNED,UNESCO World Heritage Centre,,,AI_CURATED_NEEDS_VERIFICATION,2026-09-11,DRAFT_FOR_REVIEW
IN-00027,Bhedaghat-Lametaghat,Madhya Pradesh,Jabalpur,,World Heritage / UNESCO,WORLD_HERITAGE,,UNESCO World Heritage or UNESCO Tentative List destination; classification preserved in section metadata.,,,,,RENOWNED,UNESCO World Heritage Centre,,,AI_CURATED_NEEDS_VERIFICATION,2026-09-11,DRAFT_FOR_REVIEW
IN-00028,Satpura Tiger Reserve,Madhya Pradesh,Narmadapuram,,World Heritage / UNESCO,WORLD_HERITAGE,,UNESCO World Heritage or UNESCO Tentative List destination; classification preserved in section metadata.,,,,,RENOWNED,UNESCO World Heritage Centre,,,AI_CURATED_NEEDS_VERIFICATION,2026-09-11,DRAFT_FOR_REVIEW
IN-00029,Kanger Valley National Park,Chhattisgarh,Bastar,,World Heritage / UNESCO,WORLD_HERITAGE,,UNESCO World Heritage or UNESCO Tentative List destination; classification preserved in section metadata.,,,,,RENOWNED,UNESCO World Heritage Centre,,,AI_CURATED_NEEDS_VERIFICATION,2026-09-11,DRAFT_FOR_REVIEW
IN-00030,Meghalayan Age Caves,Meghalaya,East Khasi Hills,,World Heritage / UNESCO,WORLD_HERITAGE,,UNESCO World Heritage or UNESCO Tentative List destination; classification preserved in section metadata.,,,,,RENOWNED,UNESCO World Heritage Centre,,,AI_CURATED_NEEDS_VERIFICATION,2026-09-11,DRAFT_FOR_REVIEW
IN-00031,Deccan Traps at Panchgani and Mahabaleshwar,Maharashtra,Satara,,World Heritage / UNESCO,WORLD_HERITAGE,,UNESCO World Heritage or UNESCO Tentative List destination; classification preserved in section metadata.,,,,,RENOWNED,UNESCO World Heritage Centre,,,AI_CURATED_NEEDS_VERIFICATION,2026-09-11,DRAFT_FOR_REVIEW
IN-00032,Natural Heritage of Tirumala Hills,Andhra Pradesh,Tirupati,,World Heritage / UNESCO,WORLD_HERITAGE,,UNESCO World Heritage or UNESCO Tentative List destination; classification preserved in section metadata.,,,,,RENOWNED,UNESCO World Heritage Centre,,,AI_CURATED_NEEDS_VERIFICATION,2026-09-11,DRAFT_FOR_REVIEW
IN-00033,Natural Heritage of Varkala,Kerala,Thiruvananthapuram,,World Heritage / UNESCO,WORLD_HERITAGE,,UNESCO World Heritage or UNESCO Tentative List destination; classification preserved in section metadata.,,,,,RENOWNED,UNESCO World Heritage Centre,,,AI_CURATED_NEEDS_VERIFICATION,2026-09-11,DRAFT_FOR_REVIEW
IN-00034,Geological Heritage of St Mary’s Island Cluster,Karnataka,Udupi,,World Heritage / UNESCO,WORLD_HERITAGE,,UNESCO World Heritage or UNESCO Tentative List destination; classification preserved in section metadata.,,,,,RENOWNED,UNESCO World Heritage Centre,,,AI_CURATED_NEEDS_VERIFICATION,2026-09-11,DRAFT_FOR_REVIEW
IN-00035,Kalu Waterfall,Maharashtra,,,WATERFALL,MAHARASHTRA_PRIORITY,,Nature-focused Maharashtra destination; famous for its waterfall landscape or outdoor experience.,,,,,RENOWNED,Maharashtra Tourism / Wikipedia / Wikimedia Commons search,,,AI_CURATED_NEEDS_VERIFICATION,2026-09-11,DRAFT_FOR_REVIEW
IN-00036,Vajrai Waterfall,Maharashtra,,,WATERFALL,MAHARASHTRA_PRIORITY,,Nature-focused Maharashtra destination; famous for its waterfall landscape or outdoor experience.,,,,,RENOWNED,Maharashtra Tourism / Wikipedia / Wikimedia Commons search,,,AI_CURATED_NEEDS_VERIFICATION,2026-09-11,DRAFT_FOR_REVIEW
IN-00037,Thoseghar Waterfalls,Maharashtra,,,WATERFALL,MAHARASHTRA_PRIORITY,,Nature-focused Maharashtra destination; famous for its waterfall landscape or outdoor experience.,,,,,RENOWNED,Maharashtra Tourism / Wikipedia / Wikimedia Commons search,,,AI_CURATED_NEEDS_VERIFICATION,2026-09-11,DRAFT_FOR_REVIEW
IN-00038,Devkund Waterfall,Maharashtra,,,WATERFALL,MAHARASHTRA_PRIORITY,,Nature-focused Maharashtra destination; famous for its waterfall landscape or outdoor experience.,,,,,RENOWNED,Maharashtra Tourism / Wikipedia / Wikimedia Commons search,,,AI_CURATED_NEEDS_VERIFICATION,2026-09-11,DRAFT_FOR_REVIEW
IN-00039,Randha Falls,Maharashtra,,,WATERFALL,MAHARASHTRA_PRIORITY,,Nature-focused Maharashtra destination; famous for its waterfall landscape or outdoor experience.,,,,,RENOWNED,Maharashtra Tourism / Wikipedia / Wikimedia Commons search,,,AI_CURATED_NEEDS_VERIFICATION,2026-09-11,DRAFT_FOR_REVIEW
IN-00040,Bhivpuri Waterfall,Maharashtra,,,WATERFALL,MAHARASHTRA_PRIORITY,,Nature-focused Maharashtra destination; famous for its waterfall landscape or outdoor experience.,,,,,RENOWNED,Maharashtra Tourism / Wikipedia / Wikimedia Commons search,,,AI_CURATED_NEEDS_VERIFICATION,2026-09-11,DRAFT_FOR_REVIEW
IN-00041,Tamhini Waterfalls,Maharashtra,,,WATERFALL,MAHARASHTRA_PRIORITY,,Nature-focused Maharashtra destination; famous for its waterfall landscape or outdoor experience.,,,,,RENOWNED,Maharashtra Tourism / Wikipedia / Wikimedia Commons search,,,AI_CURATED_NEEDS_VERIFICATION,2026-09-11,DRAFT_FOR_REVIEW
IN-00042,Lingmala Waterfall,Maharashtra,,,WATERFALL,MAHARASHTRA_PRIORITY,,Nature-focused Maharashtra destination; famous for its waterfall landscape or outdoor experience.,,,,,RENOWNED,Maharashtra Tourism / Wikipedia / Wikimedia Commons search,,,AI_CURATED_NEEDS_VERIFICATION,2026-09-11,DRAFT_FOR_REVIEW
IN-00043,Dugarwadi Waterfall,Maharashtra,,,WATERFALL,MAHARASHTRA_PRIORITY,,Nature-focused Maharashtra destination; famous for its waterfall landscape or outdoor experience.,,,,,RENOWNED,Maharashtra Tourism / Wikipedia / Wikimedia Commons search,,,AI_CURATED_NEEDS_VERIFICATION,2026-09-11,DRAFT_FOR_REVIEW
IN-00044,Umbrella Waterfall,Maharashtra,,,WATERFALL,MAHARASHTRA_PRIORITY,,Nature-focused Maharashtra destination; famous for its waterfall landscape or outdoor experience.,,,,,RENOWNED,Maharashtra Tourism / Wikipedia / Wikimedia Commons search,,,AI_CURATED_NEEDS_VERIFICATION,2026-09-11,DRAFT_FOR_REVIEW
IN-00045,Nanemachi Waterfall,Maharashtra,,,WATERFALL,MAHARASHTRA_PRIORITY,,Nature-focused Maharashtra destination; famous for its waterfall landscape or outdoor experience.,,,,,RENOWNED,Maharashtra Tourism / Wikipedia / Wikimedia Commons search,,,AI_CURATED_NEEDS_VERIFICATION,2026-09-11,DRAFT_FOR_REVIEW
IN-00046,Kumbhe Waterfall,Maharashtra,,,WATERFALL,MAHARASHTRA_PRIORITY,,Nature-focused Maharashtra destination; famous for its waterfall landscape or outdoor experience.,,,,,RENOWNED,Maharashtra Tourism / Wikipedia / Wikimedia Commons search,,,AI_CURATED_NEEDS_VERIFICATION,2026-09-11,DRAFT_FOR_REVIEW
IN-00047,Kataldhar Waterfall,Maharashtra,,,WATERFALL,MAHARASHTRA_PRIORITY,,Nature-focused Maharashtra destination; famous for its waterfall landscape or outdoor experience.,,,,,RENOWNED,Maharashtra Tourism / Wikipedia / Wikimedia Commons search,,,AI_CURATED_NEEDS_VERIFICATION,2026-09-11,DRAFT_FOR_REVIEW
IN-00048,Kondhavale Waterfall,Maharashtra,,,WATERFALL,MAHARASHTRA_PRIORITY,,Nature-focused Maharashtra destination; famous for its waterfall landscape or outdoor experience.,,,,,RENOWNED,Maharashtra Tourism / Wikipedia / Wikimedia Commons search,,,AI_CURATED_NEEDS_VERIFICATION,2026-09-11,DRAFT_FOR_REVIEW
IN-00049,Zenith Waterfall,Maharashtra,,,WATERFALL,MAHARASHTRA_PRIORITY,,Nature-focused Maharashtra destination; famous for its waterfall landscape or outdoor experience.,,,,,NOTABLE,Maharashtra Tourism / Wikipedia / Wikimedia Commons search,,,AI_CURATED_NEEDS_VERIFICATION,2026-09-11,DRAFT_FOR_REVIEW
IN-00050,Bhagirath Waterfall,Maharashtra,,,WATERFALL,MAHARASHTRA_PRIORITY,,Nature-focused Maharashtra destination; famous for its waterfall landscape or outdoor experience.,,,,,NOTABLE,Maharashtra Tourism / Wikipedia / Wikimedia Commons search,,,AI_CURATED_NEEDS_VERIFICATION,2026-09-11,DRAFT_FOR_REVIEW
IN-00051,Kune Falls,Maharashtra,,,WATERFALL,MAHARASHTRA_PRIORITY,,Nature-focused Maharashtra destination; famous for its waterfall landscape or outdoor experience.,,,,,NOTABLE,Maharashtra Tourism / Wikipedia / Wikimedia Commons search,,,AI_CURATED_NEEDS_VERIFICATION,2026-09-11,DRAFT_FOR_REVIEW
IN-00052,Kansai Waterfall,Maharashtra,,,WATERFALL,MAHARASHTRA_PRIORITY,,Nature-focused Maharashtra destination; famous for its waterfall landscape or outdoor experience.,,,,,NOTABLE,Maharashtra Tourism / Wikipedia / Wikimedia Commons search,,,AI_CURATED_NEEDS_VERIFICATION,2026-09-11,DRAFT_FOR_REVIEW
IN-00053,Dabhosa Waterfall,Maharashtra,,,WATERFALL,MAHARASHTRA_PRIORITY,,Nature-focused Maharashtra destination; famous for its waterfall landscape or outdoor experience.,,,,,NOTABLE,Maharashtra Tourism / Wikipedia / Wikimedia Commons search,,,AI_CURATED_NEEDS_VERIFICATION,2026-09-11,DRAFT_FOR_REVIEW
IN-00054,Chinchoti Waterfalls,Maharashtra,,,WATERFALL,MAHARASHTRA_PRIORITY,,Nature-focused Maharashtra destination; famous for its waterfall landscape or outdoor experience.,,,,,NOTABLE,Maharashtra Tourism / Wikipedia / Wikimedia Commons search,,,AI_CURATED_NEEDS_VERIFICATION,2026-09-11,DRAFT_FOR_REVIEW
IN-00055,Kondana Waterfall,Maharashtra,,,WATERFALL,MAHARASHTRA_PRIORITY,,Nature-focused Maharashtra destination; famous for its waterfall landscape or outdoor experience.,,,,,NOTABLE,Maharashtra Tourism / Wikipedia / Wikimedia Commons search,,,AI_CURATED_NEEDS_VERIFICATION,2026-09-11,DRAFT_FOR_REVIEW
IN-00056,Amboli Ghat Waterfalls,Maharashtra,,,WATERFALL,MAHARASHTRA_PRIORITY,,Nature-focused Maharashtra destination; famous for its waterfall landscape or outdoor experience.,,,,,NOTABLE,Maharashtra Tourism / Wikipedia / Wikimedia Commons search,,,AI_CURATED_NEEDS_VERIFICATION,2026-09-11,DRAFT_FOR_REVIEW
IN-00057,Savdav Waterfall,Maharashtra,,,WATERFALL,MAHARASHTRA_PRIORITY,,Nature-focused Maharashtra destination; famous for its waterfall landscape or outdoor experience.,,,,,NOTABLE,Maharashtra Tourism / Wikipedia / Wikimedia Commons search,,,AI_CURATED_NEEDS_VERIFICATION,2026-09-11,DRAFT_FOR_REVIEW
IN-00058,Marleshwar Waterfall,Maharashtra,,,WATERFALL,MAHARASHTRA_PRIORITY,,Nature-focused Maharashtra destination; famous for its waterfall landscape or outdoor experience.,,,,,NOTABLE,Maharashtra Tourism / Wikipedia / Wikimedia Commons search,,,AI_CURATED_NEEDS_VERIFICATION,2026-09-11,DRAFT_FOR_REVIEW
IN-00059,Panhala Waterfall,Maharashtra,,,WATERFALL,MAHARASHTRA_PRIORITY,,Nature-focused Maharashtra destination; famous for its waterfall landscape or outdoor experience.,,,,,NOTABLE,Maharashtra Tourism / Wikipedia / Wikimedia Commons search,,,AI_CURATED_NEEDS_VERIFICATION,2026-09-11,DRAFT_FOR_REVIEW
IN-00060,Amba Ghat Waterfalls,Maharashtra,,,WATERFALL,MAHARASHTRA_PRIORITY,,Nature-focused Maharashtra destination; famous for its waterfall landscape or outdoor experience.,,,,,NOTABLE,Maharashtra Tourism / Wikipedia / Wikimedia Commons search,,,AI_CURATED_NEEDS_VERIFICATION,2026-09-11,DRAFT_FOR_REVIEW
IN-00061,Gaganbawda Waterfalls,Maharashtra,,,WATERFALL,MAHARASHTRA_PRIORITY,,Nature-focused Maharashtra destination; famous for its waterfall landscape or outdoor experience.,,,,,NOTABLE,Maharashtra Tourism / Wikipedia / Wikimedia Commons search,,,AI_CURATED_NEEDS_VERIFICATION,2026-09-11,DRAFT_FOR_REVIEW
IN-00062,Gorakhgad Waterfall,Maharashtra,,,WATERFALL,MAHARASHTRA_PRIORITY,,Nature-focused Maharashtra destination; famous for its waterfall landscape or outdoor experience.,,,,,NOTABLE,Maharashtra Tourism / Wikipedia / Wikimedia Commons search,,,AI_CURATED_NEEDS_VERIFICATION,2026-09-11,DRAFT_FOR_REVIEW
IN-00063,Kataldhar,Maharashtra,,,WATERFALL,MAHARASHTRA_PRIORITY,,Nature-focused Maharashtra destination; famous for its waterfall landscape or outdoor experience.,,,,,NOTABLE,Maharashtra Tourism / Wikipedia / Wikimedia Commons search,,,AI_CURATED_NEEDS_VERIFICATION,2026-09-11,DRAFT_FOR_REVIEW
IN-00064,Bhambavli Vajrai,Maharashtra,,,WATERFALL,MAHARASHTRA_PRIORITY,,Nature-focused Maharashtra destination; famous for its waterfall landscape or outdoor experience.,,,,,NOTABLE,Maharashtra Tourism / Wikipedia / Wikimedia Commons search,,,AI_CURATED_NEEDS_VERIFICATION,2026-09-11,DRAFT_FOR_REVIEW
IN-00065,Bhambavli Waterfall,Maharashtra,,,WATERFALL,MAHARASHTRA_PRIORITY,,Nature-focused Maharashtra destination; famous for its waterfall landscape or outdoor experience.,,,,,NOTABLE,Maharashtra Tourism / Wikipedia / Wikimedia Commons search,,,AI_CURATED_NEEDS_VERIFICATION,2026-09-11,DRAFT_FOR_REVIEW
IN-00066,Thoseghar Lower Falls,Maharashtra,,,WATERFALL,MAHARASHTRA_PRIORITY,,Nature-focused Maharashtra destination; famous for its waterfall landscape or outdoor experience.,,,,,NOTABLE,Maharashtra Tourism / Wikipedia / Wikimedia Commons search,,,AI_CURATED_NEEDS_VERIFICATION,2026-09-11,DRAFT_FOR_REVIEW
IN-00067,Thoseghar Upper Falls,Maharashtra,,,WATERFALL,MAHARASHTRA_PRIORITY,,Nature-focused Maharashtra destination; famous for its waterfall landscape or outdoor experience.,,,,,NOTABLE,Maharashtra Tourism / Wikipedia / Wikimedia Commons search,,,AI_CURATED_NEEDS_VERIFICATION,2026-09-11,DRAFT_FOR_REVIEW
IN-00068,Lingmala Main Falls,Maharashtra,,,WATERFALL,MAHARASHTRA_PRIORITY,,Nature-focused Maharashtra destination; famous for its waterfall landscape or outdoor experience.,,,,,NOTABLE,Maharashtra Tourism / Wikipedia / Wikimedia Commons search,,,AI_CURATED_NEEDS_VERIFICATION,2026-09-11,DRAFT_FOR_REVIEW
IN-00069,Lingmala Mini Falls,Maharashtra,,,WATERFALL,MAHARASHTRA_PRIORITY,,Nature-focused Maharashtra destination; famous for its waterfall landscape or outdoor experience.,,,,,NOTABLE,Maharashtra Tourism / Wikipedia / Wikimedia Commons search,,,AI_CURATED_NEEDS_VERIFICATION,2026-09-11,DRAFT_FOR_REVIEW
IN-00070,Dhavaleshwar Waterfall,Maharashtra,,,WATERFALL,MAHARASHTRA_PRIORITY,,Nature-focused Maharashtra destination; famous for its waterfall landscape or outdoor experience.,,,,,NOTABLE,Maharashtra Tourism / Wikipedia / Wikimedia Commons search,,,AI_CURATED_NEEDS_VERIFICATION,2026-09-11,DRAFT_FOR_REVIEW
IN-00071,Pandavleni Waterfall,Maharashtra,,,WATERFALL,MAHARASHTRA_PRIORITY,,Nature-focused Maharashtra destination; famous for its waterfall landscape or outdoor experience.,,,,,NOTABLE,Maharashtra Tourism / Wikipedia / Wikimedia Commons search,,,AI_CURATED_NEEDS_VERIFICATION,2026-09-11,DRAFT_FOR_REVIEW
IN-00072,Daregaon Waterfall,Maharashtra,,,WATERFALL,MAHARASHTRA_PRIORITY,,Nature-focused Maharashtra destination; famous for its waterfall landscape or outdoor experience.,,,,,NOTABLE,Maharashtra Tourism / Wikipedia / Wikimedia Commons search,,,AI_CURATED_NEEDS_VERIFICATION,2026-09-11,DRAFT_FOR_REVIEW
IN-00073,Khadakwasla Monsoon Falls,Maharashtra,,,WATERFALL,MAHARASHTRA_PRIORITY,,Nature-focused Maharashtra destination; famous for its waterfall landscape or outdoor experience.,,,,,NOTABLE,Maharashtra Tourism / Wikipedia / Wikimedia Commons search,,,AI_CURATED_NEEDS_VERIFICATION,2026-09-11,DRAFT_FOR_REVIEW
IN-00074,Kundalika Waterfalls,Maharashtra,,,WATERFALL,MAHARASHTRA_PRIORITY,,Nature-focused Maharashtra destination; famous for its waterfall landscape or outdoor experience.,,,,,NOTABLE,Maharashtra Tourism / Wikipedia / Wikimedia Commons search,,,AI_CURATED_NEEDS_VERIFICATION,2026-09-11,DRAFT_FOR_REVIEW
IN-00075,Kundmala Waterfall,Maharashtra,,,WATERFALL,MAHARASHTRA_PRIORITY,,Nature-focused Maharashtra destination; famous for its waterfall landscape or outdoor experience.,,,,,NOTABLE,Maharashtra Tourism / Wikipedia / Wikimedia Commons search,,,AI_CURATED_NEEDS_VERIFICATION,2026-09-11,DRAFT_FOR_REVIEW
IN-00076,Aare-Ware Waterfall,Maharashtra,,,WATERFALL,MAHARASHTRA_PRIORITY,,Nature-focused Maharashtra destination; famous for its waterfall landscape or outdoor experience.,,,,,NOTABLE,Maharashtra Tourism / Wikipedia / Wikimedia Commons search,,,AI_CURATED_NEEDS_VERIFICATION,2026-09-11,DRAFT_FOR_REVIEW
IN-00077,Toranmal Waterfalls,Maharashtra,,,WATERFALL,MAHARASHTRA_PRIORITY,,Nature-focused Maharashtra destination; famous for its waterfall landscape or outdoor experience.,,,,,NOTABLE,Maharashtra Tourism / Wikipedia / Wikimedia Commons search,,,AI_CURATED_NEEDS_VERIFICATION,2026-09-11,DRAFT_FOR_REVIEW
IN-00078,Gautam Rishi Waterfall,Maharashtra,,,WATERFALL,MAHARASHTRA_PRIORITY,,Nature-focused Maharashtra destination; famous for its waterfall landscape or outdoor experience.,,,,,NOTABLE,Maharashtra Tourism / Wikipedia / Wikimedia Commons search,,,AI_CURATED_NEEDS_VERIFICATION,2026-09-11,DRAFT_FOR_REVIEW
IN-00079,Kokankada Monsoon Falls,Maharashtra,,,WATERFALL,MAHARASHTRA_PRIORITY,,Nature-focused Maharashtra destination; famous for its waterfall landscape or outdoor experience.,,,,,NOTABLE,Maharashtra Tourism / Wikipedia / Wikimedia Commons search,,,AI_CURATED_NEEDS_VERIFICATION,2026-09-11,DRAFT_FOR_REVIEW
IN-00080,Kondeshwar Waterfall,Maharashtra,,,WATERFALL,MAHARASHTRA_PRIORITY,,Nature-focused Maharashtra destination; famous for its waterfall landscape or outdoor experience.,,,,,NOTABLE,Maharashtra Tourism / Wikipedia / Wikimedia Commons search,,,AI_CURATED_NEEDS_VERIFICATION,2026-09-11,DRAFT_FOR_REVIEW
IN-00081,Nighoj seasonal falls,Maharashtra,,,WATERFALL,MAHARASHTRA_PRIORITY,,Nature-focused Maharashtra destination; famous for its waterfall landscape or outdoor experience.,,,,,NOTABLE,Maharashtra Tourism / Wikipedia / Wikimedia Commons search,,,AI_CURATED_NEEDS_VERIFICATION,2026-09-11,DRAFT_FOR_REVIEW
IN-00082,Kundalika Valley Falls,Maharashtra,,,WATERFALL,MAHARASHTRA_PRIORITY,,Nature-focused Maharashtra destination; famous for its waterfall landscape or outdoor experience.,,,,,NOTABLE,Maharashtra Tourism / Wikipedia / Wikimedia Commons search,,,AI_CURATED_NEEDS_VERIFICATION,2026-09-11,DRAFT_FOR_REVIEW
IN-00083,Kalu Valley Falls,Maharashtra,,,WATERFALL,MAHARASHTRA_PRIORITY,,Nature-focused Maharashtra destination; famous for its waterfall landscape or outdoor experience.,,,,,NOTABLE,Maharashtra Tourism / Wikipedia / Wikimedia Commons search,,,AI_CURATED_NEEDS_VERIFICATION,2026-09-11,DRAFT_FOR_REVIEW
IN-00084,Tarkarli Beach,Maharashtra,,,BEACH,MAHARASHTRA_PRIORITY,,Nature-focused Maharashtra destination; famous for its beach landscape or outdoor experience.,,,,,RENOWNED,Maharashtra Tourism / Wikipedia / Wikimedia Commons search,,,AI_CURATED_NEEDS_VERIFICATION,2026-09-11,DRAFT_FOR_REVIEW
IN-00085,Devbag Beach,Maharashtra,,,BEACH,MAHARASHTRA_PRIORITY,,Nature-focused Maharashtra destination; famous for its beach landscape or outdoor experience.,,,,,RENOWNED,Maharashtra Tourism / Wikipedia / Wikimedia Commons search,,,AI_CURATED_NEEDS_VERIFICATION,2026-09-11,DRAFT_FOR_REVIEW
IN-00086,Malvan Beach,Maharashtra,,,BEACH,MAHARASHTRA_PRIORITY,,Nature-focused Maharashtra destination; famous for its beach landscape or outdoor experience.,,,,,RENOWNED,Maharashtra Tourism / Wikipedia / Wikimedia Commons search,,,AI_CURATED_NEEDS_VERIFICATION,2026-09-11,DRAFT_FOR_REVIEW
IN-00087,Ganpatipule Beach,Maharashtra,,,BEACH,MAHARASHTRA_PRIORITY,,Nature-focused Maharashtra destination; famous for its beach landscape or outdoor experience.,,,,,RENOWNED,Maharashtra Tourism / Wikipedia / Wikimedia Commons search,,,AI_CURATED_NEEDS_VERIFICATION,2026-09-11,DRAFT_FOR_REVIEW
IN-00088,Diveagar Beach,Maharashtra,,,BEACH,MAHARASHTRA_PRIORITY,,Nature-focused Maharashtra destination; famous for its beach landscape or outdoor experience.,,,,,RENOWNED,Maharashtra Tourism / Wikipedia / Wikimedia Commons search,,,AI_CURATED_NEEDS_VERIFICATION,2026-09-11,DRAFT_FOR_REVIEW
IN-00089,Harihareshwar Beach,Maharashtra,,,BEACH,MAHARASHTRA_PRIORITY,,Nature-focused Maharashtra destination; famous for its beach landscape or outdoor experience.,,,,,RENOWNED,Maharashtra Tourism / Wikipedia / Wikimedia Commons search,,,AI_CURATED_NEEDS_VERIFICATION,2026-09-11,DRAFT_FOR_REVIEW
IN-00090,Kashid Beach,Maharashtra,,,BEACH,MAHARASHTRA_PRIORITY,,Nature-focused Maharashtra destination; famous for its beach landscape or outdoor experience.,,,,,RENOWNED,Maharashtra Tourism / Wikipedia / Wikimedia Commons search,,,AI_CURATED_NEEDS_VERIFICATION,2026-09-11,DRAFT_FOR_REVIEW
IN-00091,Alibaug Beach,Maharashtra,,,BEACH,MAHARASHTRA_PRIORITY,,Nature-focused Maharashtra destination; famous for its beach landscape or outdoor experience.,,,,,RENOWNED,Maharashtra Tourism / Wikipedia / Wikimedia Commons search,,,AI_CURATED_NEEDS_VERIFICATION,2026-09-11,DRAFT_FOR_REVIEW
IN-00092,Nagaon Beach,Maharashtra,,,BEACH,MAHARASHTRA_PRIORITY,,Nature-focused Maharashtra destination; famous for its beach landscape or outdoor experience.,,,,,RENOWNED,Maharashtra Tourism / Wikipedia / Wikimedia Commons search,,,AI_CURATED_NEEDS_VERIFICATION,2026-09-11,DRAFT_FOR_REVIEW
IN-00093,Murud Beach,Maharashtra,,,BEACH,MAHARASHTRA_PRIORITY,,Nature-focused Maharashtra destination; famous for its beach landscape or outdoor experience.,,,,,RENOWNED,Maharashtra Tourism / Wikipedia / Wikimedia Commons search,,,AI_CURATED_NEEDS_VERIFICATION,2026-09-11,DRAFT_FOR_REVIEW
IN-00094,Revdanda Beach,Maharashtra,,,BEACH,MAHARASHTRA_PRIORITY,,Nature-focused Maharashtra destination; famous for its beach landscape or outdoor experience.,,,,,RENOWNED,Maharashtra Tourism / Wikipedia / Wikimedia Commons search,,,AI_CURATED_NEEDS_VERIFICATION,2026-09-11,DRAFT_FOR_REVIEW
IN-00095,Kihim Beach,Maharashtra,,,BEACH,MAHARASHTRA_PRIORITY,,Nature-focused Maharashtra destination; famous for its beach landscape or outdoor experience.,,,,,RENOWNED,Maharashtra Tourism / Wikipedia / Wikimedia Commons search,,,AI_CURATED_NEEDS_VERIFICATION,2026-09-11,DRAFT_FOR_REVIEW
IN-00096,Awas Beach,Maharashtra,,,BEACH,MAHARASHTRA_PRIORITY,,Nature-focused Maharashtra destination; famous for its beach landscape or outdoor experience.,,,,,RENOWNED,Maharashtra Tourism / Wikipedia / Wikimedia Commons search,,,AI_CURATED_NEEDS_VERIFICATION,2026-09-11,DRAFT_FOR_REVIEW
IN-00097,Korlai Beach,Maharashtra,,,BEACH,MAHARASHTRA_PRIORITY,,Nature-focused Maharashtra destination; famous for its beach landscape or outdoor experience.,,,,,RENOWNED,Maharashtra Tourism / Wikipedia / Wikimedia Commons search,,,AI_CURATED_NEEDS_VERIFICATION,2026-09-11,DRAFT_FOR_REVIEW
IN-00098,Shrivardhan Beach,Maharashtra,,,BEACH,MAHARASHTRA_PRIORITY,,Nature-focused Maharashtra destination; famous for its beach landscape or outdoor experience.,,,,,NOTABLE,Maharashtra Tourism / Wikipedia / Wikimedia Commons search,,,AI_CURATED_NEEDS_VERIFICATION,2026-09-11,DRAFT_FOR_REVIEW
IN-00099,Velas Beach,Maharashtra,,,BEACH,MAHARASHTRA_PRIORITY,,Nature-focused Maharashtra destination; famous for its beach landscape or outdoor experience.,,,,,NOTABLE,Maharashtra Tourism / Wikipedia / Wikimedia Commons search,,,AI_CURATED_NEEDS_VERIFICATION,2026-09-11,DRAFT_FOR_REVIEW
IN-00100,Guhagar Beach,Maharashtra,,,BEACH,MAHARASHTRA_PRIORITY,,Nature-focused Maharashtra destination; famous for its beach landscape or outdoor experience.,,,,,NOTABLE,Maharashtra Tourism / Wikipedia / Wikimedia Commons search,,,AI_CURATED_NEEDS_VERIFICATION,2026-09-11,DRAFT_FOR_REVIEW
IN-00101,Bhatye Beach,Maharashtra,,,BEACH,MAHARASHTRA_PRIORITY,,Nature-focused Maharashtra destination; famous for its beach landscape or outdoor experience.,,,,,NOTABLE,Maharashtra Tourism / Wikipedia / Wikimedia Commons search,,,AI_CURATED_NEEDS_VERIFICATION,2026-09-11,DRAFT_FOR_REVIEW
IN-00102,Ganeshgule Beach,Maharashtra,,,BEACH,MAHARASHTRA_PRIORITY,,Nature-focused Maharashtra destination; famous for its beach landscape or outdoor experience.,,,,,NOTABLE,Maharashtra Tourism / Wikipedia / Wikimedia Commons search,,,AI_CURATED_NEEDS_VERIFICATION,2026-09-11,DRAFT_FOR_REVIEW
IN-00103,Aare-Ware Beach,Maharashtra,,,BEACH,MAHARASHTRA_PRIORITY,,Nature-focused Maharashtra destination; famous for its beach landscape or outdoor experience.,,,,,NOTABLE,Maharashtra Tourism / Wikipedia / Wikimedia Commons search,,,AI_CURATED_NEEDS_VERIFICATION,2026-09-11,DRAFT_FOR_REVIEW
IN-00104,Ratnagiri Beach,Maharashtra,,,BEACH,MAHARASHTRA_PRIORITY,,Nature-focused Maharashtra destination; famous for its beach landscape or outdoor experience.,,,,,NOTABLE,Maharashtra Tourism / Wikipedia / Wikimedia Commons search,,,AI_CURATED_NEEDS_VERIFICATION,2026-09-11,DRAFT_FOR_REVIEW
IN-00105,Dapoli Ladghar Beach,Maharashtra,,,BEACH,MAHARASHTRA_PRIORITY,,Nature-focused Maharashtra destination; famous for its beach landscape or outdoor experience.,,,,,NOTABLE,Maharashtra Tourism / Wikipedia / Wikimedia Commons search,,,AI_CURATED_NEEDS_VERIFICATION,2026-09-11,DRAFT_FOR_REVIEW
IN-00106,Karde Beach,Maharashtra,,,BEACH,MAHARASHTRA_PRIORITY,,Nature-focused Maharashtra destination; famous for its beach landscape or outdoor experience.,,,,,NOTABLE,Maharashtra Tourism / Wikipedia / Wikimedia Commons search,,,AI_CURATED_NEEDS_VERIFICATION,2026-09-11,DRAFT_FOR_REVIEW
IN-00107,Murud-Harnai Beach,Maharashtra,,,BEACH,MAHARASHTRA_PRIORITY,,Nature-focused Maharashtra destination; famous for its beach landscape or outdoor experience.,,,,,NOTABLE,Maharashtra Tourism / Wikipedia / Wikimedia Commons search,,,AI_CURATED_NEEDS_VERIFICATION,2026-09-11,DRAFT_FOR_REVIEW
IN-00108,Kelshi Beach,Maharashtra,,,BEACH,MAHARASHTRA_PRIORITY,,Nature-focused Maharashtra destination; famous for its beach landscape or outdoor experience.,,,,,NOTABLE,Maharashtra Tourism / Wikipedia / Wikimedia Commons search,,,AI_CURATED_NEEDS_VERIFICATION,2026-09-11,DRAFT_FOR_REVIEW
IN-00109,Anjarle Beach,Maharashtra,,,BEACH,MAHARASHTRA_PRIORITY,,Nature-focused Maharashtra destination; famous for its beach landscape or outdoor experience.,,,,,NOTABLE,Maharashtra Tourism / Wikipedia / Wikimedia Commons search,,,AI_CURATED_NEEDS_VERIFICATION,2026-09-11,DRAFT_FOR_REVIEW
IN-00110,Harne Beach,Maharashtra,,,BEACH,MAHARASHTRA_PRIORITY,,Nature-focused Maharashtra destination; famous for its beach landscape or outdoor experience.,,,,,NOTABLE,Maharashtra Tourism / Wikipedia / Wikimedia Commons search,,,AI_CURATED_NEEDS_VERIFICATION,2026-09-11,DRAFT_FOR_REVIEW
IN-00111,Vengurla Beach,Maharashtra,,,BEACH,MAHARASHTRA_PRIORITY,,Nature-focused Maharashtra destination; famous for its beach landscape or outdoor experience.,,,,,NOTABLE,Maharashtra Tourism / Wikipedia / Wikimedia Commons search,,,AI_CURATED_NEEDS_VERIFICATION,2026-09-11,DRAFT_FOR_REVIEW
IN-00112,Bhogwe Beach,Maharashtra,,,BEACH,MAHARASHTRA_PRIORITY,,Nature-focused Maharashtra destination; famous for its beach landscape or outdoor experience.,,,,,NOTABLE,Maharashtra Tourism / Wikipedia / Wikimedia Commons search,,,AI_CURATED_NEEDS_VERIFICATION,2026-09-11,DRAFT_FOR_REVIEW
IN-00113,Shiroda Beach,Maharashtra,,,BEACH,MAHARASHTRA_PRIORITY,,Nature-focused Maharashtra destination; famous for its beach landscape or outdoor experience.,,,,,NOTABLE,Maharashtra Tourism / Wikipedia / Wikimedia Commons search,,,AI_CURATED_NEEDS_VERIFICATION,2026-09-11,DRAFT_FOR_REVIEW
IN-00114,Redi Beach,Maharashtra,,,BEACH,MAHARASHTRA_PRIORITY,,Nature-focused Maharashtra destination; famous for its beach landscape or outdoor experience.,,,,,NOTABLE,Maharashtra Tourism / Wikipedia / Wikimedia Commons search,,,AI_CURATED_NEEDS_VERIFICATION,2026-09-11,DRAFT_FOR_REVIEW
IN-00115,Mochemad Beach,Maharashtra,,,BEACH,MAHARASHTRA_PRIORITY,,Nature-focused Maharashtra destination; famous for its beach landscape or outdoor experience.,,,,,NOTABLE,Maharashtra Tourism / Wikipedia / Wikimedia Commons search,,,AI_CURATED_NEEDS_VERIFICATION,2026-09-11,DRAFT_FOR_REVIEW
IN-00116,Tarkarli Devbag Sangam,Maharashtra,,,BEACH,MAHARASHTRA_PRIORITY,,Nature-focused Maharashtra destination; famous for its beach landscape or outdoor experience.,,,,,NOTABLE,Maharashtra Tourism / Wikipedia / Wikimedia Commons search,,,AI_CURATED_NEEDS_VERIFICATION,2026-09-11,DRAFT_FOR_REVIEW
IN-00117,Kunkeshwar Beach,Maharashtra,,,BEACH,MAHARASHTRA_PRIORITY,,Nature-focused Maharashtra destination; famous for its beach landscape or outdoor experience.,,,,,NOTABLE,Maharashtra Tourism / Wikipedia / Wikimedia Commons search,,,AI_CURATED_NEEDS_VERIFICATION,2026-09-11,DRAFT_FOR_REVIEW
IN-00118,Achara Beach,Maharashtra,,,BEACH,MAHARASHTRA_PRIORITY,,Nature-focused Maharashtra destination; famous for its beach landscape or outdoor experience.,,,,,NOTABLE,Maharashtra Tourism / Wikipedia / Wikimedia Commons search,,,AI_CURATED_NEEDS_VERIFICATION,2026-09-11,DRAFT_FOR_REVIEW
IN-00119,Bhogave Beach,Maharashtra,,,BEACH,MAHARASHTRA_PRIORITY,,Nature-focused Maharashtra destination; famous for its beach landscape or outdoor experience.,,,,,NOTABLE,Maharashtra Tourism / Wikipedia / Wikimedia Commons search,,,AI_CURATED_NEEDS_VERIFICATION,2026-09-11,DRAFT_FOR_REVIEW
IN-00120,Mithbav Beach,Maharashtra,,,BEACH,MAHARASHTRA_PRIORITY,,Nature-focused Maharashtra destination; famous for its beach landscape or outdoor experience.,,,,,NOTABLE,Maharashtra Tourism / Wikipedia / Wikimedia Commons search,,,AI_CURATED_NEEDS_VERIFICATION,2026-09-11,DRAFT_FOR_REVIEW
IN-00121,Nivati Beach,Maharashtra,,,BEACH,MAHARASHTRA_PRIORITY,,Nature-focused Maharashtra destination; famous for its beach landscape or outdoor experience.,,,,,NOTABLE,Maharashtra Tourism / Wikipedia / Wikimedia Commons search,,,AI_CURATED_NEEDS_VERIFICATION,2026-09-11,DRAFT_FOR_REVIEW
IN-00122,Tondavali Beach,Maharashtra,,,BEACH,MAHARASHTRA_PRIORITY,,Nature-focused Maharashtra destination; famous for its beach landscape or outdoor experience.,,,,,NOTABLE,Maharashtra Tourism / Wikipedia / Wikimedia Commons search,,,AI_CURATED_NEEDS_VERIFICATION,2026-09-11,DRAFT_FOR_REVIEW
IN-00123,Kunkeshwar Coast,Maharashtra,,,BEACH,MAHARASHTRA_PRIORITY,,Nature-focused Maharashtra destination; famous for its beach landscape or outdoor experience.,,,,,NOTABLE,Maharashtra Tourism / Wikipedia / Wikimedia Commons search,,,AI_CURATED_NEEDS_VERIFICATION,2026-09-11,DRAFT_FOR_REVIEW
IN-00124,Mahabaleshwar,Maharashtra,,,HILL_STATION,MAHARASHTRA_PRIORITY,,Nature-focused Maharashtra destination; famous for its hill_station landscape or outdoor experience.,,,,,RENOWNED,Maharashtra Tourism / Wikipedia / Wikimedia Commons search,,,AI_CURATED_NEEDS_VERIFICATION,2026-09-11,DRAFT_FOR_REVIEW
IN-00125,Panchgani,Maharashtra,,,HILL_STATION,MAHARASHTRA_PRIORITY,,Nature-focused Maharashtra destination; famous for its hill_station landscape or outdoor experience.,,,,,RENOWNED,Maharashtra Tourism / Wikipedia / Wikimedia Commons search,,,AI_CURATED_NEEDS_VERIFICATION,2026-09-11,DRAFT_FOR_REVIEW
IN-00126,Matheran,Maharashtra,,,HILL_STATION,MAHARASHTRA_PRIORITY,,Nature-focused Maharashtra destination; famous for its hill_station landscape or outdoor experience.,,,,,RENOWNED,Maharashtra Tourism / Wikipedia / Wikimedia Commons search,,,AI_CURATED_NEEDS_VERIFICATION,2026-09-11,DRAFT_FOR_REVIEW
IN-00127,Lonavala,Maharashtra,,,HILL_STATION,MAHARASHTRA_PRIORITY,,Nature-focused Maharashtra destination; famous for its hill_station landscape or outdoor experience.,,,,,RENOWNED,Maharashtra Tourism / Wikipedia / Wikimedia Commons search,,,AI_CURATED_NEEDS_VERIFICATION,2026-09-11,DRAFT_FOR_REVIEW
IN-00128,Khandala,Maharashtra,,,HILL_STATION,MAHARASHTRA_PRIORITY,,Nature-focused Maharashtra destination; famous for its hill_station landscape or outdoor experience.,,,,,RENOWNED,Maharashtra Tourism / Wikipedia / Wikimedia Commons search,,,AI_CURATED_NEEDS_VERIFICATION,2026-09-11,DRAFT_FOR_REVIEW
IN-00129,Bhandardara,Maharashtra,,,HILL_STATION,MAHARASHTRA_PRIORITY,,Nature-focused Maharashtra destination; famous for its hill_station landscape or outdoor experience.,,,,,RENOWNED,Maharashtra Tourism / Wikipedia / Wikimedia Commons search,,,AI_CURATED_NEEDS_VERIFICATION,2026-09-11,DRAFT_FOR_REVIEW
IN-00130,Igatpuri,Maharashtra,,,HILL_STATION,MAHARASHTRA_PRIORITY,,Nature-focused Maharashtra destination; famous for its hill_station landscape or outdoor experience.,,,,,RENOWNED,Maharashtra Tourism / Wikipedia / Wikimedia Commons search,,,AI_CURATED_NEEDS_VERIFICATION,2026-09-11,DRAFT_FOR_REVIEW
IN-00131,Amboli,Maharashtra,,,HILL_STATION,MAHARASHTRA_PRIORITY,,Nature-focused Maharashtra destination; famous for its hill_station landscape or outdoor experience.,,,,,RENOWNED,Maharashtra Tourism / Wikipedia / Wikimedia Commons search,,,AI_CURATED_NEEDS_VERIFICATION,2026-09-11,DRAFT_FOR_REVIEW
IN-00132,Toranmal,Maharashtra,,,HILL_STATION,MAHARASHTRA_PRIORITY,,Nature-focused Maharashtra destination; famous for its hill_station landscape or outdoor experience.,,,,,RENOWNED,Maharashtra Tourism / Wikipedia / Wikimedia Commons search,,,AI_CURATED_NEEDS_VERIFICATION,2026-09-11,DRAFT_FOR_REVIEW
IN-00133,Chikhaldara,Maharashtra,,,HILL_STATION,MAHARASHTRA_PRIORITY,,Nature-focused Maharashtra destination; famous for its hill_station landscape or outdoor experience.,,,,,RENOWNED,Maharashtra Tourism / Wikipedia / Wikimedia Commons search,,,AI_CURATED_NEEDS_VERIFICATION,2026-09-11,DRAFT_FOR_REVIEW
IN-00134,Jawhar,Maharashtra,,,HILL_STATION,MAHARASHTRA_PRIORITY,,Nature-focused Maharashtra destination; famous for its hill_station landscape or outdoor experience.,,,,,RENOWNED,Maharashtra Tourism / Wikipedia / Wikimedia Commons search,,,AI_CURATED_NEEDS_VERIFICATION,2026-09-11,DRAFT_FOR_REVIEW
IN-00135,Kaas Plateau,Maharashtra,,,HILL_STATION,MAHARASHTRA_PRIORITY,,Nature-focused Maharashtra destination; famous for its hill_station landscape or outdoor experience.,,,,,RENOWNED,Maharashtra Tourism / Wikipedia / Wikimedia Commons search,,,AI_CURATED_NEEDS_VERIFICATION,2026-09-11,DRAFT_FOR_REVIEW
IN-00136,Koynanagar,Maharashtra,,,HILL_STATION,MAHARASHTRA_PRIORITY,,Nature-focused Maharashtra destination; famous for its hill_station landscape or outdoor experience.,,,,,RENOWNED,Maharashtra Tourism / Wikipedia / Wikimedia Commons search,,,AI_CURATED_NEEDS_VERIFICATION,2026-09-11,DRAFT_FOR_REVIEW
IN-00137,Panhala,Maharashtra,,,HILL_STATION,MAHARASHTRA_PRIORITY,,Nature-focused Maharashtra destination; famous for its hill_station landscape or outdoor experience.,,,,,RENOWNED,Maharashtra Tourism / Wikipedia / Wikimedia Commons search,,,AI_CURATED_NEEDS_VERIFICATION,2026-09-11,DRAFT_FOR_REVIEW
IN-00138,Malshej Ghat,Maharashtra,,,HILL_STATION,MAHARASHTRA_PRIORITY,,Nature-focused Maharashtra destination; famous for its hill_station landscape or outdoor experience.,,,,,NOTABLE,Maharashtra Tourism / Wikipedia / Wikimedia Commons search,,,AI_CURATED_NEEDS_VERIFICATION,2026-09-11,DRAFT_FOR_REVIEW
IN-00139,Tamhini Ghat,Maharashtra,,,HILL_STATION,MAHARASHTRA_PRIORITY,,Nature-focused Maharashtra destination; famous for its hill_station landscape or outdoor experience.,,,,,NOTABLE,Maharashtra Tourism / Wikipedia / Wikimedia Commons search,,,AI_CURATED_NEEDS_VERIFICATION,2026-09-11,DRAFT_FOR_REVIEW
IN-00140,Bhimashankar,Maharashtra,,,HILL_STATION,MAHARASHTRA_PRIORITY,,Nature-focused Maharashtra destination; famous for its hill_station landscape or outdoor experience.,,,,,NOTABLE,Maharashtra Tourism / Wikipedia / Wikimedia Commons search,,,AI_CURATED_NEEDS_VERIFICATION,2026-09-11,DRAFT_FOR_REVIEW
IN-00141,Lonar,Maharashtra,,,HILL_STATION,MAHARASHTRA_PRIORITY,,Nature-focused Maharashtra destination; famous for its hill_station landscape or outdoor experience.,,,,,NOTABLE,Maharashtra Tourism / Wikipedia / Wikimedia Commons search,,,AI_CURATED_NEEDS_VERIFICATION,2026-09-11,DRAFT_FOR_REVIEW
IN-00142,Karnala,Maharashtra,,,HILL_STATION,MAHARASHTRA_PRIORITY,,Nature-focused Maharashtra destination; famous for its hill_station landscape or outdoor experience.,,,,,NOTABLE,Maharashtra Tourism / Wikipedia / Wikimedia Commons search,,,AI_CURATED_NEEDS_VERIFICATION,2026-09-11,DRAFT_FOR_REVIEW
IN-00143,Kalsubai,Maharashtra,,,HILL_STATION,MAHARASHTRA_PRIORITY,,Nature-focused Maharashtra destination; famous for its hill_station landscape or outdoor experience.,,,,,NOTABLE,Maharashtra Tourism / Wikipedia / Wikimedia Commons search,,,AI_CURATED_NEEDS_VERIFICATION,2026-09-11,DRAFT_FOR_REVIEW
IN-00144,Harishchandragad,Maharashtra,,,HILL_STATION,MAHARASHTRA_PRIORITY,,Nature-focused Maharashtra destination; famous for its hill_station landscape or outdoor experience.,,,,,NOTABLE,Maharashtra Tourism / Wikipedia / Wikimedia Commons search,,,AI_CURATED_NEEDS_VERIFICATION,2026-09-11,DRAFT_FOR_REVIEW
IN-00145,Rajmachi,Maharashtra,,,HILL_STATION,MAHARASHTRA_PRIORITY,,Nature-focused Maharashtra destination; famous for its hill_station landscape or outdoor experience.,,,,,NOTABLE,Maharashtra Tourism / Wikipedia / Wikimedia Commons search,,,AI_CURATED_NEEDS_VERIFICATION,2026-09-11,DRAFT_FOR_REVIEW
IN-00146,Ratangad,Maharashtra,,,HILL_STATION,MAHARASHTRA_PRIORITY,,Nature-focused Maharashtra destination; famous for its hill_station landscape or outdoor experience.,,,,,NOTABLE,Maharashtra Tourism / Wikipedia / Wikimedia Commons search,,,AI_CURATED_NEEDS_VERIFICATION,2026-09-11,DRAFT_FOR_REVIEW
IN-00147,Sandhan Valley,Maharashtra,,,HILL_STATION,MAHARASHTRA_PRIORITY,,Nature-focused Maharashtra destination; famous for its hill_station landscape or outdoor experience.,,,,,NOTABLE,Maharashtra Tourism / Wikipedia / Wikimedia Commons search,,,AI_CURATED_NEEDS_VERIFICATION,2026-09-11,DRAFT_FOR_REVIEW
IN-00148,Prabalgad,Maharashtra,,,HILL_STATION,MAHARASHTRA_PRIORITY,,Nature-focused Maharashtra destination; famous for its hill_station landscape or outdoor experience.,,,,,NOTABLE,Maharashtra Tourism / Wikipedia / Wikimedia Commons search,,,AI_CURATED_NEEDS_VERIFICATION,2026-09-11,DRAFT_FOR_REVIEW
IN-00149,Kalavantin Durg,Maharashtra,,,HILL_STATION,MAHARASHTRA_PRIORITY,,Nature-focused Maharashtra destination; famous for its hill_station landscape or outdoor experience.,,,,,NOTABLE,Maharashtra Tourism / Wikipedia / Wikimedia Commons search,,,AI_CURATED_NEEDS_VERIFICATION,2026-09-11,DRAFT_FOR_REVIEW
IN-00150,Rajgad,Maharashtra,,,HILL_STATION,MAHARASHTRA_PRIORITY,,Nature-focused Maharashtra destination; famous for its hill_station landscape or outdoor experience.,,,,,NOTABLE,Maharashtra Tourism / Wikipedia / Wikimedia Commons search,,,AI_CURATED_NEEDS_VERIFICATION,2026-09-11,DRAFT_FOR_REVIEW
IN-00151,Torna,Maharashtra,,,HILL_STATION,MAHARASHTRA_PRIORITY,,Nature-focused Maharashtra destination; famous for its hill_station landscape or outdoor experience.,,,,,NOTABLE,Maharashtra Tourism / Wikipedia / Wikimedia Commons search,,,AI_CURATED_NEEDS_VERIFICATION,2026-09-11,DRAFT_FOR_REVIEW
IN-00152,Sinhagad,Maharashtra,,,HILL_STATION,MAHARASHTRA_PRIORITY,,Nature-focused Maharashtra destination; famous for its hill_station landscape or outdoor experience.,,,,,NOTABLE,Maharashtra Tourism / Wikipedia / Wikimedia Commons search,,,AI_CURATED_NEEDS_VERIFICATION,2026-09-11,DRAFT_FOR_REVIEW
IN-00153,Purandar,Maharashtra,,,HILL_STATION,MAHARASHTRA_PRIORITY,,Nature-focused Maharashtra destination; famous for its hill_station landscape or outdoor experience.,,,,,NOTABLE,Maharashtra Tourism / Wikipedia / Wikimedia Commons search,,,AI_CURATED_NEEDS_VERIFICATION,2026-09-11,DRAFT_FOR_REVIEW
IN-00154,Lohagad,Maharashtra,,,HILL_STATION,MAHARASHTRA_PRIORITY,,Nature-focused Maharashtra destination; famous for its hill_station landscape or outdoor experience.,,,,,NOTABLE,Maharashtra Tourism / Wikipedia / Wikimedia Commons search,,,AI_CURATED_NEEDS_VERIFICATION,2026-09-11,DRAFT_FOR_REVIEW
IN-00155,Visapur,Maharashtra,,,HILL_STATION,MAHARASHTRA_PRIORITY,,Nature-focused Maharashtra destination; famous for its hill_station landscape or outdoor experience.,,,,,NOTABLE,Maharashtra Tourism / Wikipedia / Wikimedia Commons search,,,AI_CURATED_NEEDS_VERIFICATION,2026-09-11,DRAFT_FOR_REVIEW
IN-00156,Tikona,Maharashtra,,,HILL_STATION,MAHARASHTRA_PRIORITY,,Nature-focused Maharashtra destination; famous for its hill_station landscape or outdoor experience.,,,,,NOTABLE,Maharashtra Tourism / Wikipedia / Wikimedia Commons search,,,AI_CURATED_NEEDS_VERIFICATION,2026-09-11,DRAFT_FOR_REVIEW
IN-00157,Tung,Maharashtra,,,HILL_STATION,MAHARASHTRA_PRIORITY,,Nature-focused Maharashtra destination; famous for its hill_station landscape or outdoor experience.,,,,,NOTABLE,Maharashtra Tourism / Wikipedia / Wikimedia Commons search,,,AI_CURATED_NEEDS_VERIFICATION,2026-09-11,DRAFT_FOR_REVIEW
IN-00158,Korigad,Maharashtra,,,HILL_STATION,MAHARASHTRA_PRIORITY,,Nature-focused Maharashtra destination; famous for its hill_station landscape or outdoor experience.,,,,,NOTABLE,Maharashtra Tourism / Wikipedia / Wikimedia Commons search,,,AI_CURATED_NEEDS_VERIFICATION,2026-09-11,DRAFT_FOR_REVIEW
IN-00159,Duke’s Nose,Maharashtra,,,HILL_STATION,MAHARASHTRA_PRIORITY,,Nature-focused Maharashtra destination; famous for its hill_station landscape or outdoor experience.,,,,,NOTABLE,Maharashtra Tourism / Wikipedia / Wikimedia Commons search,,,AI_CURATED_NEEDS_VERIFICATION,2026-09-11,DRAFT_FOR_REVIEW
IN-00160,Kondana,Maharashtra,,,HILL_STATION,MAHARASHTRA_PRIORITY,,Nature-focused Maharashtra destination; famous for its hill_station landscape or outdoor experience.,,,,,NOTABLE,Maharashtra Tourism / Wikipedia / Wikimedia Commons search,,,AI_CURATED_NEEDS_VERIFICATION,2026-09-11,DRAFT_FOR_REVIEW
IN-00161,Harishchandragad Kokankada,Maharashtra,,,HILL_STATION,MAHARASHTRA_PRIORITY,,Nature-focused Maharashtra destination; famous for its hill_station landscape or outdoor experience.,,,,,NOTABLE,Maharashtra Tourism / Wikipedia / Wikimedia Commons search,,,AI_CURATED_NEEDS_VERIFICATION,2026-09-11,DRAFT_FOR_REVIEW
IN-00162,Naneghat,Maharashtra,,,HILL_STATION,MAHARASHTRA_PRIORITY,,Nature-focused Maharashtra destination; famous for its hill_station landscape or outdoor experience.,,,,,NOTABLE,Maharashtra Tourism / Wikipedia / Wikimedia Commons search,,,AI_CURATED_NEEDS_VERIFICATION,2026-09-11,DRAFT_FOR_REVIEW
IN-00163,Darya Ghat,Maharashtra,,,HILL_STATION,MAHARASHTRA_PRIORITY,,Nature-focused Maharashtra destination; famous for its hill_station landscape or outdoor experience.,,,,,NOTABLE,Maharashtra Tourism / Wikipedia / Wikimedia Commons search,,,AI_CURATED_NEEDS_VERIFICATION,2026-09-11,DRAFT_FOR_REVIEW
IN-00164,Kundalika Valley,Maharashtra,,,HILL_STATION,MAHARASHTRA_PRIORITY,,Nature-focused Maharashtra destination; famous for its hill_station landscape or outdoor experience.,,,,,NOTABLE,Maharashtra Tourism / Wikipedia / Wikimedia Commons search,,,AI_CURATED_NEEDS_VERIFICATION,2026-09-11,DRAFT_FOR_REVIEW
IN-00165,Amba Ghat,Maharashtra,,,HILL_STATION,MAHARASHTRA_PRIORITY,,Nature-focused Maharashtra destination; famous for its hill_station landscape or outdoor experience.,,,,,NOTABLE,Maharashtra Tourism / Wikipedia / Wikimedia Commons search,,,AI_CURATED_NEEDS_VERIFICATION,2026-09-11,DRAFT_FOR_REVIEW
IN-00166,Amboli Ghat,Maharashtra,,,HILL_STATION,MAHARASHTRA_PRIORITY,,Nature-focused Maharashtra destination; famous for its hill_station landscape or outdoor experience.,,,,,NOTABLE,Maharashtra Tourism / Wikipedia / Wikimedia Commons search,,,AI_CURATED_NEEDS_VERIFICATION,2026-09-11,DRAFT_FOR_REVIEW
IN-00167,Varandha Ghat,Maharashtra,,,HILL_STATION,MAHARASHTRA_PRIORITY,,Nature-focused Maharashtra destination; famous for its hill_station landscape or outdoor experience.,,,,,NOTABLE,Maharashtra Tourism / Wikipedia / Wikimedia Commons search,,,AI_CURATED_NEEDS_VERIFICATION,2026-09-11,DRAFT_FOR_REVIEW
IN-00168,Kumbharli Ghat,Maharashtra,,,HILL_STATION,MAHARASHTRA_PRIORITY,,Nature-focused Maharashtra destination; famous for its hill_station landscape or outdoor experience.,,,,,NOTABLE,Maharashtra Tourism / Wikipedia / Wikimedia Commons search,,,AI_CURATED_NEEDS_VERIFICATION,2026-09-11,DRAFT_FOR_REVIEW
IN-00169,Bhor Ghat,Maharashtra,,,HILL_STATION,MAHARASHTRA_PRIORITY,,Nature-focused Maharashtra destination; famous for its hill_station landscape or outdoor experience.,,,,,NOTABLE,Maharashtra Tourism / Wikipedia / Wikimedia Commons search,,,AI_CURATED_NEEDS_VERIFICATION,2026-09-11,DRAFT_FOR_REVIEW
IN-00170,Kasara Ghat,Maharashtra,,,HILL_STATION,MAHARASHTRA_PRIORITY,,Nature-focused Maharashtra destination; famous for its hill_station landscape or outdoor experience.,,,,,NOTABLE,Maharashtra Tourism / Wikipedia / Wikimedia Commons search,,,AI_CURATED_NEEDS_VERIFICATION,2026-09-11,DRAFT_FOR_REVIEW
IN-00171,Thal Ghat,Maharashtra,,,HILL_STATION,MAHARASHTRA_PRIORITY,,Nature-focused Maharashtra destination; famous for its hill_station landscape or outdoor experience.,,,,,NOTABLE,Maharashtra Tourism / Wikipedia / Wikimedia Commons search,,,AI_CURATED_NEEDS_VERIFICATION,2026-09-11,DRAFT_FOR_REVIEW
IN-00172,Karla Caves,Maharashtra,,,CAVE,MAHARASHTRA_PRIORITY,,Nature-focused Maharashtra destination; famous for its cave landscape or outdoor experience.,,,,,RENOWNED,Maharashtra Tourism / Wikipedia / Wikimedia Commons search,,,AI_CURATED_NEEDS_VERIFICATION,2026-09-11,DRAFT_FOR_REVIEW
IN-00173,Bhaja Caves,Maharashtra,,,CAVE,MAHARASHTRA_PRIORITY,,Nature-focused Maharashtra destination; famous for its cave landscape or outdoor experience.,,,,,RENOWNED,Maharashtra Tourism / Wikipedia / Wikimedia Commons search,,,AI_CURATED_NEEDS_VERIFICATION,2026-09-11,DRAFT_FOR_REVIEW
IN-00174,Bedse Caves,Maharashtra,,,CAVE,MAHARASHTRA_PRIORITY,,Nature-focused Maharashtra destination; famous for its cave landscape or outdoor experience.,,,,,RENOWNED,Maharashtra Tourism / Wikipedia / Wikimedia Commons search,,,AI_CURATED_NEEDS_VERIFICATION,2026-09-11,DRAFT_FOR_REVIEW
IN-00175,Kondana Caves,Maharashtra,,,CAVE,MAHARASHTRA_PRIORITY,,Nature-focused Maharashtra destination; famous for its cave landscape or outdoor experience.,,,,,RENOWNED,Maharashtra Tourism / Wikipedia / Wikimedia Commons search,,,AI_CURATED_NEEDS_VERIFICATION,2026-09-11,DRAFT_FOR_REVIEW
IN-00176,Junnar Caves,Maharashtra,,,CAVE,MAHARASHTRA_PRIORITY,,Nature-focused Maharashtra destination; famous for its cave landscape or outdoor experience.,,,,,RENOWNED,Maharashtra Tourism / Wikipedia / Wikimedia Commons search,,,AI_CURATED_NEEDS_VERIFICATION,2026-09-11,DRAFT_FOR_REVIEW
IN-00177,Lenyadri Caves,Maharashtra,,,CAVE,MAHARASHTRA_PRIORITY,,Nature-focused Maharashtra destination; famous for its cave landscape or outdoor experience.,,,,,RENOWNED,Maharashtra Tourism / Wikipedia / Wikimedia Commons search,,,AI_CURATED_NEEDS_VERIFICATION,2026-09-11,DRAFT_FOR_REVIEW
IN-00178,Kanheri Caves,Maharashtra,,,CAVE,MAHARASHTRA_PRIORITY,,Nature-focused Maharashtra destination; famous for its cave landscape or outdoor experience.,,,,,RENOWNED,Maharashtra Tourism / Wikipedia / Wikimedia Commons search,,,AI_CURATED_NEEDS_VERIFICATION,2026-09-11,DRAFT_FOR_REVIEW
IN-00179,Elephanta Caves,Maharashtra,,,CAVE,MAHARASHTRA_PRIORITY,,Nature-focused Maharashtra destination; famous for its cave landscape or outdoor experience.,,,,,RENOWNED,Maharashtra Tourism / Wikipedia / Wikimedia Commons search,,,AI_CURATED_NEEDS_VERIFICATION,2026-09-11,DRAFT_FOR_REVIEW
IN-00180,Ajanta Caves,Maharashtra,,,CAVE,MAHARASHTRA_PRIORITY,,Nature-focused Maharashtra destination; famous for its cave landscape or outdoor experience.,,,,,RENOWNED,Maharashtra Tourism / Wikipedia / Wikimedia Commons search,,,AI_CURATED_NEEDS_VERIFICATION,2026-09-11,DRAFT_FOR_REVIEW
IN-00181,Ellora Caves,Maharashtra,,,CAVE,MAHARASHTRA_PRIORITY,,Nature-focused Maharashtra destination; famous for its cave landscape or outdoor experience.,,,,,RENOWNED,Maharashtra Tourism / Wikipedia / Wikimedia Commons search,,,AI_CURATED_NEEDS_VERIFICATION,2026-09-11,DRAFT_FOR_REVIEW
IN-00182,Pitalkhora Caves,Maharashtra,,,CAVE,MAHARASHTRA_PRIORITY,,Nature-focused Maharashtra destination; famous for its cave landscape or outdoor experience.,,,,,RENOWNED,Maharashtra Tourism / Wikipedia / Wikimedia Commons search,,,AI_CURATED_NEEDS_VERIFICATION,2026-09-11,DRAFT_FOR_REVIEW
IN-00183,Pandavleni Caves,Maharashtra,,,CAVE,MAHARASHTRA_PRIORITY,,Nature-focused Maharashtra destination; famous for its cave landscape or outdoor experience.,,,,,RENOWNED,Maharashtra Tourism / Wikipedia / Wikimedia Commons search,,,AI_CURATED_NEEDS_VERIFICATION,2026-09-11,DRAFT_FOR_REVIEW
IN-00184,Shivneri Caves,Maharashtra,,,CAVE,MAHARASHTRA_PRIORITY,,Nature-focused Maharashtra destination; famous for its cave landscape or outdoor experience.,,,,,RENOWNED,Maharashtra Tourism / Wikipedia / Wikimedia Commons search,,,AI_CURATED_NEEDS_VERIFICATION,2026-09-11,DRAFT_FOR_REVIEW
IN-00185,Narayangaon Caves,Maharashtra,,,CAVE,MAHARASHTRA_PRIORITY,,Nature-focused Maharashtra destination; famous for its cave landscape or outdoor experience.,,,,,RENOWNED,Maharashtra Tourism / Wikipedia / Wikimedia Commons search,,,AI_CURATED_NEEDS_VERIFICATION,2026-09-11,DRAFT_FOR_REVIEW
IN-00186,Manmodi Caves,Maharashtra,,,CAVE,MAHARASHTRA_PRIORITY,,Nature-focused Maharashtra destination; famous for its cave landscape or outdoor experience.,,,,,NOTABLE,Maharashtra Tourism / Wikipedia / Wikimedia Commons search,,,AI_CURATED_NEEDS_VERIFICATION,2026-09-11,DRAFT_FOR_REVIEW
IN-00187,Tulja Caves,Maharashtra,,,CAVE,MAHARASHTRA_PRIORITY,,Nature-focused Maharashtra destination; famous for its cave landscape or outdoor experience.,,,,,NOTABLE,Maharashtra Tourism / Wikipedia / Wikimedia Commons search,,,AI_CURATED_NEEDS_VERIFICATION,2026-09-11,DRAFT_FOR_REVIEW
IN-00188,Ghatotkach Caves,Maharashtra,,,CAVE,MAHARASHTRA_PRIORITY,,Nature-focused Maharashtra destination; famous for its cave landscape or outdoor experience.,,,,,NOTABLE,Maharashtra Tourism / Wikipedia / Wikimedia Commons search,,,AI_CURATED_NEEDS_VERIFICATION,2026-09-11,DRAFT_FOR_REVIEW
IN-00189,Kuda Caves,Maharashtra,,,CAVE,MAHARASHTRA_PRIORITY,,Nature-focused Maharashtra destination; famous for its cave landscape or outdoor experience.,,,,,NOTABLE,Maharashtra Tourism / Wikipedia / Wikimedia Commons search,,,AI_CURATED_NEEDS_VERIFICATION,2026-09-11,DRAFT_FOR_REVIEW
IN-00190,Kondeshwar Caves,Maharashtra,,,CAVE,MAHARASHTRA_PRIORITY,,Nature-focused Maharashtra destination; famous for its cave landscape or outdoor experience.,,,,,NOTABLE,Maharashtra Tourism / Wikipedia / Wikimedia Commons search,,,AI_CURATED_NEEDS_VERIFICATION,2026-09-11,DRAFT_FOR_REVIEW
IN-00191,Koregaon Caves,Maharashtra,,,CAVE,MAHARASHTRA_PRIORITY,,Nature-focused Maharashtra destination; famous for its cave landscape or outdoor experience.,,,,,NOTABLE,Maharashtra Tourism / Wikipedia / Wikimedia Commons search,,,AI_CURATED_NEEDS_VERIFICATION,2026-09-11,DRAFT_FOR_REVIEW
IN-00192,Mhaismal Caves,Maharashtra,,,CAVE,MAHARASHTRA_PRIORITY,,Nature-focused Maharashtra destination; famous for its cave landscape or outdoor experience.,,,,,NOTABLE,Maharashtra Tourism / Wikipedia / Wikimedia Commons search,,,AI_CURATED_NEEDS_VERIFICATION,2026-09-11,DRAFT_FOR_REVIEW
IN-00193,Panhala caves,Maharashtra,,,CAVE,MAHARASHTRA_PRIORITY,,Nature-focused Maharashtra destination; famous for its cave landscape or outdoor experience.,,,,,NOTABLE,Maharashtra Tourism / Wikipedia / Wikimedia Commons search,,,AI_CURATED_NEEDS_VERIFICATION,2026-09-11,DRAFT_FOR_REVIEW
IN-00194,Harishchandragad Kedareshwar Cave,Maharashtra,,,CAVE,MAHARASHTRA_PRIORITY,,Nature-focused Maharashtra destination; famous for its cave landscape or outdoor experience.,,,,,NOTABLE,Maharashtra Tourism / Wikipedia / Wikimedia Commons search,,,AI_CURATED_NEEDS_VERIFICATION,2026-09-11,DRAFT_FOR_REVIEW
IN-00195,Dhak Bahiri Cave,Maharashtra,,,CAVE,MAHARASHTRA_PRIORITY,,Nature-focused Maharashtra destination; famous for its cave landscape or outdoor experience.,,,,,NOTABLE,Maharashtra Tourism / Wikipedia / Wikimedia Commons search,,,AI_CURATED_NEEDS_VERIFICATION,2026-09-11,DRAFT_FOR_REVIEW
IN-00196,Kothaligad Cave,Maharashtra,,,CAVE,MAHARASHTRA_PRIORITY,,Nature-focused Maharashtra destination; famous for its cave landscape or outdoor experience.,,,,,NOTABLE,Maharashtra Tourism / Wikipedia / Wikimedia Commons search,,,AI_CURATED_NEEDS_VERIFICATION,2026-09-11,DRAFT_FOR_REVIEW
IN-00197,Gorakhgad Cave,Maharashtra,,,CAVE,MAHARASHTRA_PRIORITY,,Nature-focused Maharashtra destination; famous for its cave landscape or outdoor experience.,,,,,NOTABLE,Maharashtra Tourism / Wikipedia / Wikimedia Commons search,,,AI_CURATED_NEEDS_VERIFICATION,2026-09-11,DRAFT_FOR_REVIEW
IN-00198,Shivneri Buddhist Caves,Maharashtra,,,CAVE,MAHARASHTRA_PRIORITY,,Nature-focused Maharashtra destination; famous for its cave landscape or outdoor experience.,,,,,NOTABLE,Maharashtra Tourism / Wikipedia / Wikimedia Commons search,,,AI_CURATED_NEEDS_VERIFICATION,2026-09-11,DRAFT_FOR_REVIEW
IN-00199,Karla Bhaja Cave Trail,Maharashtra,,,CAVE,MAHARASHTRA_PRIORITY,,Nature-focused Maharashtra destination; famous for its cave landscape or outdoor experience.,,,,,NOTABLE,Maharashtra Tourism / Wikipedia / Wikimedia Commons search,,,AI_CURATED_NEEDS_VERIFICATION,2026-09-11,DRAFT_FOR_REVIEW
IN-00200,Tadoba-Andhari Tiger Reserve,Maharashtra,,,WILDLIFE,MAHARASHTRA_PRIORITY,,Nature-focused Maharashtra destination; famous for its wildlife landscape or outdoor experience.,,,,,RENOWNED,Maharashtra Tourism / Wikipedia / Wikimedia Commons search,,,AI_CURATED_NEEDS_VERIFICATION,2026-09-11,DRAFT_FOR_REVIEW
IN-00201,Pench Tiger Reserve Maharashtra,Maharashtra,,,WILDLIFE,MAHARASHTRA_PRIORITY,,Nature-focused Maharashtra destination; famous for its wildlife landscape or outdoor experience.,,,,,RENOWNED,Maharashtra Tourism / Wikipedia / Wikimedia Commons search,,,AI_CURATED_NEEDS_VERIFICATION,2026-09-11,DRAFT_FOR_REVIEW
IN-00202,Melghat Tiger Reserve,Maharashtra,,,WILDLIFE,MAHARASHTRA_PRIORITY,,Nature-focused Maharashtra destination; famous for its wildlife landscape or outdoor experience.,,,,,RENOWNED,Maharashtra Tourism / Wikipedia / Wikimedia Commons search,,,AI_CURATED_NEEDS_VERIFICATION,2026-09-11,DRAFT_FOR_REVIEW
IN-00203,Sahyadri Tiger Reserve,Maharashtra,,,WILDLIFE,MAHARASHTRA_PRIORITY,,Nature-focused Maharashtra destination; famous for its wildlife landscape or outdoor experience.,,,,,RENOWNED,Maharashtra Tourism / Wikipedia / Wikimedia Commons search,,,AI_CURATED_NEEDS_VERIFICATION,2026-09-11,DRAFT_FOR_REVIEW
IN-00204,Navegaon National Park,Maharashtra,,,WILDLIFE,MAHARASHTRA_PRIORITY,,Nature-focused Maharashtra destination; famous for its wildlife landscape or outdoor experience.,,,,,RENOWNED,Maharashtra Tourism / Wikipedia / Wikimedia Commons search,,,AI_CURATED_NEEDS_VERIFICATION,2026-09-11,DRAFT_FOR_REVIEW
IN-00205,Gugamal National Park,Maharashtra,,,WILDLIFE,MAHARASHTRA_PRIORITY,,Nature-focused Maharashtra destination; famous for its wildlife landscape or outdoor experience.,,,,,RENOWNED,Maharashtra Tourism / Wikipedia / Wikimedia Commons search,,,AI_CURATED_NEEDS_VERIFICATION,2026-09-11,DRAFT_FOR_REVIEW
IN-00206,Sanjay Gandhi National Park,Maharashtra,,,WILDLIFE,MAHARASHTRA_PRIORITY,,Nature-focused Maharashtra destination; famous for its wildlife landscape or outdoor experience.,,,,,RENOWNED,Maharashtra Tourism / Wikipedia / Wikimedia Commons search,,,AI_CURATED_NEEDS_VERIFICATION,2026-09-11,DRAFT_FOR_REVIEW
IN-00207,Chandoli National Park,Maharashtra,,,WILDLIFE,MAHARASHTRA_PRIORITY,,Nature-focused Maharashtra destination; famous for its wildlife landscape or outdoor experience.,,,,,RENOWNED,Maharashtra Tourism / Wikipedia / Wikimedia Commons search,,,AI_CURATED_NEEDS_VERIFICATION,2026-09-11,DRAFT_FOR_REVIEW
IN-00208,Bhimashankar Wildlife Sanctuary,Maharashtra,,,WILDLIFE,MAHARASHTRA_PRIORITY,,Nature-focused Maharashtra destination; famous for its wildlife landscape or outdoor experience.,,,,,RENOWNED,Maharashtra Tourism / Wikipedia / Wikimedia Commons search,,,AI_CURATED_NEEDS_VERIFICATION,2026-09-11,DRAFT_FOR_REVIEW
IN-00209,Koyna Wildlife Sanctuary,Maharashtra,,,WILDLIFE,MAHARASHTRA_PRIORITY,,Nature-focused Maharashtra destination; famous for its wildlife landscape or outdoor experience.,,,,,RENOWNED,Maharashtra Tourism / Wikipedia / Wikimedia Commons search,,,AI_CURATED_NEEDS_VERIFICATION,2026-09-11,DRAFT_FOR_REVIEW
IN-00210,Radhanagari Wildlife Sanctuary,Maharashtra,,,WILDLIFE,MAHARASHTRA_PRIORITY,,Nature-focused Maharashtra destination; famous for its wildlife landscape or outdoor experience.,,,,,RENOWNED,Maharashtra Tourism / Wikipedia / Wikimedia Commons search,,,AI_CURATED_NEEDS_VERIFICATION,2026-09-11,DRAFT_FOR_REVIEW
IN-00211,Tansa Wildlife Sanctuary,Maharashtra,,,WILDLIFE,MAHARASHTRA_PRIORITY,,Nature-focused Maharashtra destination; famous for its wildlife landscape or outdoor experience.,,,,,RENOWNED,Maharashtra Tourism / Wikipedia / Wikimedia Commons search,,,AI_CURATED_NEEDS_VERIFICATION,2026-09-11,DRAFT_FOR_REVIEW
IN-00212,Phansad Wildlife Sanctuary,Maharashtra,,,WILDLIFE,MAHARASHTRA_PRIORITY,,Nature-focused Maharashtra destination; famous for its wildlife landscape or outdoor experience.,,,,,RENOWNED,Maharashtra Tourism / Wikipedia / Wikimedia Commons search,,,AI_CURATED_NEEDS_VERIFICATION,2026-09-11,DRAFT_FOR_REVIEW
IN-00213,Karnala Bird Sanctuary,Maharashtra,,,WILDLIFE,MAHARASHTRA_PRIORITY,,Nature-focused Maharashtra destination; famous for its wildlife landscape or outdoor experience.,,,,,RENOWNED,Maharashtra Tourism / Wikipedia / Wikimedia Commons search,,,AI_CURATED_NEEDS_VERIFICATION,2026-09-11,DRAFT_FOR_REVIEW
IN-00214,Nandur Madhameshwar Bird Sanctuary,Maharashtra,,,WILDLIFE,MAHARASHTRA_PRIORITY,,Nature-focused Maharashtra destination; famous for its wildlife landscape or outdoor experience.,,,,,NOTABLE,Maharashtra Tourism / Wikipedia / Wikimedia Commons search,,,AI_CURATED_NEEDS_VERIFICATION,2026-09-11,DRAFT_FOR_REVIEW
IN-00215,Great Indian Bustard Sanctuary,Maharashtra,,,WILDLIFE,MAHARASHTRA_PRIORITY,,Nature-focused Maharashtra destination; famous for its wildlife landscape or outdoor experience.,,,,,NOTABLE,Maharashtra Tourism / Wikipedia / Wikimedia Commons search,,,AI_CURATED_NEEDS_VERIFICATION,2026-09-11,DRAFT_FOR_REVIEW
IN-00216,Sagareshwar Wildlife Sanctuary,Maharashtra,,,WILDLIFE,MAHARASHTRA_PRIORITY,,Nature-focused Maharashtra destination; famous for its wildlife landscape or outdoor experience.,,,,,NOTABLE,Maharashtra Tourism / Wikipedia / Wikimedia Commons search,,,AI_CURATED_NEEDS_VERIFICATION,2026-09-11,DRAFT_FOR_REVIEW
IN-00217,Tipeshwar Wildlife Sanctuary,Maharashtra,,,WILDLIFE,MAHARASHTRA_PRIORITY,,Nature-focused Maharashtra destination; famous for its wildlife landscape or outdoor experience.,,,,,NOTABLE,Maharashtra Tourism / Wikipedia / Wikimedia Commons search,,,AI_CURATED_NEEDS_VERIFICATION,2026-09-11,DRAFT_FOR_REVIEW
IN-00218,Lonar Wildlife Sanctuary,Maharashtra,,,WILDLIFE,MAHARASHTRA_PRIORITY,,Nature-focused Maharashtra destination; famous for its wildlife landscape or outdoor experience.,,,,,NOTABLE,Maharashtra Tourism / Wikipedia / Wikimedia Commons search,,,AI_CURATED_NEEDS_VERIFICATION,2026-09-11,DRAFT_FOR_REVIEW
IN-00219,Rehekuri Blackbuck Sanctuary,Maharashtra,,,WILDLIFE,MAHARASHTRA_PRIORITY,,Nature-focused Maharashtra destination; famous for its wildlife landscape or outdoor experience.,,,,,NOTABLE,Maharashtra Tourism / Wikipedia / Wikimedia Commons search,,,AI_CURATED_NEEDS_VERIFICATION,2026-09-11,DRAFT_FOR_REVIEW
IN-00220,Nagzira Wildlife Sanctuary,Maharashtra,,,WILDLIFE,MAHARASHTRA_PRIORITY,,Nature-focused Maharashtra destination; famous for its wildlife landscape or outdoor experience.,,,,,NOTABLE,Maharashtra Tourism / Wikipedia / Wikimedia Commons search,,,AI_CURATED_NEEDS_VERIFICATION,2026-09-11,DRAFT_FOR_REVIEW
IN-00221,Umred Karhandla Wildlife Sanctuary,Maharashtra,,,WILDLIFE,MAHARASHTRA_PRIORITY,,Nature-focused Maharashtra destination; famous for its wildlife landscape or outdoor experience.,,,,,NOTABLE,Maharashtra Tourism / Wikipedia / Wikimedia Commons search,,,AI_CURATED_NEEDS_VERIFICATION,2026-09-11,DRAFT_FOR_REVIEW
IN-00222,Bor Wildlife Sanctuary,Maharashtra,,,WILDLIFE,MAHARASHTRA_PRIORITY,,Nature-focused Maharashtra destination; famous for its wildlife landscape or outdoor experience.,,,,,NOTABLE,Maharashtra Tourism / Wikipedia / Wikimedia Commons search,,,AI_CURATED_NEEDS_VERIFICATION,2026-09-11,DRAFT_FOR_REVIEW
IN-00223,Melghat Wildlife Sanctuary,Maharashtra,,,WILDLIFE,MAHARASHTRA_PRIORITY,,Nature-focused Maharashtra destination; famous for its wildlife landscape or outdoor experience.,,,,,NOTABLE,Maharashtra Tourism / Wikipedia / Wikimedia Commons search,,,AI_CURATED_NEEDS_VERIFICATION,2026-09-11,DRAFT_FOR_REVIEW
IN-00224,Yawal Wildlife Sanctuary,Maharashtra,,,WILDLIFE,MAHARASHTRA_PRIORITY,,Nature-focused Maharashtra destination; famous for its wildlife landscape or outdoor experience.,,,,,NOTABLE,Maharashtra Tourism / Wikipedia / Wikimedia Commons search,,,AI_CURATED_NEEDS_VERIFICATION,2026-09-11,DRAFT_FOR_REVIEW
IN-00225,Thane Creek Flamingo Sanctuary,Maharashtra,,,WILDLIFE,MAHARASHTRA_PRIORITY,,Nature-focused Maharashtra destination; famous for its wildlife landscape or outdoor experience.,,,,,NOTABLE,Maharashtra Tourism / Wikipedia / Wikimedia Commons search,,,AI_CURATED_NEEDS_VERIFICATION,2026-09-11,DRAFT_FOR_REVIEW
IN-00226,Kalsubai Harishchandragad Wildlife Sanctuary,Maharashtra,,,WILDLIFE,MAHARASHTRA_PRIORITY,,Nature-focused Maharashtra destination; famous for its wildlife landscape or outdoor experience.,,,,,NOTABLE,Maharashtra Tourism / Wikipedia / Wikimedia Commons search,,,AI_CURATED_NEEDS_VERIFICATION,2026-09-11,DRAFT_FOR_REVIEW
IN-00227,Mansingdeo Wildlife Sanctuary,Maharashtra,,,WILDLIFE,MAHARASHTRA_PRIORITY,,Nature-focused Maharashtra destination; famous for its wildlife landscape or outdoor experience.,,,,,NOTABLE,Maharashtra Tourism / Wikipedia / Wikimedia Commons search,,,AI_CURATED_NEEDS_VERIFICATION,2026-09-11,DRAFT_FOR_REVIEW
IN-00228,Tamhini Wildlife Conservation Landscape,Maharashtra,,,WILDLIFE,MAHARASHTRA_PRIORITY,,Nature-focused Maharashtra destination; famous for its wildlife landscape or outdoor experience.,,,,,NOTABLE,Maharashtra Tourism / Wikipedia / Wikimedia Commons search,,,AI_CURATED_NEEDS_VERIFICATION,2026-09-11,DRAFT_FOR_REVIEW
IN-00229,Lonar Lake,Maharashtra,,,LAKE,MAHARASHTRA_PRIORITY,,Nature-focused Maharashtra destination; famous for its lake landscape or outdoor experience.,,,,,RENOWNED,Maharashtra Tourism / Wikipedia / Wikimedia Commons search,,,AI_CURATED_NEEDS_VERIFICATION,2026-09-11,DRAFT_FOR_REVIEW
IN-00230,Bhandardara Lake,Maharashtra,,,LAKE,MAHARASHTRA_PRIORITY,,Nature-focused Maharashtra destination; famous for its lake landscape or outdoor experience.,,,,,RENOWNED,Maharashtra Tourism / Wikipedia / Wikimedia Commons search,,,AI_CURATED_NEEDS_VERIFICATION,2026-09-11,DRAFT_FOR_REVIEW
IN-00231,Khadakwasla Lake,Maharashtra,,,LAKE,MAHARASHTRA_PRIORITY,,Nature-focused Maharashtra destination; famous for its lake landscape or outdoor experience.,,,,,RENOWNED,Maharashtra Tourism / Wikipedia / Wikimedia Commons search,,,AI_CURATED_NEEDS_VERIFICATION,2026-09-11,DRAFT_FOR_REVIEW
IN-00232,Pawna Lake,Maharashtra,,,LAKE,MAHARASHTRA_PRIORITY,,Nature-focused Maharashtra destination; famous for its lake landscape or outdoor experience.,,,,,RENOWNED,Maharashtra Tourism / Wikipedia / Wikimedia Commons search,,,AI_CURATED_NEEDS_VERIFICATION,2026-09-11,DRAFT_FOR_REVIEW
IN-00233,Mulshi Lake,Maharashtra,,,LAKE,MAHARASHTRA_PRIORITY,,Nature-focused Maharashtra destination; famous for its lake landscape or outdoor experience.,,,,,RENOWNED,Maharashtra Tourism / Wikipedia / Wikimedia Commons search,,,AI_CURATED_NEEDS_VERIFICATION,2026-09-11,DRAFT_FOR_REVIEW
IN-00234,Panshet Lake,Maharashtra,,,LAKE,MAHARASHTRA_PRIORITY,,Nature-focused Maharashtra destination; famous for its lake landscape or outdoor experience.,,,,,RENOWNED,Maharashtra Tourism / Wikipedia / Wikimedia Commons search,,,AI_CURATED_NEEDS_VERIFICATION,2026-09-11,DRAFT_FOR_REVIEW
IN-00235,Venna Lake,Maharashtra,,,LAKE,MAHARASHTRA_PRIORITY,,Nature-focused Maharashtra destination; famous for its lake landscape or outdoor experience.,,,,,RENOWNED,Maharashtra Tourism / Wikipedia / Wikimedia Commons search,,,AI_CURATED_NEEDS_VERIFICATION,2026-09-11,DRAFT_FOR_REVIEW
IN-00236,Shivsagar Lake,Maharashtra,,,LAKE,MAHARASHTRA_PRIORITY,,Nature-focused Maharashtra destination; famous for its lake landscape or outdoor experience.,,,,,RENOWNED,Maharashtra Tourism / Wikipedia / Wikimedia Commons search,,,AI_CURATED_NEEDS_VERIFICATION,2026-09-11,DRAFT_FOR_REVIEW
IN-00237,Koyna Reservoir,Maharashtra,,,LAKE,MAHARASHTRA_PRIORITY,,Nature-focused Maharashtra destination; famous for its lake landscape or outdoor experience.,,,,,RENOWNED,Maharashtra Tourism / Wikipedia / Wikimedia Commons search,,,AI_CURATED_NEEDS_VERIFICATION,2026-09-11,DRAFT_FOR_REVIEW
IN-00238,Rankala Lake,Maharashtra,,,LAKE,MAHARASHTRA_PRIORITY,,Nature-focused Maharashtra destination; famous for its lake landscape or outdoor experience.,,,,,RENOWNED,Maharashtra Tourism / Wikipedia / Wikimedia Commons search,,,AI_CURATED_NEEDS_VERIFICATION,2026-09-11,DRAFT_FOR_REVIEW
IN-00239,Upvan Lake,Maharashtra,,,LAKE,MAHARASHTRA_PRIORITY,,Nature-focused Maharashtra destination; famous for its lake landscape or outdoor experience.,,,,,RENOWNED,Maharashtra Tourism / Wikipedia / Wikimedia Commons search,,,AI_CURATED_NEEDS_VERIFICATION,2026-09-11,DRAFT_FOR_REVIEW
IN-00240,Vihar Lake,Maharashtra,,,LAKE,MAHARASHTRA_PRIORITY,,Nature-focused Maharashtra destination; famous for its lake landscape or outdoor experience.,,,,,RENOWNED,Maharashtra Tourism / Wikipedia / Wikimedia Commons search,,,AI_CURATED_NEEDS_VERIFICATION,2026-09-11,DRAFT_FOR_REVIEW
IN-00241,Powai Lake,Maharashtra,,,LAKE,MAHARASHTRA_PRIORITY,,Nature-focused Maharashtra destination; famous for its lake landscape or outdoor experience.,,,,,RENOWNED,Maharashtra Tourism / Wikipedia / Wikimedia Commons search,,,AI_CURATED_NEEDS_VERIFICATION,2026-09-11,DRAFT_FOR_REVIEW
IN-00242,Talao Pali,Maharashtra,,,LAKE,MAHARASHTRA_PRIORITY,,Nature-focused Maharashtra destination; famous for its lake landscape or outdoor experience.,,,,,RENOWNED,Maharashtra Tourism / Wikipedia / Wikimedia Commons search,,,AI_CURATED_NEEDS_VERIFICATION,2026-09-11,DRAFT_FOR_REVIEW
IN-00243,Vaitarna Reservoir,Maharashtra,,,LAKE,MAHARASHTRA_PRIORITY,,Nature-focused Maharashtra destination; famous for its lake landscape or outdoor experience.,,,,,NOTABLE,Maharashtra Tourism / Wikipedia / Wikimedia Commons search,,,AI_CURATED_NEEDS_VERIFICATION,2026-09-11,DRAFT_FOR_REVIEW
IN-00244,Bhatsa Reservoir,Maharashtra,,,LAKE,MAHARASHTRA_PRIORITY,,Nature-focused Maharashtra destination; famous for its lake landscape or outdoor experience.,,,,,NOTABLE,Maharashtra Tourism / Wikipedia / Wikimedia Commons search,,,AI_CURATED_NEEDS_VERIFICATION,2026-09-11,DRAFT_FOR_REVIEW
IN-00245,Wilson Dam Lake,Maharashtra,,,LAKE,MAHARASHTRA_PRIORITY,,Nature-focused Maharashtra destination; famous for its lake landscape or outdoor experience.,,,,,NOTABLE,Maharashtra Tourism / Wikipedia / Wikimedia Commons search,,,AI_CURATED_NEEDS_VERIFICATION,2026-09-11,DRAFT_FOR_REVIEW
IN-00246,Arthur Lake,Maharashtra,,,LAKE,MAHARASHTRA_PRIORITY,,Nature-focused Maharashtra destination; famous for its lake landscape or outdoor experience.,,,,,NOTABLE,Maharashtra Tourism / Wikipedia / Wikimedia Commons search,,,AI_CURATED_NEEDS_VERIFICATION,2026-09-11,DRAFT_FOR_REVIEW
IN-00247,Panchganga backwaters,Maharashtra,,,LAKE,MAHARASHTRA_PRIORITY,,Nature-focused Maharashtra destination; famous for its lake landscape or outdoor experience.,,,,,NOTABLE,Maharashtra Tourism / Wikipedia / Wikimedia Commons search,,,AI_CURATED_NEEDS_VERIFICATION,2026-09-11,DRAFT_FOR_REVIEW
IN-00248,Kundalika backwaters,Maharashtra,,,LAKE,MAHARASHTRA_PRIORITY,,Nature-focused Maharashtra destination; famous for its lake landscape or outdoor experience.,,,,,NOTABLE,Maharashtra Tourism / Wikipedia / Wikimedia Commons search,,,AI_CURATED_NEEDS_VERIFICATION,2026-09-11,DRAFT_FOR_REVIEW
IN-00249,Karnala wetland,Maharashtra,,,LAKE,MAHARASHTRA_PRIORITY,,Nature-focused Maharashtra destination; famous for its lake landscape or outdoor experience.,,,,,NOTABLE,Maharashtra Tourism / Wikipedia / Wikimedia Commons search,,,AI_CURATED_NEEDS_VERIFICATION,2026-09-11,DRAFT_FOR_REVIEW
IN-00250,Dharavi Valley,Maharashtra,,,VALLEY,MAHARASHTRA_PRIORITY,,Nature-focused Maharashtra destination; famous for its valley landscape or outdoor experience.,,,,,RENOWNED,Maharashtra Tourism / Wikipedia / Wikimedia Commons search,,,AI_CURATED_NEEDS_VERIFICATION,2026-09-11,DRAFT_FOR_REVIEW
IN-00251,Koyna Valley,Maharashtra,,,VALLEY,MAHARASHTRA_PRIORITY,,Nature-focused Maharashtra destination; famous for its valley landscape or outdoor experience.,,,,,RENOWNED,Maharashtra Tourism / Wikipedia / Wikimedia Commons search,,,AI_CURATED_NEEDS_VERIFICATION,2026-09-11,DRAFT_FOR_REVIEW
IN-00252,Malshej Valley,Maharashtra,,,VALLEY,MAHARASHTRA_PRIORITY,,Nature-focused Maharashtra destination; famous for its valley landscape or outdoor experience.,,,,,RENOWNED,Maharashtra Tourism / Wikipedia / Wikimedia Commons search,,,AI_CURATED_NEEDS_VERIFICATION,2026-09-11,DRAFT_FOR_REVIEW
IN-00253,Bhandardara Valley,Maharashtra,,,VALLEY,MAHARASHTRA_PRIORITY,,Nature-focused Maharashtra destination; famous for its valley landscape or outdoor experience.,,,,,RENOWNED,Maharashtra Tourism / Wikipedia / Wikimedia Commons search,,,AI_CURATED_NEEDS_VERIFICATION,2026-09-11,DRAFT_FOR_REVIEW
IN-00254,Amba Ghat Valley,Maharashtra,,,VALLEY,MAHARASHTRA_PRIORITY,,Nature-focused Maharashtra destination; famous for its valley landscape or outdoor experience.,,,,,RENOWNED,Maharashtra Tourism / Wikipedia / Wikimedia Commons search,,,AI_CURATED_NEEDS_VERIFICATION,2026-09-11,DRAFT_FOR_REVIEW
IN-00255,Tamhini Valley,Maharashtra,,,VALLEY,MAHARASHTRA_PRIORITY,,Nature-focused Maharashtra destination; famous for its valley landscape or outdoor experience.,,,,,RENOWNED,Maharashtra Tourism / Wikipedia / Wikimedia Commons search,,,AI_CURATED_NEEDS_VERIFICATION,2026-09-11,DRAFT_FOR_REVIEW
IN-00256,Mulshi Valley,Maharashtra,,,VALLEY,MAHARASHTRA_PRIORITY,,Nature-focused Maharashtra destination; famous for its valley landscape or outdoor experience.,,,,,RENOWNED,Maharashtra Tourism / Wikipedia / Wikimedia Commons search,,,AI_CURATED_NEEDS_VERIFICATION,2026-09-11,DRAFT_FOR_REVIEW
IN-00257,Panchgani Valley,Maharashtra,,,VALLEY,MAHARASHTRA_PRIORITY,,Nature-focused Maharashtra destination; famous for its valley landscape or outdoor experience.,,,,,RENOWNED,Maharashtra Tourism / Wikipedia / Wikimedia Commons search,,,AI_CURATED_NEEDS_VERIFICATION,2026-09-11,DRAFT_FOR_REVIEW
IN-00258,Mahabaleshwar Valley,Maharashtra,,,VALLEY,MAHARASHTRA_PRIORITY,,Nature-focused Maharashtra destination; famous for its valley landscape or outdoor experience.,,,,,RENOWNED,Maharashtra Tourism / Wikipedia / Wikimedia Commons search,,,AI_CURATED_NEEDS_VERIFICATION,2026-09-11,DRAFT_FOR_REVIEW
IN-00259,Kaas Valley,Maharashtra,,,VALLEY,MAHARASHTRA_PRIORITY,,Nature-focused Maharashtra destination; famous for its valley landscape or outdoor experience.,,,,,RENOWNED,Maharashtra Tourism / Wikipedia / Wikimedia Commons search,,,AI_CURATED_NEEDS_VERIFICATION,2026-09-11,DRAFT_FOR_REVIEW
IN-00260,Kalsubai Valley,Maharashtra,,,VALLEY,MAHARASHTRA_PRIORITY,,Nature-focused Maharashtra destination; famous for its valley landscape or outdoor experience.,,,,,RENOWNED,Maharashtra Tourism / Wikipedia / Wikimedia Commons search,,,AI_CURATED_NEEDS_VERIFICATION,2026-09-11,DRAFT_FOR_REVIEW
IN-00261,Harishchandragad Valley,Maharashtra,,,VALLEY,MAHARASHTRA_PRIORITY,,Nature-focused Maharashtra destination; famous for its valley landscape or outdoor experience.,,,,,RENOWNED,Maharashtra Tourism / Wikipedia / Wikimedia Commons search,,,AI_CURATED_NEEDS_VERIFICATION,2026-09-11,DRAFT_FOR_REVIEW
IN-00262,Matheran Valley,Maharashtra,,,VALLEY,MAHARASHTRA_PRIORITY,,Nature-focused Maharashtra destination; famous for its valley landscape or outdoor experience.,,,,,NOTABLE,Maharashtra Tourism / Wikipedia / Wikimedia Commons search,,,AI_CURATED_NEEDS_VERIFICATION,2026-09-11,DRAFT_FOR_REVIEW
IN-00263,Jawhar Valley,Maharashtra,,,VALLEY,MAHARASHTRA_PRIORITY,,Nature-focused Maharashtra destination; famous for its valley landscape or outdoor experience.,,,,,NOTABLE,Maharashtra Tourism / Wikipedia / Wikimedia Commons search,,,AI_CURATED_NEEDS_VERIFICATION,2026-09-11,DRAFT_FOR_REVIEW
IN-00264,Igatpuri Valley,Maharashtra,,,VALLEY,MAHARASHTRA_PRIORITY,,Nature-focused Maharashtra destination; famous for its valley landscape or outdoor experience.,,,,,NOTABLE,Maharashtra Tourism / Wikipedia / Wikimedia Commons search,,,AI_CURATED_NEEDS_VERIFICATION,2026-09-11,DRAFT_FOR_REVIEW
IN-00265,Amboli Valley,Maharashtra,,,VALLEY,MAHARASHTRA_PRIORITY,,Nature-focused Maharashtra destination; famous for its valley landscape or outdoor experience.,,,,,NOTABLE,Maharashtra Tourism / Wikipedia / Wikimedia Commons search,,,AI_CURATED_NEEDS_VERIFICATION,2026-09-11,DRAFT_FOR_REVIEW
IN-00266,Dapoli Valley,Maharashtra,,,VALLEY,MAHARASHTRA_PRIORITY,,Nature-focused Maharashtra destination; famous for its valley landscape or outdoor experience.,,,,,NOTABLE,Maharashtra Tourism / Wikipedia / Wikimedia Commons search,,,AI_CURATED_NEEDS_VERIFICATION,2026-09-11,DRAFT_FOR_REVIEW
IN-00267,Dandeli-style Sahyadri valley,Maharashtra,,,VALLEY,MAHARASHTRA_PRIORITY,,Nature-focused Maharashtra destination; famous for its valley landscape or outdoor experience.,,,,,NOTABLE,Maharashtra Tourism / Wikipedia / Wikimedia Commons search,,,AI_CURATED_NEEDS_VERIFICATION,2026-09-11,DRAFT_FOR_REVIEW
IN-00268,Kalsubai Peak,Maharashtra,,,PEAK,MAHARASHTRA_PRIORITY,,Nature-focused Maharashtra destination; famous for its peak landscape or outdoor experience.,,,,,RENOWNED,Maharashtra Tourism / Wikipedia / Wikimedia Commons search,,,AI_CURATED_NEEDS_VERIFICATION,2026-09-11,DRAFT_FOR_REVIEW
IN-00269,Salher Peak,Maharashtra,,,PEAK,MAHARASHTRA_PRIORITY,,Nature-focused Maharashtra destination; famous for its peak landscape or outdoor experience.,,,,,RENOWNED,Maharashtra Tourism / Wikipedia / Wikimedia Commons search,,,AI_CURATED_NEEDS_VERIFICATION,2026-09-11,DRAFT_FOR_REVIEW
IN-00270,Salgad Peak,Maharashtra,,,PEAK,MAHARASHTRA_PRIORITY,,Nature-focused Maharashtra destination; famous for its peak landscape or outdoor experience.,,,,,RENOWNED,Maharashtra Tourism / Wikipedia / Wikimedia Commons search,,,AI_CURATED_NEEDS_VERIFICATION,2026-09-11,DRAFT_FOR_REVIEW
IN-00271,Dhakoba Peak,Maharashtra,,,PEAK,MAHARASHTRA_PRIORITY,,Nature-focused Maharashtra destination; famous for its peak landscape or outdoor experience.,,,,,RENOWNED,Maharashtra Tourism / Wikipedia / Wikimedia Commons search,,,AI_CURATED_NEEDS_VERIFICATION,2026-09-11,DRAFT_FOR_REVIEW
IN-00272,Harishchandragad Taramati Peak,Maharashtra,,,PEAK,MAHARASHTRA_PRIORITY,,Nature-focused Maharashtra destination; famous for its peak landscape or outdoor experience.,,,,,RENOWNED,Maharashtra Tourism / Wikipedia / Wikimedia Commons search,,,AI_CURATED_NEEDS_VERIFICATION,2026-09-11,DRAFT_FOR_REVIEW
IN-00273,Ratangad Peak,Maharashtra,,,PEAK,MAHARASHTRA_PRIORITY,,Nature-focused Maharashtra destination; famous for its peak landscape or outdoor experience.,,,,,RENOWNED,Maharashtra Tourism / Wikipedia / Wikimedia Commons search,,,AI_CURATED_NEEDS_VERIFICATION,2026-09-11,DRAFT_FOR_REVIEW
IN-00274,Rajgad Balekilla,Maharashtra,,,PEAK,MAHARASHTRA_PRIORITY,,Nature-focused Maharashtra destination; famous for its peak landscape or outdoor experience.,,,,,RENOWNED,Maharashtra Tourism / Wikipedia / Wikimedia Commons search,,,AI_CURATED_NEEDS_VERIFICATION,2026-09-11,DRAFT_FOR_REVIEW
IN-00275,Torna Zunjar Machi,Maharashtra,,,PEAK,MAHARASHTRA_PRIORITY,,Nature-focused Maharashtra destination; famous for its peak landscape or outdoor experience.,,,,,RENOWNED,Maharashtra Tourism / Wikipedia / Wikimedia Commons search,,,AI_CURATED_NEEDS_VERIFICATION,2026-09-11,DRAFT_FOR_REVIEW
IN-00276,Prabalgad Peak,Maharashtra,,,PEAK,MAHARASHTRA_PRIORITY,,Nature-focused Maharashtra destination; famous for its peak landscape or outdoor experience.,,,,,RENOWNED,Maharashtra Tourism / Wikipedia / Wikimedia Commons search,,,AI_CURATED_NEEDS_VERIFICATION,2026-09-11,DRAFT_FOR_REVIEW
IN-00277,Kalavantin Peak,Maharashtra,,,PEAK,MAHARASHTRA_PRIORITY,,Nature-focused Maharashtra destination; famous for its peak landscape or outdoor experience.,,,,,RENOWNED,Maharashtra Tourism / Wikipedia / Wikimedia Commons search,,,AI_CURATED_NEEDS_VERIFICATION,2026-09-11,DRAFT_FOR_REVIEW
IN-00278,Korigad Peak,Maharashtra,,,PEAK,MAHARASHTRA_PRIORITY,,Nature-focused Maharashtra destination; famous for its peak landscape or outdoor experience.,,,,,RENOWNED,Maharashtra Tourism / Wikipedia / Wikimedia Commons search,,,AI_CURATED_NEEDS_VERIFICATION,2026-09-11,DRAFT_FOR_REVIEW
IN-00279,Visapur Peak,Maharashtra,,,PEAK,MAHARASHTRA_PRIORITY,,Nature-focused Maharashtra destination; famous for its peak landscape or outdoor experience.,,,,,RENOWNED,Maharashtra Tourism / Wikipedia / Wikimedia Commons search,,,AI_CURATED_NEEDS_VERIFICATION,2026-09-11,DRAFT_FOR_REVIEW
IN-00280,Tikona Peak,Maharashtra,,,PEAK,MAHARASHTRA_PRIORITY,,Nature-focused Maharashtra destination; famous for its peak landscape or outdoor experience.,,,,,RENOWNED,Maharashtra Tourism / Wikipedia / Wikimedia Commons search,,,AI_CURATED_NEEDS_VERIFICATION,2026-09-11,DRAFT_FOR_REVIEW
IN-00281,Tung Fort Peak,Maharashtra,,,PEAK,MAHARASHTRA_PRIORITY,,Nature-focused Maharashtra destination; famous for its peak landscape or outdoor experience.,,,,,NOTABLE,Maharashtra Tourism / Wikipedia / Wikimedia Commons search,,,AI_CURATED_NEEDS_VERIFICATION,2026-09-11,DRAFT_FOR_REVIEW
IN-00282,Sinhagad Peak,Maharashtra,,,PEAK,MAHARASHTRA_PRIORITY,,Nature-focused Maharashtra destination; famous for its peak landscape or outdoor experience.,,,,,NOTABLE,Maharashtra Tourism / Wikipedia / Wikimedia Commons search,,,AI_CURATED_NEEDS_VERIFICATION,2026-09-11,DRAFT_FOR_REVIEW
IN-00283,Rajmachi Shrivardhan Peak,Maharashtra,,,PEAK,MAHARASHTRA_PRIORITY,,Nature-focused Maharashtra destination; famous for its peak landscape or outdoor experience.,,,,,NOTABLE,Maharashtra Tourism / Wikipedia / Wikimedia Commons search,,,AI_CURATED_NEEDS_VERIFICATION,2026-09-11,DRAFT_FOR_REVIEW
IN-00284,Mahabaleshwar Wilson Point,Maharashtra,,,PEAK,MAHARASHTRA_PRIORITY,,Nature-focused Maharashtra destination; famous for its peak landscape or outdoor experience.,,,,,NOTABLE,Maharashtra Tourism / Wikipedia / Wikimedia Commons search,,,AI_CURATED_NEEDS_VERIFICATION,2026-09-11,DRAFT_FOR_REVIEW
IN-00285,Pratapgad Peak,Maharashtra,,,PEAK,MAHARASHTRA_PRIORITY,,Nature-focused Maharashtra destination; famous for its peak landscape or outdoor experience.,,,,,NOTABLE,Maharashtra Tourism / Wikipedia / Wikimedia Commons search,,,AI_CURATED_NEEDS_VERIFICATION,2026-09-11,DRAFT_FOR_REVIEW
IN-00286,Matheran Panorama Point,Maharashtra,,,PEAK,MAHARASHTRA_PRIORITY,,Nature-focused Maharashtra destination; famous for its peak landscape or outdoor experience.,,,,,NOTABLE,Maharashtra Tourism / Wikipedia / Wikimedia Commons search,,,AI_CURATED_NEEDS_VERIFICATION,2026-09-11,DRAFT_FOR_REVIEW
IN-00287,Chikhaldara Vairat Point,Maharashtra,,,PEAK,MAHARASHTRA_PRIORITY,,Nature-focused Maharashtra destination; famous for its peak landscape or outdoor experience.,,,,,NOTABLE,Maharashtra Tourism / Wikipedia / Wikimedia Commons search,,,AI_CURATED_NEEDS_VERIFICATION,2026-09-11,DRAFT_FOR_REVIEW
IN-00288,Toranmal Yevti Point,Maharashtra,,,PEAK,MAHARASHTRA_PRIORITY,,Nature-focused Maharashtra destination; famous for its peak landscape or outdoor experience.,,,,,NOTABLE,Maharashtra Tourism / Wikipedia / Wikimedia Commons search,,,AI_CURATED_NEEDS_VERIFICATION,2026-09-11,DRAFT_FOR_REVIEW
IN-00289,Elephanta Island,Maharashtra,,,ISLAND,MAHARASHTRA_PRIORITY,,Nature-focused Maharashtra destination; famous for its island landscape or outdoor experience.,,,,,RENOWNED,Maharashtra Tourism / Wikipedia / Wikimedia Commons search,,,AI_CURATED_NEEDS_VERIFICATION,2026-09-11,DRAFT_FOR_REVIEW
IN-00290,Khanderi Island,Maharashtra,,,ISLAND,MAHARASHTRA_PRIORITY,,Nature-focused Maharashtra destination; famous for its island landscape or outdoor experience.,,,,,RENOWNED,Maharashtra Tourism / Wikipedia / Wikimedia Commons search,,,AI_CURATED_NEEDS_VERIFICATION,2026-09-11,DRAFT_FOR_REVIEW
IN-00291,Underi Island,Maharashtra,,,ISLAND,MAHARASHTRA_PRIORITY,,Nature-focused Maharashtra destination; famous for its island landscape or outdoor experience.,,,,,RENOWNED,Maharashtra Tourism / Wikipedia / Wikimedia Commons search,,,AI_CURATED_NEEDS_VERIFICATION,2026-09-11,DRAFT_FOR_REVIEW
IN-00292,Murud-Janjira Island Fort,Maharashtra,,,ISLAND,MAHARASHTRA_PRIORITY,,Nature-focused Maharashtra destination; famous for its island landscape or outdoor experience.,,,,,RENOWNED,Maharashtra Tourism / Wikipedia / Wikimedia Commons search,,,AI_CURATED_NEEDS_VERIFICATION,2026-09-11,DRAFT_FOR_REVIEW
IN-00293,Dharamtar creek islands,Maharashtra,,,ISLAND,MAHARASHTRA_PRIORITY,,Nature-focused Maharashtra destination; famous for its island landscape or outdoor experience.,,,,,RENOWNED,Maharashtra Tourism / Wikipedia / Wikimedia Commons search,,,AI_CURATED_NEEDS_VERIFICATION,2026-09-11,DRAFT_FOR_REVIEW
IN-00294,Tarkarli Tsunami Island,Maharashtra,,,ISLAND,MAHARASHTRA_PRIORITY,,Nature-focused Maharashtra destination; famous for its island landscape or outdoor experience.,,,,,RENOWNED,Maharashtra Tourism / Wikipedia / Wikimedia Commons search,,,AI_CURATED_NEEDS_VERIFICATION,2026-09-11,DRAFT_FOR_REVIEW
IN-00295,Sindhudurg island,Maharashtra,,,ISLAND,MAHARASHTRA_PRIORITY,,Nature-focused Maharashtra destination; famous for its island landscape or outdoor experience.,,,,,RENOWNED,Maharashtra Tourism / Wikipedia / Wikimedia Commons search,,,AI_CURATED_NEEDS_VERIFICATION,2026-09-11,DRAFT_FOR_REVIEW
IN-00296,Dolphin Island Tarkarli,Maharashtra,,,ISLAND,MAHARASHTRA_PRIORITY,,Nature-focused Maharashtra destination; famous for its island landscape or outdoor experience.,,,,,RENOWNED,Maharashtra Tourism / Wikipedia / Wikimedia Commons search,,,AI_CURATED_NEEDS_VERIFICATION,2026-09-11,DRAFT_FOR_REVIEW
IN-00297,Morgaon Ashtavinayak,Maharashtra,,,ASHTAVINAYAK,MAHARASHTRA_PRIORITY,,Nature-focused Maharashtra destination; famous for its ashtavinayak landscape or outdoor experience.,,,,,RENOWNED,Maharashtra Tourism / Wikipedia / Wikimedia Commons search,,,AI_CURATED_NEEDS_VERIFICATION,2026-09-11,DRAFT_FOR_REVIEW
IN-00298,Siddhatek Ashtavinayak,Maharashtra,,,ASHTAVINAYAK,MAHARASHTRA_PRIORITY,,Nature-focused Maharashtra destination; famous for its ashtavinayak landscape or outdoor experience.,,,,,RENOWNED,Maharashtra Tourism / Wikipedia / Wikimedia Commons search,,,AI_CURATED_NEEDS_VERIFICATION,2026-09-11,DRAFT_FOR_REVIEW
IN-00299,Pali Ballaleshwar,Maharashtra,,,ASHTAVINAYAK,MAHARASHTRA_PRIORITY,,Nature-focused Maharashtra destination; famous for its ashtavinayak landscape or outdoor experience.,,,,,RENOWNED,Maharashtra Tourism / Wikipedia / Wikimedia Commons search,,,AI_CURATED_NEEDS_VERIFICATION,2026-09-11,DRAFT_FOR_REVIEW
IN-00300,Mahad Varadvinayak,Maharashtra,,,ASHTAVINAYAK,MAHARASHTRA_PRIORITY,,Nature-focused Maharashtra destination; famous for its ashtavinayak landscape or outdoor experience.,,,,,RENOWNED,Maharashtra Tourism / Wikipedia / Wikimedia Commons search,,,AI_CURATED_NEEDS_VERIFICATION,2026-09-11,DRAFT_FOR_REVIEW
IN-00301,Theur Chintamani,Maharashtra,,,ASHTAVINAYAK,MAHARASHTRA_PRIORITY,,Nature-focused Maharashtra destination; famous for its ashtavinayak landscape or outdoor experience.,,,,,RENOWNED,Maharashtra Tourism / Wikipedia / Wikimedia Commons search,,,AI_CURATED_NEEDS_VERIFICATION,2026-09-11,DRAFT_FOR_REVIEW
IN-00302,Lenyadri Girijatmaj,Maharashtra,,,ASHTAVINAYAK,MAHARASHTRA_PRIORITY,,Nature-focused Maharashtra destination; famous for its ashtavinayak landscape or outdoor experience.,,,,,RENOWNED,Maharashtra Tourism / Wikipedia / Wikimedia Commons search,,,AI_CURATED_NEEDS_VERIFICATION,2026-09-11,DRAFT_FOR_REVIEW
IN-00303,Ozar Vighnahar,Maharashtra,,,ASHTAVINAYAK,MAHARASHTRA_PRIORITY,,Nature-focused Maharashtra destination; famous for its ashtavinayak landscape or outdoor experience.,,,,,RENOWNED,Maharashtra Tourism / Wikipedia / Wikimedia Commons search,,,AI_CURATED_NEEDS_VERIFICATION,2026-09-11,DRAFT_FOR_REVIEW
IN-00304,Ranjangaon Mahaganapati,Maharashtra,,,ASHTAVINAYAK,MAHARASHTRA_PRIORITY,,Nature-focused Maharashtra destination; famous for its ashtavinayak landscape or outdoor experience.,,,,,RENOWNED,Maharashtra Tourism / Wikipedia / Wikimedia Commons search,,,AI_CURATED_NEEDS_VERIFICATION,2026-09-11,DRAFT_FOR_REVIEW
IN-00305,Talakona Falls,Andhra Pradesh,,,WATERFALL,INDIA_NATURE,,Famous or notable nature destination associated with Andhra Pradesh; included as a draft nature discovery candidate.,,,,,RENOWNED,Wikipedia/Wikimedia Commons search,,,AI_CURATED_NEEDS_VERIFICATION,2026-09-11,DRAFT_FOR_REVIEW
IN-00306,Ethipothala Falls,Andhra Pradesh,,,WATERFALL,INDIA_NATURE,,Famous or notable nature destination associated with Andhra Pradesh; included as a draft nature discovery candidate.,,,,,RENOWNED,Wikipedia/Wikimedia Commons search,,,AI_CURATED_NEEDS_VERIFICATION,2026-09-11,DRAFT_FOR_REVIEW
IN-00307,Kailasakona Falls,Andhra Pradesh,,,WATERFALL,INDIA_NATURE,,Famous or notable nature destination associated with Andhra Pradesh; included as a draft nature discovery candidate.,,,,,RENOWNED,Wikipedia/Wikimedia Commons search,,,AI_CURATED_NEEDS_VERIFICATION,2026-09-11,DRAFT_FOR_REVIEW
IN-00308,Penchalakona Falls,Andhra Pradesh,,,WATERFALL,INDIA_NATURE,,Famous or notable nature destination associated with Andhra Pradesh; included as a draft nature discovery candidate.,,,,,RENOWNED,Wikipedia/Wikimedia Commons search,,,AI_CURATED_NEEDS_VERIFICATION,2026-09-11,DRAFT_FOR_REVIEW
IN-00309,Kaigal Waterfalls,Andhra Pradesh,,,WATERFALL,INDIA_NATURE,,Famous or notable nature destination associated with Andhra Pradesh; included as a draft nature discovery candidate.,,,,,RENOWNED,Wikipedia/Wikimedia Commons search,,,AI_CURATED_NEEDS_VERIFICATION,2026-09-11,DRAFT_FOR_REVIEW
IN-00310,Kondaveedu waterfalls,Andhra Pradesh,,,WATERFALL,INDIA_NATURE,,Famous or notable nature destination associated with Andhra Pradesh; included as a draft nature discovery candidate.,,,,,RENOWNED,Wikipedia/Wikimedia Commons search,,,AI_CURATED_NEEDS_VERIFICATION,2026-09-11,DRAFT_FOR_REVIEW
IN-00311,Ubbalamadugu Falls,Andhra Pradesh,,,WATERFALL,INDIA_NATURE,,Famous or notable nature destination associated with Andhra Pradesh; included as a draft nature discovery candidate.,,,,,RENOWNED,Wikipedia/Wikimedia Commons search,,,AI_CURATED_NEEDS_VERIFICATION,2026-09-11,DRAFT_FOR_REVIEW
IN-00312,Tada Falls,Andhra Pradesh,,,WATERFALL,INDIA_NATURE,,Famous or notable nature destination associated with Andhra Pradesh; included as a draft nature discovery candidate.,,,,,RENOWNED,Wikipedia/Wikimedia Commons search,,,AI_CURATED_NEEDS_VERIFICATION,2026-09-11,DRAFT_FOR_REVIEW
IN-00313,Kambalakonda waterfalls,Andhra Pradesh,,,WATERFALL,INDIA_NATURE,,Famous or notable nature destination associated with Andhra Pradesh; included as a draft nature discovery candidate.,,,,,RENOWNED,Wikipedia/Wikimedia Commons search,,,AI_CURATED_NEEDS_VERIFICATION,2026-09-11,DRAFT_FOR_REVIEW
IN-00314,Kapila Theertham,Andhra Pradesh,,,WATERFALL,INDIA_NATURE,,Famous or notable nature destination associated with Andhra Pradesh; included as a draft nature discovery candidate.,,,,,RENOWNED,Wikipedia/Wikimedia Commons search,,,AI_CURATED_NEEDS_VERIFICATION,2026-09-11,DRAFT_FOR_REVIEW
IN-00315,Papi Hills,Andhra Pradesh,,,WATERFALL,INDIA_NATURE,,Famous or notable nature destination associated with Andhra Pradesh; included as a draft nature discovery candidate.,,,,,RENOWNED,Wikipedia/Wikimedia Commons search,,,AI_CURATED_NEEDS_VERIFICATION,2026-09-11,DRAFT_FOR_REVIEW
IN-00316,Araku Valley,Andhra Pradesh,,,WATERFALL,INDIA_NATURE,,Famous or notable nature destination associated with Andhra Pradesh; included as a draft nature discovery candidate.,,,,,RENOWNED,Wikipedia/Wikimedia Commons search,,,AI_CURATED_NEEDS_VERIFICATION,2026-09-11,DRAFT_FOR_REVIEW
IN-00317,Borra Caves,Andhra Pradesh,,,WATERFALL,INDIA_NATURE,,Famous or notable nature destination associated with Andhra Pradesh; included as a draft nature discovery candidate.,,,,,NOTABLE,Wikipedia/Wikimedia Commons search,,,AI_CURATED_NEEDS_VERIFICATION,2026-09-11,DRAFT_FOR_REVIEW
IN-00318,Lambasingi,Andhra Pradesh,,,WATERFALL,INDIA_NATURE,,Famous or notable nature destination associated with Andhra Pradesh; included as a draft nature discovery candidate.,,,,,NOTABLE,Wikipedia/Wikimedia Commons search,,,AI_CURATED_NEEDS_VERIFICATION,2026-09-11,DRAFT_FOR_REVIEW
IN-00319,Horsley Hills,Andhra Pradesh,,,WATERFALL,INDIA_NATURE,,Famous or notable nature destination associated with Andhra Pradesh; included as a draft nature discovery candidate.,,,,,NOTABLE,Wikipedia/Wikimedia Commons search,,,AI_CURATED_NEEDS_VERIFICATION,2026-09-11,DRAFT_FOR_REVIEW
IN-00320,Gandikota Gorge,Andhra Pradesh,,,WATERFALL,INDIA_NATURE,,Famous or notable nature destination associated with Andhra Pradesh; included as a draft nature discovery candidate.,,,,,NOTABLE,Wikipedia/Wikimedia Commons search,,,AI_CURATED_NEEDS_VERIFICATION,2026-09-11,DRAFT_FOR_REVIEW
IN-00321,Belum Caves,Andhra Pradesh,,,WATERFALL,INDIA_NATURE,,Famous or notable nature destination associated with Andhra Pradesh; included as a draft nature discovery candidate.,,,,,NOTABLE,Wikipedia/Wikimedia Commons search,,,AI_CURATED_NEEDS_VERIFICATION,2026-09-11,DRAFT_FOR_REVIEW
IN-00322,Pulicat Lake Andhra,Andhra Pradesh,,,WATERFALL,INDIA_NATURE,,Famous or notable nature destination associated with Andhra Pradesh; included as a draft nature discovery candidate.,,,,,NOTABLE,Wikipedia/Wikimedia Commons search,,,AI_CURATED_NEEDS_VERIFICATION,2026-09-11,DRAFT_FOR_REVIEW
IN-00323,Kolleru Lake,Andhra Pradesh,,,WATERFALL,INDIA_NATURE,,Famous or notable nature destination associated with Andhra Pradesh; included as a draft nature discovery candidate.,,,,,NOTABLE,Wikipedia/Wikimedia Commons search,,,AI_CURATED_NEEDS_VERIFICATION,2026-09-11,DRAFT_FOR_REVIEW
IN-00324,Srisailam forests,Andhra Pradesh,,,WATERFALL,INDIA_NATURE,,Famous or notable nature destination associated with Andhra Pradesh; included as a draft nature discovery candidate.,,,,,NOTABLE,Wikipedia/Wikimedia Commons search,,,AI_CURATED_NEEDS_VERIFICATION,2026-09-11,DRAFT_FOR_REVIEW
IN-00325,Tawang,Arunachal Pradesh,,,NATURE,INDIA_NATURE,,Famous or notable nature destination associated with Arunachal Pradesh; included as a draft nature discovery candidate.,,,,,RENOWNED,Wikipedia/Wikimedia Commons search,,,AI_CURATED_NEEDS_VERIFICATION,2026-09-11,DRAFT_FOR_REVIEW
IN-00326,Sela Pass,Arunachal Pradesh,,,NATURE,INDIA_NATURE,,Famous or notable nature destination associated with Arunachal Pradesh; included as a draft nature discovery candidate.,,,,,RENOWNED,Wikipedia/Wikimedia Commons search,,,AI_CURATED_NEEDS_VERIFICATION,2026-09-11,DRAFT_FOR_REVIEW
IN-00327,Nuranang Falls,Arunachal Pradesh,,,NATURE,INDIA_NATURE,,Famous or notable nature destination associated with Arunachal Pradesh; included as a draft nature discovery candidate.,,,,,RENOWNED,Wikipedia/Wikimedia Commons search,,,AI_CURATED_NEEDS_VERIFICATION,2026-09-11,DRAFT_FOR_REVIEW
IN-00328,Bap Teng Kang Waterfall,Arunachal Pradesh,,,NATURE,INDIA_NATURE,,Famous or notable nature destination associated with Arunachal Pradesh; included as a draft nature discovery candidate.,,,,,RENOWNED,Wikipedia/Wikimedia Commons search,,,AI_CURATED_NEEDS_VERIFICATION,2026-09-11,DRAFT_FOR_REVIEW
IN-00329,Sangetsar Lake,Arunachal Pradesh,,,NATURE,INDIA_NATURE,,Famous or notable nature destination associated with Arunachal Pradesh; included as a draft nature discovery candidate.,,,,,RENOWNED,Wikipedia/Wikimedia Commons search,,,AI_CURATED_NEEDS_VERIFICATION,2026-09-11,DRAFT_FOR_REVIEW
IN-00330,Madhuri Lake,Arunachal Pradesh,,,NATURE,INDIA_NATURE,,Famous or notable nature destination associated with Arunachal Pradesh; included as a draft nature discovery candidate.,,,,,RENOWNED,Wikipedia/Wikimedia Commons search,,,AI_CURATED_NEEDS_VERIFICATION,2026-09-11,DRAFT_FOR_REVIEW
IN-00331,Bum La Pass,Arunachal Pradesh,,,NATURE,INDIA_NATURE,,Famous or notable nature destination associated with Arunachal Pradesh; included as a draft nature discovery candidate.,,,,,RENOWNED,Wikipedia/Wikimedia Commons search,,,AI_CURATED_NEEDS_VERIFICATION,2026-09-11,DRAFT_FOR_REVIEW
IN-00332,Ziro Valley,Arunachal Pradesh,,,NATURE,INDIA_NATURE,,Famous or notable nature destination associated with Arunachal Pradesh; included as a draft nature discovery candidate.,,,,,RENOWNED,Wikipedia/Wikimedia Commons search,,,AI_CURATED_NEEDS_VERIFICATION,2026-09-11,DRAFT_FOR_REVIEW
IN-00333,Mechuka Valley,Arunachal Pradesh,,,NATURE,INDIA_NATURE,,Famous or notable nature destination associated with Arunachal Pradesh; included as a draft nature discovery candidate.,,,,,RENOWNED,Wikipedia/Wikimedia Commons search,,,AI_CURATED_NEEDS_VERIFICATION,2026-09-11,DRAFT_FOR_REVIEW
IN-00334,Dirang Valley,Arunachal Pradesh,,,NATURE,INDIA_NATURE,,Famous or notable nature destination associated with Arunachal Pradesh; included as a draft nature discovery candidate.,,,,,RENOWNED,Wikipedia/Wikimedia Commons search,,,AI_CURATED_NEEDS_VERIFICATION,2026-09-11,DRAFT_FOR_REVIEW
IN-00335,Bomdila,Arunachal Pradesh,,,NATURE,INDIA_NATURE,,Famous or notable nature destination associated with Arunachal Pradesh; included as a draft nature discovery candidate.,,,,,RENOWNED,Wikipedia/Wikimedia Commons search,,,AI_CURATED_NEEDS_VERIFICATION,2026-09-11,DRAFT_FOR_REVIEW
IN-00336,Namdapha National Park,Arunachal Pradesh,,,NATURE,INDIA_NATURE,,Famous or notable nature destination associated with Arunachal Pradesh; included as a draft nature discovery candidate.,,,,,RENOWNED,Wikipedia/Wikimedia Commons search,,,AI_CURATED_NEEDS_VERIFICATION,2026-09-11,DRAFT_FOR_REVIEW
IN-00337,Mouling National Park,Arunachal Pradesh,,,NATURE,INDIA_NATURE,,Famous or notable nature destination associated with Arunachal Pradesh; included as a draft nature discovery candidate.,,,,,NOTABLE,Wikipedia/Wikimedia Commons search,,,AI_CURATED_NEEDS_VERIFICATION,2026-09-11,DRAFT_FOR_REVIEW
IN-00338,Eaglenest Wildlife Sanctuary,Arunachal Pradesh,,,NATURE,INDIA_NATURE,,Famous or notable nature destination associated with Arunachal Pradesh; included as a draft nature discovery candidate.,,,,,NOTABLE,Wikipedia/Wikimedia Commons search,,,AI_CURATED_NEEDS_VERIFICATION,2026-09-11,DRAFT_FOR_REVIEW
IN-00339,Pakke Tiger Reserve,Arunachal Pradesh,,,NATURE,INDIA_NATURE,,Famous or notable nature destination associated with Arunachal Pradesh; included as a draft nature discovery candidate.,,,,,NOTABLE,Wikipedia/Wikimedia Commons search,,,AI_CURATED_NEEDS_VERIFICATION,2026-09-11,DRAFT_FOR_REVIEW
IN-00340,Dibang Wildlife Sanctuary,Arunachal Pradesh,,,NATURE,INDIA_NATURE,,Famous or notable nature destination associated with Arunachal Pradesh; included as a draft nature discovery candidate.,,,,,NOTABLE,Wikipedia/Wikimedia Commons search,,,AI_CURATED_NEEDS_VERIFICATION,2026-09-11,DRAFT_FOR_REVIEW
IN-00341,Dihang-Dibang Biosphere Reserve,Arunachal Pradesh,,,NATURE,INDIA_NATURE,,Famous or notable nature destination associated with Arunachal Pradesh; included as a draft nature discovery candidate.,,,,,NOTABLE,Wikipedia/Wikimedia Commons search,,,AI_CURATED_NEEDS_VERIFICATION,2026-09-11,DRAFT_FOR_REVIEW
IN-00342,Siang Valley,Arunachal Pradesh,,,NATURE,INDIA_NATURE,,Famous or notable nature destination associated with Arunachal Pradesh; included as a draft nature discovery candidate.,,,,,NOTABLE,Wikipedia/Wikimedia Commons search,,,AI_CURATED_NEEDS_VERIFICATION,2026-09-11,DRAFT_FOR_REVIEW
IN-00343,Talle Valley,Arunachal Pradesh,,,NATURE,INDIA_NATURE,,Famous or notable nature destination associated with Arunachal Pradesh; included as a draft nature discovery candidate.,,,,,NOTABLE,Wikipedia/Wikimedia Commons search,,,AI_CURATED_NEEDS_VERIFICATION,2026-09-11,DRAFT_FOR_REVIEW
IN-00344,Mayudia Pass,Arunachal Pradesh,,,NATURE,INDIA_NATURE,,Famous or notable nature destination associated with Arunachal Pradesh; included as a draft nature discovery candidate.,,,,,NOTABLE,Wikipedia/Wikimedia Commons search,,,AI_CURATED_NEEDS_VERIFICATION,2026-09-11,DRAFT_FOR_REVIEW
IN-00345,Dong Valley,Arunachal Pradesh,,,NATURE,INDIA_NATURE,,Famous or notable nature destination associated with Arunachal Pradesh; included as a draft nature discovery candidate.,,,,,NOTABLE,Wikipedia/Wikimedia Commons search,,,AI_CURATED_NEEDS_VERIFICATION,2026-09-11,DRAFT_FOR_REVIEW
IN-00346,Anini,Arunachal Pradesh,,,NATURE,INDIA_NATURE,,Famous or notable nature destination associated with Arunachal Pradesh; included as a draft nature discovery candidate.,,,,,NOTABLE,Wikipedia/Wikimedia Commons search,,,AI_CURATED_NEEDS_VERIFICATION,2026-09-11,DRAFT_FOR_REVIEW
IN-00347,Walonga,Arunachal Pradesh,,,NATURE,INDIA_NATURE,,Famous or notable nature destination associated with Arunachal Pradesh; included as a draft nature discovery candidate.,,,,,NOTABLE,Wikipedia/Wikimedia Commons search,,,AI_CURATED_NEEDS_VERIFICATION,2026-09-11,DRAFT_FOR_REVIEW
IN-00348,Pangsau Pass,Arunachal Pradesh,,,NATURE,INDIA_NATURE,,Famous or notable nature destination associated with Arunachal Pradesh; included as a draft nature discovery candidate.,,,,,NOTABLE,Wikipedia/Wikimedia Commons search,,,AI_CURATED_NEEDS_VERIFICATION,2026-09-11,DRAFT_FOR_REVIEW
IN-00349,Golden Pagoda Namsai,Arunachal Pradesh,,,NATURE,INDIA_NATURE,,Famous or notable nature destination associated with Arunachal Pradesh; included as a draft nature discovery candidate.,,,,,NOTABLE,Wikipedia/Wikimedia Commons search,,,AI_CURATED_NEEDS_VERIFICATION,2026-09-11,DRAFT_FOR_REVIEW
IN-00350,Shonga-tser Lake,Arunachal Pradesh,,,NATURE,INDIA_NATURE,,Famous or notable nature destination associated with Arunachal Pradesh; included as a draft nature discovery candidate.,,,,,NOTABLE,Wikipedia/Wikimedia Commons search,,,AI_CURATED_NEEDS_VERIFICATION,2026-09-11,DRAFT_FOR_REVIEW
IN-00351,Gorsam Chorten landscape,Arunachal Pradesh,,,NATURE,INDIA_NATURE,,Famous or notable nature destination associated with Arunachal Pradesh; included as a draft nature discovery candidate.,,,,,NOTABLE,Wikipedia/Wikimedia Commons search,,,AI_CURATED_NEEDS_VERIFICATION,2026-09-11,DRAFT_FOR_REVIEW
IN-00352,Kaziranga National Park,Assam,,,NATURE,INDIA_NATURE,,Famous or notable nature destination associated with Assam; included as a draft nature discovery candidate.,,,,,RENOWNED,Wikipedia/Wikimedia Commons search,,,AI_CURATED_NEEDS_VERIFICATION,2026-09-11,DRAFT_FOR_REVIEW
IN-00353,Manas National Park,Assam,,,NATURE,INDIA_NATURE,,Famous or notable nature destination associated with Assam; included as a draft nature discovery candidate.,,,,,RENOWNED,Wikipedia/Wikimedia Commons search,,,AI_CURATED_NEEDS_VERIFICATION,2026-09-11,DRAFT_FOR_REVIEW
IN-00354,Nameri National Park,Assam,,,NATURE,INDIA_NATURE,,Famous or notable nature destination associated with Assam; included as a draft nature discovery candidate.,,,,,RENOWNED,Wikipedia/Wikimedia Commons search,,,AI_CURATED_NEEDS_VERIFICATION,2026-09-11,DRAFT_FOR_REVIEW
IN-00355,Orang National Park,Assam,,,NATURE,INDIA_NATURE,,Famous or notable nature destination associated with Assam; included as a draft nature discovery candidate.,,,,,RENOWNED,Wikipedia/Wikimedia Commons search,,,AI_CURATED_NEEDS_VERIFICATION,2026-09-11,DRAFT_FOR_REVIEW
IN-00356,Dibru-Saikhowa National Park,Assam,,,NATURE,INDIA_NATURE,,Famous or notable nature destination associated with Assam; included as a draft nature discovery candidate.,,,,,RENOWNED,Wikipedia/Wikimedia Commons search,,,AI_CURATED_NEEDS_VERIFICATION,2026-09-11,DRAFT_FOR_REVIEW
IN-00357,Pobitora Wildlife Sanctuary,Assam,,,NATURE,INDIA_NATURE,,Famous or notable nature destination associated with Assam; included as a draft nature discovery candidate.,,,,,RENOWNED,Wikipedia/Wikimedia Commons search,,,AI_CURATED_NEEDS_VERIFICATION,2026-09-11,DRAFT_FOR_REVIEW
IN-00358,Hoollongapar Gibbon Sanctuary,Assam,,,NATURE,INDIA_NATURE,,Famous or notable nature destination associated with Assam; included as a draft nature discovery candidate.,,,,,RENOWNED,Wikipedia/Wikimedia Commons search,,,AI_CURATED_NEEDS_VERIFICATION,2026-09-11,DRAFT_FOR_REVIEW
IN-00359,Deepor Beel,Assam,,,NATURE,INDIA_NATURE,,Famous or notable nature destination associated with Assam; included as a draft nature discovery candidate.,,,,,RENOWNED,Wikipedia/Wikimedia Commons search,,,AI_CURATED_NEEDS_VERIFICATION,2026-09-11,DRAFT_FOR_REVIEW
IN-00360,Haflong,Assam,,,NATURE,INDIA_NATURE,,Famous or notable nature destination associated with Assam; included as a draft nature discovery candidate.,,,,,RENOWNED,Wikipedia/Wikimedia Commons search,,,AI_CURATED_NEEDS_VERIFICATION,2026-09-11,DRAFT_FOR_REVIEW
IN-00361,Umrangso,Assam,,,NATURE,INDIA_NATURE,,Famous or notable nature destination associated with Assam; included as a draft nature discovery candidate.,,,,,RENOWNED,Wikipedia/Wikimedia Commons search,,,AI_CURATED_NEEDS_VERIFICATION,2026-09-11,DRAFT_FOR_REVIEW
IN-00362,Kakochang Waterfall,Assam,,,NATURE,INDIA_NATURE,,Famous or notable nature destination associated with Assam; included as a draft nature discovery candidate.,,,,,RENOWNED,Wikipedia/Wikimedia Commons search,,,AI_CURATED_NEEDS_VERIFICATION,2026-09-11,DRAFT_FOR_REVIEW
IN-00363,Panimur Waterfall,Assam,,,NATURE,INDIA_NATURE,,Famous or notable nature destination associated with Assam; included as a draft nature discovery candidate.,,,,,RENOWNED,Wikipedia/Wikimedia Commons search,,,AI_CURATED_NEEDS_VERIFICATION,2026-09-11,DRAFT_FOR_REVIEW
IN-00364,Chapanala Waterfall,Assam,,,NATURE,INDIA_NATURE,,Famous or notable nature destination associated with Assam; included as a draft nature discovery candidate.,,,,,NOTABLE,Wikipedia/Wikimedia Commons search,,,AI_CURATED_NEEDS_VERIFICATION,2026-09-11,DRAFT_FOR_REVIEW
IN-00365,Sivakunda Waterfall,Assam,,,NATURE,INDIA_NATURE,,Famous or notable nature destination associated with Assam; included as a draft nature discovery candidate.,,,,,NOTABLE,Wikipedia/Wikimedia Commons search,,,AI_CURATED_NEEDS_VERIFICATION,2026-09-11,DRAFT_FOR_REVIEW
IN-00366,Dikrut Waterfall,Assam,,,NATURE,INDIA_NATURE,,Famous or notable nature destination associated with Assam; included as a draft nature discovery candidate.,,,,,NOTABLE,Wikipedia/Wikimedia Commons search,,,AI_CURATED_NEEDS_VERIFICATION,2026-09-11,DRAFT_FOR_REVIEW
IN-00367,Bheloghat Waterfall,Assam,,,NATURE,INDIA_NATURE,,Famous or notable nature destination associated with Assam; included as a draft nature discovery candidate.,,,,,NOTABLE,Wikipedia/Wikimedia Commons search,,,AI_CURATED_NEEDS_VERIFICATION,2026-09-11,DRAFT_FOR_REVIEW
IN-00368,Bendao Baiglai Waterfall,Assam,,,NATURE,INDIA_NATURE,,Famous or notable nature destination associated with Assam; included as a draft nature discovery candidate.,,,,,NOTABLE,Wikipedia/Wikimedia Commons search,,,AI_CURATED_NEEDS_VERIFICATION,2026-09-11,DRAFT_FOR_REVIEW
IN-00369,Haflong Lake,Assam,,,NATURE,INDIA_NATURE,,Famous or notable nature destination associated with Assam; included as a draft nature discovery candidate.,,,,,NOTABLE,Wikipedia/Wikimedia Commons search,,,AI_CURATED_NEEDS_VERIFICATION,2026-09-11,DRAFT_FOR_REVIEW
IN-00370,Majuli river island landscape,Assam,,,NATURE,INDIA_NATURE,,Famous or notable nature destination associated with Assam; included as a draft nature discovery candidate.,,,,,NOTABLE,Wikipedia/Wikimedia Commons search,,,AI_CURATED_NEEDS_VERIFICATION,2026-09-11,DRAFT_FOR_REVIEW
IN-00371,Karbi Anglong hills,Assam,,,NATURE,INDIA_NATURE,,Famous or notable nature destination associated with Assam; included as a draft nature discovery candidate.,,,,,NOTABLE,Wikipedia/Wikimedia Commons search,,,AI_CURATED_NEEDS_VERIFICATION,2026-09-11,DRAFT_FOR_REVIEW
IN-00372,Kakolat Falls,Bihar,,,NATURE,INDIA_NATURE,,Famous or notable nature destination associated with Bihar; included as a draft nature discovery candidate.,,,,,RENOWNED,Wikipedia/Wikimedia Commons search,,,AI_CURATED_NEEDS_VERIFICATION,2026-09-11,DRAFT_FOR_REVIEW
IN-00373,Karkat Waterfall,Bihar,,,NATURE,INDIA_NATURE,,Famous or notable nature destination associated with Bihar; included as a draft nature discovery candidate.,,,,,RENOWNED,Wikipedia/Wikimedia Commons search,,,AI_CURATED_NEEDS_VERIFICATION,2026-09-11,DRAFT_FOR_REVIEW
IN-00374,Telhar Kund,Bihar,,,NATURE,INDIA_NATURE,,Famous or notable nature destination associated with Bihar; included as a draft nature discovery candidate.,,,,,RENOWNED,Wikipedia/Wikimedia Commons search,,,AI_CURATED_NEEDS_VERIFICATION,2026-09-11,DRAFT_FOR_REVIEW
IN-00375,Dhua Kund,Bihar,,,NATURE,INDIA_NATURE,,Famous or notable nature destination associated with Bihar; included as a draft nature discovery candidate.,,,,,RENOWNED,Wikipedia/Wikimedia Commons search,,,AI_CURATED_NEEDS_VERIFICATION,2026-09-11,DRAFT_FOR_REVIEW
IN-00376,Manjhar Kund,Bihar,,,NATURE,INDIA_NATURE,,Famous or notable nature destination associated with Bihar; included as a draft nature discovery candidate.,,,,,RENOWNED,Wikipedia/Wikimedia Commons search,,,AI_CURATED_NEEDS_VERIFICATION,2026-09-11,DRAFT_FOR_REVIEW
IN-00377,Valmiki National Park,Bihar,,,NATURE,INDIA_NATURE,,Famous or notable nature destination associated with Bihar; included as a draft nature discovery candidate.,,,,,RENOWNED,Wikipedia/Wikimedia Commons search,,,AI_CURATED_NEEDS_VERIFICATION,2026-09-11,DRAFT_FOR_REVIEW
IN-00378,Vikramshila Gangetic Dolphin Sanctuary,Bihar,,,NATURE,INDIA_NATURE,,Famous or notable nature destination associated with Bihar; included as a draft nature discovery candidate.,,,,,RENOWNED,Wikipedia/Wikimedia Commons search,,,AI_CURATED_NEEDS_VERIFICATION,2026-09-11,DRAFT_FOR_REVIEW
IN-00379,Kaimur Wildlife Sanctuary,Bihar,,,NATURE,INDIA_NATURE,,Famous or notable nature destination associated with Bihar; included as a draft nature discovery candidate.,,,,,RENOWNED,Wikipedia/Wikimedia Commons search,,,AI_CURATED_NEEDS_VERIFICATION,2026-09-11,DRAFT_FOR_REVIEW
IN-00380,Rajgir hills,Bihar,,,NATURE,INDIA_NATURE,,Famous or notable nature destination associated with Bihar; included as a draft nature discovery candidate.,,,,,RENOWNED,Wikipedia/Wikimedia Commons search,,,AI_CURATED_NEEDS_VERIFICATION,2026-09-11,DRAFT_FOR_REVIEW
IN-00381,Rajgir Nature Safari,Bihar,,,NATURE,INDIA_NATURE,,Famous or notable nature destination associated with Bihar; included as a draft nature discovery candidate.,,,,,RENOWNED,Wikipedia/Wikimedia Commons search,,,AI_CURATED_NEEDS_VERIFICATION,2026-09-11,DRAFT_FOR_REVIEW
IN-00382,Kanwar Lake,Bihar,,,NATURE,INDIA_NATURE,,Famous or notable nature destination associated with Bihar; included as a draft nature discovery candidate.,,,,,RENOWNED,Wikipedia/Wikimedia Commons search,,,AI_CURATED_NEEDS_VERIFICATION,2026-09-11,DRAFT_FOR_REVIEW
IN-00383,Gogabill Lake,Bihar,,,NATURE,INDIA_NATURE,,Famous or notable nature destination associated with Bihar; included as a draft nature discovery candidate.,,,,,RENOWNED,Wikipedia/Wikimedia Commons search,,,AI_CURATED_NEEDS_VERIFICATION,2026-09-11,DRAFT_FOR_REVIEW
IN-00384,Sanjay Gandhi Biological Park,Bihar,,,NATURE,INDIA_NATURE,,Famous or notable nature destination associated with Bihar; included as a draft nature discovery candidate.,,,,,NOTABLE,Wikipedia/Wikimedia Commons search,,,AI_CURATED_NEEDS_VERIFICATION,2026-09-11,DRAFT_FOR_REVIEW
IN-00385,Ganga riverfront Patna,Bihar,,,NATURE,INDIA_NATURE,,Famous or notable nature destination associated with Bihar; included as a draft nature discovery candidate.,,,,,NOTABLE,Wikipedia/Wikimedia Commons search,,,AI_CURATED_NEEDS_VERIFICATION,2026-09-11,DRAFT_FOR_REVIEW
IN-00386,Sone river valley,Bihar,,,NATURE,INDIA_NATURE,,Famous or notable nature destination associated with Bihar; included as a draft nature discovery candidate.,,,,,NOTABLE,Wikipedia/Wikimedia Commons search,,,AI_CURATED_NEEDS_VERIFICATION,2026-09-11,DRAFT_FOR_REVIEW
IN-00387,Chitrakote Falls,Chhattisgarh,,,NATURE,INDIA_NATURE,,Famous or notable nature destination associated with Chhattisgarh; included as a draft nature discovery candidate.,,,,,RENOWNED,Wikipedia/Wikimedia Commons search,,,AI_CURATED_NEEDS_VERIFICATION,2026-09-11,DRAFT_FOR_REVIEW
IN-00388,Tirathgarh Falls,Chhattisgarh,,,NATURE,INDIA_NATURE,,Famous or notable nature destination associated with Chhattisgarh; included as a draft nature discovery candidate.,,,,,RENOWNED,Wikipedia/Wikimedia Commons search,,,AI_CURATED_NEEDS_VERIFICATION,2026-09-11,DRAFT_FOR_REVIEW
IN-00389,Amritdhara Falls,Chhattisgarh,,,NATURE,INDIA_NATURE,,Famous or notable nature destination associated with Chhattisgarh; included as a draft nature discovery candidate.,,,,,RENOWNED,Wikipedia/Wikimedia Commons search,,,AI_CURATED_NEEDS_VERIFICATION,2026-09-11,DRAFT_FOR_REVIEW
IN-00390,Tamda Ghumar Falls,Chhattisgarh,,,NATURE,INDIA_NATURE,,Famous or notable nature destination associated with Chhattisgarh; included as a draft nature discovery candidate.,,,,,RENOWNED,Wikipedia/Wikimedia Commons search,,,AI_CURATED_NEEDS_VERIFICATION,2026-09-11,DRAFT_FOR_REVIEW
IN-00391,Mendri Ghumar Falls,Chhattisgarh,,,NATURE,INDIA_NATURE,,Famous or notable nature destination associated with Chhattisgarh; included as a draft nature discovery candidate.,,,,,RENOWNED,Wikipedia/Wikimedia Commons search,,,AI_CURATED_NEEDS_VERIFICATION,2026-09-11,DRAFT_FOR_REVIEW
IN-00392,Kanger Valley National Park,Chhattisgarh,,,NATURE,INDIA_NATURE,,Famous or notable nature destination associated with Chhattisgarh; included as a draft nature discovery candidate.,,,,,RENOWNED,Wikipedia/Wikimedia Commons search,,,AI_CURATED_NEEDS_VERIFICATION,2026-09-11,DRAFT_FOR_REVIEW
IN-00393,Indravati National Park,Chhattisgarh,,,NATURE,INDIA_NATURE,,Famous or notable nature destination associated with Chhattisgarh; included as a draft nature discovery candidate.,,,,,RENOWNED,Wikipedia/Wikimedia Commons search,,,AI_CURATED_NEEDS_VERIFICATION,2026-09-11,DRAFT_FOR_REVIEW
IN-00394,Guru Ghasidas National Park,Chhattisgarh,,,NATURE,INDIA_NATURE,,Famous or notable nature destination associated with Chhattisgarh; included as a draft nature discovery candidate.,,,,,RENOWNED,Wikipedia/Wikimedia Commons search,,,AI_CURATED_NEEDS_VERIFICATION,2026-09-11,DRAFT_FOR_REVIEW
IN-00395,Achanakmar Wildlife Sanctuary,Chhattisgarh,,,NATURE,INDIA_NATURE,,Famous or notable nature destination associated with Chhattisgarh; included as a draft nature discovery candidate.,,,,,RENOWNED,Wikipedia/Wikimedia Commons search,,,AI_CURATED_NEEDS_VERIFICATION,2026-09-11,DRAFT_FOR_REVIEW
IN-00396,Barnawapara Wildlife Sanctuary,Chhattisgarh,,,NATURE,INDIA_NATURE,,Famous or notable nature destination associated with Chhattisgarh; included as a draft nature discovery candidate.,,,,,RENOWNED,Wikipedia/Wikimedia Commons search,,,AI_CURATED_NEEDS_VERIFICATION,2026-09-11,DRAFT_FOR_REVIEW
IN-00397,Udanti-Sitanadi Tiger Reserve,Chhattisgarh,,,NATURE,INDIA_NATURE,,Famous or notable nature destination associated with Chhattisgarh; included as a draft nature discovery candidate.,,,,,RENOWNED,Wikipedia/Wikimedia Commons search,,,AI_CURATED_NEEDS_VERIFICATION,2026-09-11,DRAFT_FOR_REVIEW
IN-00398,Bhoramdeo forest landscape,Chhattisgarh,,,NATURE,INDIA_NATURE,,Famous or notable nature destination associated with Chhattisgarh; included as a draft nature discovery candidate.,,,,,RENOWNED,Wikipedia/Wikimedia Commons search,,,AI_CURATED_NEEDS_VERIFICATION,2026-09-11,DRAFT_FOR_REVIEW
IN-00399,Mainpat,Chhattisgarh,,,NATURE,INDIA_NATURE,,Famous or notable nature destination associated with Chhattisgarh; included as a draft nature discovery candidate.,,,,,NOTABLE,Wikipedia/Wikimedia Commons search,,,AI_CURATED_NEEDS_VERIFICATION,2026-09-11,DRAFT_FOR_REVIEW
IN-00400,Chirmiri hills,Chhattisgarh,,,NATURE,INDIA_NATURE,,Famous or notable nature destination associated with Chhattisgarh; included as a draft nature discovery candidate.,,,,,NOTABLE,Wikipedia/Wikimedia Commons search,,,AI_CURATED_NEEDS_VERIFICATION,2026-09-11,DRAFT_FOR_REVIEW
IN-00401,Amarkantak approach,Chhattisgarh,,,NATURE,INDIA_NATURE,,Famous or notable nature destination associated with Chhattisgarh; included as a draft nature discovery candidate.,,,,,NOTABLE,Wikipedia/Wikimedia Commons search,,,AI_CURATED_NEEDS_VERIFICATION,2026-09-11,DRAFT_FOR_REVIEW
IN-00402,Danteshwari river landscape,Chhattisgarh,,,NATURE,INDIA_NATURE,,Famous or notable nature destination associated with Chhattisgarh; included as a draft nature discovery candidate.,,,,,NOTABLE,Wikipedia/Wikimedia Commons search,,,AI_CURATED_NEEDS_VERIFICATION,2026-09-11,DRAFT_FOR_REVIEW
IN-00403,Kotumsar Cave,Chhattisgarh,,,NATURE,INDIA_NATURE,,Famous or notable nature destination associated with Chhattisgarh; included as a draft nature discovery candidate.,,,,,NOTABLE,Wikipedia/Wikimedia Commons search,,,AI_CURATED_NEEDS_VERIFICATION,2026-09-11,DRAFT_FOR_REVIEW
IN-00404,Kailash Cave,Chhattisgarh,,,NATURE,INDIA_NATURE,,Famous or notable nature destination associated with Chhattisgarh; included as a draft nature discovery candidate.,,,,,NOTABLE,Wikipedia/Wikimedia Commons search,,,AI_CURATED_NEEDS_VERIFICATION,2026-09-11,DRAFT_FOR_REVIEW
IN-00405,Kutumsar caves,Chhattisgarh,,,NATURE,INDIA_NATURE,,Famous or notable nature destination associated with Chhattisgarh; included as a draft nature discovery candidate.,,,,,NOTABLE,Wikipedia/Wikimedia Commons search,,,AI_CURATED_NEEDS_VERIFICATION,2026-09-11,DRAFT_FOR_REVIEW
IN-00406,Tirathgarh valley,Chhattisgarh,,,NATURE,INDIA_NATURE,,Famous or notable nature destination associated with Chhattisgarh; included as a draft nature discovery candidate.,,,,,NOTABLE,Wikipedia/Wikimedia Commons search,,,AI_CURATED_NEEDS_VERIFICATION,2026-09-11,DRAFT_FOR_REVIEW
IN-00407,Dudhsagar Falls,Goa,,,NATURE,INDIA_NATURE,,Famous or notable nature destination associated with Goa; included as a draft nature discovery candidate.,,,,,RENOWNED,Wikipedia/Wikimedia Commons search,,,AI_CURATED_NEEDS_VERIFICATION,2026-09-11,DRAFT_FOR_REVIEW
IN-00408,Arvalem Falls,Goa,,,NATURE,INDIA_NATURE,,Famous or notable nature destination associated with Goa; included as a draft nature discovery candidate.,,,,,RENOWNED,Wikipedia/Wikimedia Commons search,,,AI_CURATED_NEEDS_VERIFICATION,2026-09-11,DRAFT_FOR_REVIEW
IN-00409,Kesarval Falls,Goa,,,NATURE,INDIA_NATURE,,Famous or notable nature destination associated with Goa; included as a draft nature discovery candidate.,,,,,RENOWNED,Wikipedia/Wikimedia Commons search,,,AI_CURATED_NEEDS_VERIFICATION,2026-09-11,DRAFT_FOR_REVIEW
IN-00410,Tamdi Surla Falls,Goa,,,NATURE,INDIA_NATURE,,Famous or notable nature destination associated with Goa; included as a draft nature discovery candidate.,,,,,RENOWNED,Wikipedia/Wikimedia Commons search,,,AI_CURATED_NEEDS_VERIFICATION,2026-09-11,DRAFT_FOR_REVIEW
IN-00411,Netravali Wildlife Sanctuary,Goa,,,NATURE,INDIA_NATURE,,Famous or notable nature destination associated with Goa; included as a draft nature discovery candidate.,,,,,RENOWNED,Wikipedia/Wikimedia Commons search,,,AI_CURATED_NEEDS_VERIFICATION,2026-09-11,DRAFT_FOR_REVIEW
IN-00412,Mollem National Park,Goa,,,NATURE,INDIA_NATURE,,Famous or notable nature destination associated with Goa; included as a draft nature discovery candidate.,,,,,RENOWNED,Wikipedia/Wikimedia Commons search,,,AI_CURATED_NEEDS_VERIFICATION,2026-09-11,DRAFT_FOR_REVIEW
IN-00413,Cotigao Wildlife Sanctuary,Goa,,,NATURE,INDIA_NATURE,,Famous or notable nature destination associated with Goa; included as a draft nature discovery candidate.,,,,,RENOWNED,Wikipedia/Wikimedia Commons search,,,AI_CURATED_NEEDS_VERIFICATION,2026-09-11,DRAFT_FOR_REVIEW
IN-00414,Bhagwan Mahavir Wildlife Sanctuary,Goa,,,NATURE,INDIA_NATURE,,Famous or notable nature destination associated with Goa; included as a draft nature discovery candidate.,,,,,RENOWNED,Wikipedia/Wikimedia Commons search,,,AI_CURATED_NEEDS_VERIFICATION,2026-09-11,DRAFT_FOR_REVIEW
IN-00415,Salim Ali Bird Sanctuary,Goa,,,NATURE,INDIA_NATURE,,Famous or notable nature destination associated with Goa; included as a draft nature discovery candidate.,,,,,RENOWNED,Wikipedia/Wikimedia Commons search,,,AI_CURATED_NEEDS_VERIFICATION,2026-09-11,DRAFT_FOR_REVIEW
IN-00416,Palolem Beach,Goa,,,NATURE,INDIA_NATURE,,Famous or notable nature destination associated with Goa; included as a draft nature discovery candidate.,,,,,RENOWNED,Wikipedia/Wikimedia Commons search,,,AI_CURATED_NEEDS_VERIFICATION,2026-09-11,DRAFT_FOR_REVIEW
IN-00417,Agonda Beach,Goa,,,NATURE,INDIA_NATURE,,Famous or notable nature destination associated with Goa; included as a draft nature discovery candidate.,,,,,RENOWNED,Wikipedia/Wikimedia Commons search,,,AI_CURATED_NEEDS_VERIFICATION,2026-09-11,DRAFT_FOR_REVIEW
IN-00418,Baga Beach,Goa,,,NATURE,INDIA_NATURE,,Famous or notable nature destination associated with Goa; included as a draft nature discovery candidate.,,,,,RENOWNED,Wikipedia/Wikimedia Commons search,,,AI_CURATED_NEEDS_VERIFICATION,2026-09-11,DRAFT_FOR_REVIEW
IN-00419,Calangute Beach,Goa,,,NATURE,INDIA_NATURE,,Famous or notable nature destination associated with Goa; included as a draft nature discovery candidate.,,,,,NOTABLE,Wikipedia/Wikimedia Commons search,,,AI_CURATED_NEEDS_VERIFICATION,2026-09-11,DRAFT_FOR_REVIEW
IN-00420,Anjuna Beach,Goa,,,NATURE,INDIA_NATURE,,Famous or notable nature destination associated with Goa; included as a draft nature discovery candidate.,,,,,NOTABLE,Wikipedia/Wikimedia Commons search,,,AI_CURATED_NEEDS_VERIFICATION,2026-09-11,DRAFT_FOR_REVIEW
IN-00421,Vagator Beach,Goa,,,NATURE,INDIA_NATURE,,Famous or notable nature destination associated with Goa; included as a draft nature discovery candidate.,,,,,NOTABLE,Wikipedia/Wikimedia Commons search,,,AI_CURATED_NEEDS_VERIFICATION,2026-09-11,DRAFT_FOR_REVIEW
IN-00422,Cola Beach,Goa,,,NATURE,INDIA_NATURE,,Famous or notable nature destination associated with Goa; included as a draft nature discovery candidate.,,,,,NOTABLE,Wikipedia/Wikimedia Commons search,,,AI_CURATED_NEEDS_VERIFICATION,2026-09-11,DRAFT_FOR_REVIEW
IN-00423,Butterfly Beach,Goa,,,NATURE,INDIA_NATURE,,Famous or notable nature destination associated with Goa; included as a draft nature discovery candidate.,,,,,NOTABLE,Wikipedia/Wikimedia Commons search,,,AI_CURATED_NEEDS_VERIFICATION,2026-09-11,DRAFT_FOR_REVIEW
IN-00424,Butterfly Conservatory,Goa,,,NATURE,INDIA_NATURE,,Famous or notable nature destination associated with Goa; included as a draft nature discovery candidate.,,,,,NOTABLE,Wikipedia/Wikimedia Commons search,,,AI_CURATED_NEEDS_VERIFICATION,2026-09-11,DRAFT_FOR_REVIEW
IN-00425,Divar island wetlands,Goa,,,NATURE,INDIA_NATURE,,Famous or notable nature destination associated with Goa; included as a draft nature discovery candidate.,,,,,NOTABLE,Wikipedia/Wikimedia Commons search,,,AI_CURATED_NEEDS_VERIFICATION,2026-09-11,DRAFT_FOR_REVIEW
IN-00426,Chorla Ghat,Goa,,,NATURE,INDIA_NATURE,,Famous or notable nature destination associated with Goa; included as a draft nature discovery candidate.,,,,,NOTABLE,Wikipedia/Wikimedia Commons search,,,AI_CURATED_NEEDS_VERIFICATION,2026-09-11,DRAFT_FOR_REVIEW
IN-00427,Gir National Park,Gujarat,,,NATURE,INDIA_NATURE,,Famous or notable nature destination associated with Gujarat; included as a draft nature discovery candidate.,,,,,RENOWNED,Wikipedia/Wikimedia Commons search,,,AI_CURATED_NEEDS_VERIFICATION,2026-09-11,DRAFT_FOR_REVIEW
IN-00428,Little Rann of Kutch,Gujarat,,,NATURE,INDIA_NATURE,,Famous or notable nature destination associated with Gujarat; included as a draft nature discovery candidate.,,,,,RENOWNED,Wikipedia/Wikimedia Commons search,,,AI_CURATED_NEEDS_VERIFICATION,2026-09-11,DRAFT_FOR_REVIEW
IN-00429,Great Rann of Kutch,Gujarat,,,NATURE,INDIA_NATURE,,Famous or notable nature destination associated with Gujarat; included as a draft nature discovery candidate.,,,,,RENOWNED,Wikipedia/Wikimedia Commons search,,,AI_CURATED_NEEDS_VERIFICATION,2026-09-11,DRAFT_FOR_REVIEW
IN-00430,Girnar hills,Gujarat,,,NATURE,INDIA_NATURE,,Famous or notable nature destination associated with Gujarat; included as a draft nature discovery candidate.,,,,,RENOWNED,Wikipedia/Wikimedia Commons search,,,AI_CURATED_NEEDS_VERIFICATION,2026-09-11,DRAFT_FOR_REVIEW
IN-00431,Saputara,Gujarat,,,NATURE,INDIA_NATURE,,Famous or notable nature destination associated with Gujarat; included as a draft nature discovery candidate.,,,,,RENOWNED,Wikipedia/Wikimedia Commons search,,,AI_CURATED_NEEDS_VERIFICATION,2026-09-11,DRAFT_FOR_REVIEW
IN-00432,Wilson Hills,Gujarat,,,NATURE,INDIA_NATURE,,Famous or notable nature destination associated with Gujarat; included as a draft nature discovery candidate.,,,,,RENOWNED,Wikipedia/Wikimedia Commons search,,,AI_CURATED_NEEDS_VERIFICATION,2026-09-11,DRAFT_FOR_REVIEW
IN-00433,Polo Forest,Gujarat,,,NATURE,INDIA_NATURE,,Famous or notable nature destination associated with Gujarat; included as a draft nature discovery candidate.,,,,,RENOWNED,Wikipedia/Wikimedia Commons search,,,AI_CURATED_NEEDS_VERIFICATION,2026-09-11,DRAFT_FOR_REVIEW
IN-00434,Marine National Park,Gujarat,,,NATURE,INDIA_NATURE,,Famous or notable nature destination associated with Gujarat; included as a draft nature discovery candidate.,,,,,RENOWNED,Wikipedia/Wikimedia Commons search,,,AI_CURATED_NEEDS_VERIFICATION,2026-09-11,DRAFT_FOR_REVIEW
IN-00435,Narara Reef,Gujarat,,,NATURE,INDIA_NATURE,,Famous or notable nature destination associated with Gujarat; included as a draft nature discovery candidate.,,,,,RENOWNED,Wikipedia/Wikimedia Commons search,,,AI_CURATED_NEEDS_VERIFICATION,2026-09-11,DRAFT_FOR_REVIEW
IN-00436,Nalsarovar Bird Sanctuary,Gujarat,,,NATURE,INDIA_NATURE,,Famous or notable nature destination associated with Gujarat; included as a draft nature discovery candidate.,,,,,RENOWNED,Wikipedia/Wikimedia Commons search,,,AI_CURATED_NEEDS_VERIFICATION,2026-09-11,DRAFT_FOR_REVIEW
IN-00437,Thol Lake,Gujarat,,,NATURE,INDIA_NATURE,,Famous or notable nature destination associated with Gujarat; included as a draft nature discovery candidate.,,,,,RENOWNED,Wikipedia/Wikimedia Commons search,,,AI_CURATED_NEEDS_VERIFICATION,2026-09-11,DRAFT_FOR_REVIEW
IN-00438,Hingolgadh Nature Education Sanctuary,Gujarat,,,NATURE,INDIA_NATURE,,Famous or notable nature destination associated with Gujarat; included as a draft nature discovery candidate.,,,,,RENOWNED,Wikipedia/Wikimedia Commons search,,,AI_CURATED_NEEDS_VERIFICATION,2026-09-11,DRAFT_FOR_REVIEW
IN-00439,Jambughoda Wildlife Sanctuary,Gujarat,,,NATURE,INDIA_NATURE,,Famous or notable nature destination associated with Gujarat; included as a draft nature discovery candidate.,,,,,NOTABLE,Wikipedia/Wikimedia Commons search,,,AI_CURATED_NEEDS_VERIFICATION,2026-09-11,DRAFT_FOR_REVIEW
IN-00440,Shoolpaneshwar Wildlife Sanctuary,Gujarat,,,NATURE,INDIA_NATURE,,Famous or notable nature destination associated with Gujarat; included as a draft nature discovery candidate.,,,,,NOTABLE,Wikipedia/Wikimedia Commons search,,,AI_CURATED_NEEDS_VERIFICATION,2026-09-11,DRAFT_FOR_REVIEW
IN-00441,Barda Wildlife Sanctuary,Gujarat,,,NATURE,INDIA_NATURE,,Famous or notable nature destination associated with Gujarat; included as a draft nature discovery candidate.,,,,,NOTABLE,Wikipedia/Wikimedia Commons search,,,AI_CURATED_NEEDS_VERIFICATION,2026-09-11,DRAFT_FOR_REVIEW
IN-00442,Velavadar Blackbuck National Park,Gujarat,,,NATURE,INDIA_NATURE,,Famous or notable nature destination associated with Gujarat; included as a draft nature discovery candidate.,,,,,NOTABLE,Wikipedia/Wikimedia Commons search,,,AI_CURATED_NEEDS_VERIFICATION,2026-09-11,DRAFT_FOR_REVIEW
IN-00443,Zarwani Falls,Gujarat,,,NATURE,INDIA_NATURE,,Famous or notable nature destination associated with Gujarat; included as a draft nature discovery candidate.,,,,,NOTABLE,Wikipedia/Wikimedia Commons search,,,AI_CURATED_NEEDS_VERIFICATION,2026-09-11,DRAFT_FOR_REVIEW
IN-00444,Gira Falls,Gujarat,,,NATURE,INDIA_NATURE,,Famous or notable nature destination associated with Gujarat; included as a draft nature discovery candidate.,,,,,NOTABLE,Wikipedia/Wikimedia Commons search,,,AI_CURATED_NEEDS_VERIFICATION,2026-09-11,DRAFT_FOR_REVIEW
IN-00445,Girmal Falls,Gujarat,,,NATURE,INDIA_NATURE,,Famous or notable nature destination associated with Gujarat; included as a draft nature discovery candidate.,,,,,NOTABLE,Wikipedia/Wikimedia Commons search,,,AI_CURATED_NEEDS_VERIFICATION,2026-09-11,DRAFT_FOR_REVIEW
IN-00446,Ninai Falls,Gujarat,,,NATURE,INDIA_NATURE,,Famous or notable nature destination associated with Gujarat; included as a draft nature discovery candidate.,,,,,NOTABLE,Wikipedia/Wikimedia Commons search,,,AI_CURATED_NEEDS_VERIFICATION,2026-09-11,DRAFT_FOR_REVIEW
IN-00447,Hathni Waterfall,Gujarat,,,NATURE,INDIA_NATURE,,Famous or notable nature destination associated with Gujarat; included as a draft nature discovery candidate.,,,,,NOTABLE,Wikipedia/Wikimedia Commons search,,,AI_CURATED_NEEDS_VERIFICATION,2026-09-11,DRAFT_FOR_REVIEW
IN-00448,Zanzari Waterfall,Gujarat,,,NATURE,INDIA_NATURE,,Famous or notable nature destination associated with Gujarat; included as a draft nature discovery candidate.,,,,,NOTABLE,Wikipedia/Wikimedia Commons search,,,AI_CURATED_NEEDS_VERIFICATION,2026-09-11,DRAFT_FOR_REVIEW
IN-00449,Polo Forest Waterfalls,Gujarat,,,NATURE,INDIA_NATURE,,Famous or notable nature destination associated with Gujarat; included as a draft nature discovery candidate.,,,,,NOTABLE,Wikipedia/Wikimedia Commons search,,,AI_CURATED_NEEDS_VERIFICATION,2026-09-11,DRAFT_FOR_REVIEW
IN-00450,Kutch salt desert,Gujarat,,,NATURE,INDIA_NATURE,,Famous or notable nature destination associated with Gujarat; included as a draft nature discovery candidate.,,,,,NOTABLE,Wikipedia/Wikimedia Commons search,,,AI_CURATED_NEEDS_VERIFICATION,2026-09-11,DRAFT_FOR_REVIEW
IN-00451,Mandvi Beach,Gujarat,,,NATURE,INDIA_NATURE,,Famous or notable nature destination associated with Gujarat; included as a draft nature discovery candidate.,,,,,NOTABLE,Wikipedia/Wikimedia Commons search,,,AI_CURATED_NEEDS_VERIFICATION,2026-09-11,DRAFT_FOR_REVIEW
IN-00452,Dwarka coast,Gujarat,,,NATURE,INDIA_NATURE,,Famous or notable nature destination associated with Gujarat; included as a draft nature discovery candidate.,,,,,NOTABLE,Wikipedia/Wikimedia Commons search,,,AI_CURATED_NEEDS_VERIFICATION,2026-09-11,DRAFT_FOR_REVIEW
IN-00453,Dumas Beach,Gujarat,,,NATURE,INDIA_NATURE,,Famous or notable nature destination associated with Gujarat; included as a draft nature discovery candidate.,,,,,NOTABLE,Wikipedia/Wikimedia Commons search,,,AI_CURATED_NEEDS_VERIFICATION,2026-09-11,DRAFT_FOR_REVIEW
IN-00454,Tithal Beach,Gujarat,,,NATURE,INDIA_NATURE,,Famous or notable nature destination associated with Gujarat; included as a draft nature discovery candidate.,,,,,NOTABLE,Wikipedia/Wikimedia Commons search,,,AI_CURATED_NEEDS_VERIFICATION,2026-09-11,DRAFT_FOR_REVIEW
IN-00455,Somnath Beach,Gujarat,,,NATURE,INDIA_NATURE,,Famous or notable nature destination associated with Gujarat; included as a draft nature discovery candidate.,,,,,NOTABLE,Wikipedia/Wikimedia Commons search,,,AI_CURATED_NEEDS_VERIFICATION,2026-09-11,DRAFT_FOR_REVIEW
IN-00456,Shivrajpur Beach,Gujarat,,,NATURE,INDIA_NATURE,,Famous or notable nature destination associated with Gujarat; included as a draft nature discovery candidate.,,,,,NOTABLE,Wikipedia/Wikimedia Commons search,,,AI_CURATED_NEEDS_VERIFICATION,2026-09-11,DRAFT_FOR_REVIEW
IN-00457,Great Himalayan National Park,Himachal Pradesh,,,NATURE,INDIA_NATURE,,Famous or notable nature destination associated with Himachal Pradesh; included as a draft nature discovery candidate.,,,,,RENOWNED,Wikipedia/Wikimedia Commons search,,,AI_CURATED_NEEDS_VERIFICATION,2026-09-11,DRAFT_FOR_REVIEW
IN-00458,Pin Valley National Park,Himachal Pradesh,,,NATURE,INDIA_NATURE,,Famous or notable nature destination associated with Himachal Pradesh; included as a draft nature discovery candidate.,,,,,RENOWNED,Wikipedia/Wikimedia Commons search,,,AI_CURATED_NEEDS_VERIFICATION,2026-09-11,DRAFT_FOR_REVIEW
IN-00459,Khirganga National Park,Himachal Pradesh,,,NATURE,INDIA_NATURE,,Famous or notable nature destination associated with Himachal Pradesh; included as a draft nature discovery candidate.,,,,,RENOWNED,Wikipedia/Wikimedia Commons search,,,AI_CURATED_NEEDS_VERIFICATION,2026-09-11,DRAFT_FOR_REVIEW
IN-00460,Dhauladhar Range,Himachal Pradesh,,,NATURE,INDIA_NATURE,,Famous or notable nature destination associated with Himachal Pradesh; included as a draft nature discovery candidate.,,,,,RENOWNED,Wikipedia/Wikimedia Commons search,,,AI_CURATED_NEEDS_VERIFICATION,2026-09-11,DRAFT_FOR_REVIEW
IN-00461,Spiti Valley,Himachal Pradesh,,,NATURE,INDIA_NATURE,,Famous or notable nature destination associated with Himachal Pradesh; included as a draft nature discovery candidate.,,,,,RENOWNED,Wikipedia/Wikimedia Commons search,,,AI_CURATED_NEEDS_VERIFICATION,2026-09-11,DRAFT_FOR_REVIEW
IN-00462,Lahaul Valley,Himachal Pradesh,,,NATURE,INDIA_NATURE,,Famous or notable nature destination associated with Himachal Pradesh; included as a draft nature discovery candidate.,,,,,RENOWNED,Wikipedia/Wikimedia Commons search,,,AI_CURATED_NEEDS_VERIFICATION,2026-09-11,DRAFT_FOR_REVIEW
IN-00463,Parvati Valley,Himachal Pradesh,,,NATURE,INDIA_NATURE,,Famous or notable nature destination associated with Himachal Pradesh; included as a draft nature discovery candidate.,,,,,RENOWNED,Wikipedia/Wikimedia Commons search,,,AI_CURATED_NEEDS_VERIFICATION,2026-09-11,DRAFT_FOR_REVIEW
IN-00464,Kullu Valley,Himachal Pradesh,,,NATURE,INDIA_NATURE,,Famous or notable nature destination associated with Himachal Pradesh; included as a draft nature discovery candidate.,,,,,RENOWNED,Wikipedia/Wikimedia Commons search,,,AI_CURATED_NEEDS_VERIFICATION,2026-09-11,DRAFT_FOR_REVIEW
IN-00465,Tirthan Valley,Himachal Pradesh,,,NATURE,INDIA_NATURE,,Famous or notable nature destination associated with Himachal Pradesh; included as a draft nature discovery candidate.,,,,,RENOWNED,Wikipedia/Wikimedia Commons search,,,AI_CURATED_NEEDS_VERIFICATION,2026-09-11,DRAFT_FOR_REVIEW
IN-00466,Sangla Valley,Himachal Pradesh,,,NATURE,INDIA_NATURE,,Famous or notable nature destination associated with Himachal Pradesh; included as a draft nature discovery candidate.,,,,,RENOWNED,Wikipedia/Wikimedia Commons search,,,AI_CURATED_NEEDS_VERIFICATION,2026-09-11,DRAFT_FOR_REVIEW
IN-00467,Kinnaur Valley,Himachal Pradesh,,,NATURE,INDIA_NATURE,,Famous or notable nature destination associated with Himachal Pradesh; included as a draft nature discovery candidate.,,,,,RENOWNED,Wikipedia/Wikimedia Commons search,,,AI_CURATED_NEEDS_VERIFICATION,2026-09-11,DRAFT_FOR_REVIEW
IN-00468,Chandra Taal,Himachal Pradesh,,,NATURE,INDIA_NATURE,,Famous or notable nature destination associated with Himachal Pradesh; included as a draft nature discovery candidate.,,,,,RENOWNED,Wikipedia/Wikimedia Commons search,,,AI_CURATED_NEEDS_VERIFICATION,2026-09-11,DRAFT_FOR_REVIEW
IN-00469,Suraj Tal,Himachal Pradesh,,,NATURE,INDIA_NATURE,,Famous or notable nature destination associated with Himachal Pradesh; included as a draft nature discovery candidate.,,,,,NOTABLE,Wikipedia/Wikimedia Commons search,,,AI_CURATED_NEEDS_VERIFICATION,2026-09-11,DRAFT_FOR_REVIEW
IN-00470,Prashar Lake,Himachal Pradesh,,,NATURE,INDIA_NATURE,,Famous or notable nature destination associated with Himachal Pradesh; included as a draft nature discovery candidate.,,,,,NOTABLE,Wikipedia/Wikimedia Commons search,,,AI_CURATED_NEEDS_VERIFICATION,2026-09-11,DRAFT_FOR_REVIEW
IN-00471,Renuka Lake,Himachal Pradesh,,,NATURE,INDIA_NATURE,,Famous or notable nature destination associated with Himachal Pradesh; included as a draft nature discovery candidate.,,,,,NOTABLE,Wikipedia/Wikimedia Commons search,,,AI_CURATED_NEEDS_VERIFICATION,2026-09-11,DRAFT_FOR_REVIEW
IN-00472,Khajjiar,Himachal Pradesh,,,NATURE,INDIA_NATURE,,Famous or notable nature destination associated with Himachal Pradesh; included as a draft nature discovery candidate.,,,,,NOTABLE,Wikipedia/Wikimedia Commons search,,,AI_CURATED_NEEDS_VERIFICATION,2026-09-11,DRAFT_FOR_REVIEW
IN-00473,Triund,Himachal Pradesh,,,NATURE,INDIA_NATURE,,Famous or notable nature destination associated with Himachal Pradesh; included as a draft nature discovery candidate.,,,,,NOTABLE,Wikipedia/Wikimedia Commons search,,,AI_CURATED_NEEDS_VERIFICATION,2026-09-11,DRAFT_FOR_REVIEW
IN-00474,Rohtang Pass,Himachal Pradesh,,,NATURE,INDIA_NATURE,,Famous or notable nature destination associated with Himachal Pradesh; included as a draft nature discovery candidate.,,,,,NOTABLE,Wikipedia/Wikimedia Commons search,,,AI_CURATED_NEEDS_VERIFICATION,2026-09-11,DRAFT_FOR_REVIEW
IN-00475,Kunzum Pass,Himachal Pradesh,,,NATURE,INDIA_NATURE,,Famous or notable nature destination associated with Himachal Pradesh; included as a draft nature discovery candidate.,,,,,NOTABLE,Wikipedia/Wikimedia Commons search,,,AI_CURATED_NEEDS_VERIFICATION,2026-09-11,DRAFT_FOR_REVIEW
IN-00476,Hampta Pass,Himachal Pradesh,,,NATURE,INDIA_NATURE,,Famous or notable nature destination associated with Himachal Pradesh; included as a draft nature discovery candidate.,,,,,NOTABLE,Wikipedia/Wikimedia Commons search,,,AI_CURATED_NEEDS_VERIFICATION,2026-09-11,DRAFT_FOR_REVIEW
IN-00477,Jalori Pass,Himachal Pradesh,,,NATURE,INDIA_NATURE,,Famous or notable nature destination associated with Himachal Pradesh; included as a draft nature discovery candidate.,,,,,NOTABLE,Wikipedia/Wikimedia Commons search,,,AI_CURATED_NEEDS_VERIFICATION,2026-09-11,DRAFT_FOR_REVIEW
IN-00478,Barot Valley,Himachal Pradesh,,,NATURE,INDIA_NATURE,,Famous or notable nature destination associated with Himachal Pradesh; included as a draft nature discovery candidate.,,,,,NOTABLE,Wikipedia/Wikimedia Commons search,,,AI_CURATED_NEEDS_VERIFICATION,2026-09-11,DRAFT_FOR_REVIEW
IN-00479,Kasol,Himachal Pradesh,,,NATURE,INDIA_NATURE,,Famous or notable nature destination associated with Himachal Pradesh; included as a draft nature discovery candidate.,,,,,NOTABLE,Wikipedia/Wikimedia Commons search,,,AI_CURATED_NEEDS_VERIFICATION,2026-09-11,DRAFT_FOR_REVIEW
IN-00480,Tosh Valley,Himachal Pradesh,,,NATURE,INDIA_NATURE,,Famous or notable nature destination associated with Himachal Pradesh; included as a draft nature discovery candidate.,,,,,NOTABLE,Wikipedia/Wikimedia Commons search,,,AI_CURATED_NEEDS_VERIFICATION,2026-09-11,DRAFT_FOR_REVIEW
IN-00481,Malana Valley,Himachal Pradesh,,,NATURE,INDIA_NATURE,,Famous or notable nature destination associated with Himachal Pradesh; included as a draft nature discovery candidate.,,,,,NOTABLE,Wikipedia/Wikimedia Commons search,,,AI_CURATED_NEEDS_VERIFICATION,2026-09-11,DRAFT_FOR_REVIEW
IN-00482,Bijli Mahadev landscape,Himachal Pradesh,,,NATURE,INDIA_NATURE,,Famous or notable nature destination associated with Himachal Pradesh; included as a draft nature discovery candidate.,,,,,NOTABLE,Wikipedia/Wikimedia Commons search,,,AI_CURATED_NEEDS_VERIFICATION,2026-09-11,DRAFT_FOR_REVIEW
IN-00483,Bhagsu Falls,Himachal Pradesh,,,NATURE,INDIA_NATURE,,Famous or notable nature destination associated with Himachal Pradesh; included as a draft nature discovery candidate.,,,,,NOTABLE,Wikipedia/Wikimedia Commons search,,,AI_CURATED_NEEDS_VERIFICATION,2026-09-11,DRAFT_FOR_REVIEW
IN-00484,Jogini Falls,Himachal Pradesh,,,NATURE,INDIA_NATURE,,Famous or notable nature destination associated with Himachal Pradesh; included as a draft nature discovery candidate.,,,,,NOTABLE,Wikipedia/Wikimedia Commons search,,,AI_CURATED_NEEDS_VERIFICATION,2026-09-11,DRAFT_FOR_REVIEW
IN-00485,Rahla Falls,Himachal Pradesh,,,NATURE,INDIA_NATURE,,Famous or notable nature destination associated with Himachal Pradesh; included as a draft nature discovery candidate.,,,,,NOTABLE,Wikipedia/Wikimedia Commons search,,,AI_CURATED_NEEDS_VERIFICATION,2026-09-11,DRAFT_FOR_REVIEW
IN-00486,Sissu Falls,Himachal Pradesh,,,NATURE,INDIA_NATURE,,Famous or notable nature destination associated with Himachal Pradesh; included as a draft nature discovery candidate.,,,,,NOTABLE,Wikipedia/Wikimedia Commons search,,,AI_CURATED_NEEDS_VERIFICATION,2026-09-11,DRAFT_FOR_REVIEW
IN-00487,Chadwick Falls,Himachal Pradesh,,,NATURE,INDIA_NATURE,,Famous or notable nature destination associated with Himachal Pradesh; included as a draft nature discovery candidate.,,,,,NOTABLE,Wikipedia/Wikimedia Commons search,,,AI_CURATED_NEEDS_VERIFICATION,2026-09-11,DRAFT_FOR_REVIEW
IN-00488,Bundla Falls,Himachal Pradesh,,,NATURE,INDIA_NATURE,,Famous or notable nature destination associated with Himachal Pradesh; included as a draft nature discovery candidate.,,,,,NOTABLE,Wikipedia/Wikimedia Commons search,,,AI_CURATED_NEEDS_VERIFICATION,2026-09-11,DRAFT_FOR_REVIEW
IN-00489,Jibhi Waterfall,Himachal Pradesh,,,NATURE,INDIA_NATURE,,Famous or notable nature destination associated with Himachal Pradesh; included as a draft nature discovery candidate.,,,,,NOTABLE,Wikipedia/Wikimedia Commons search,,,AI_CURATED_NEEDS_VERIFICATION,2026-09-11,DRAFT_FOR_REVIEW
IN-00490,Gulmarg,Jammu and Kashmir,,,NATURE,INDIA_NATURE,,Famous or notable nature destination associated with Jammu and Kashmir; included as a draft nature discovery candidate.,,,,,RENOWNED,Wikipedia/Wikimedia Commons search,,,AI_CURATED_NEEDS_VERIFICATION,2026-09-11,DRAFT_FOR_REVIEW
IN-00491,Pahalgam,Jammu and Kashmir,,,NATURE,INDIA_NATURE,,Famous or notable nature destination associated with Jammu and Kashmir; included as a draft nature discovery candidate.,,,,,RENOWNED,Wikipedia/Wikimedia Commons search,,,AI_CURATED_NEEDS_VERIFICATION,2026-09-11,DRAFT_FOR_REVIEW
IN-00492,Sonamarg,Jammu and Kashmir,,,NATURE,INDIA_NATURE,,Famous or notable nature destination associated with Jammu and Kashmir; included as a draft nature discovery candidate.,,,,,RENOWNED,Wikipedia/Wikimedia Commons search,,,AI_CURATED_NEEDS_VERIFICATION,2026-09-11,DRAFT_FOR_REVIEW
IN-00493,Doodhpathri,Jammu and Kashmir,,,NATURE,INDIA_NATURE,,Famous or notable nature destination associated with Jammu and Kashmir; included as a draft nature discovery candidate.,,,,,RENOWNED,Wikipedia/Wikimedia Commons search,,,AI_CURATED_NEEDS_VERIFICATION,2026-09-11,DRAFT_FOR_REVIEW
IN-00494,Aharbal Falls,Jammu and Kashmir,,,NATURE,INDIA_NATURE,,Famous or notable nature destination associated with Jammu and Kashmir; included as a draft nature discovery candidate.,,,,,RENOWNED,Wikipedia/Wikimedia Commons search,,,AI_CURATED_NEEDS_VERIFICATION,2026-09-11,DRAFT_FOR_REVIEW
IN-00495,Betaab Valley,Jammu and Kashmir,,,NATURE,INDIA_NATURE,,Famous or notable nature destination associated with Jammu and Kashmir; included as a draft nature discovery candidate.,,,,,RENOWNED,Wikipedia/Wikimedia Commons search,,,AI_CURATED_NEEDS_VERIFICATION,2026-09-11,DRAFT_FOR_REVIEW
IN-00496,Aru Valley,Jammu and Kashmir,,,NATURE,INDIA_NATURE,,Famous or notable nature destination associated with Jammu and Kashmir; included as a draft nature discovery candidate.,,,,,RENOWNED,Wikipedia/Wikimedia Commons search,,,AI_CURATED_NEEDS_VERIFICATION,2026-09-11,DRAFT_FOR_REVIEW
IN-00497,Lidder Valley,Jammu and Kashmir,,,NATURE,INDIA_NATURE,,Famous or notable nature destination associated with Jammu and Kashmir; included as a draft nature discovery candidate.,,,,,RENOWNED,Wikipedia/Wikimedia Commons search,,,AI_CURATED_NEEDS_VERIFICATION,2026-09-11,DRAFT_FOR_REVIEW
IN-00498,Dachigam National Park,Jammu and Kashmir,,,NATURE,INDIA_NATURE,,Famous or notable nature destination associated with Jammu and Kashmir; included as a draft nature discovery candidate.,,,,,RENOWNED,Wikipedia/Wikimedia Commons search,,,AI_CURATED_NEEDS_VERIFICATION,2026-09-11,DRAFT_FOR_REVIEW
IN-00499,Kishtwar National Park,Jammu and Kashmir,,,NATURE,INDIA_NATURE,,Famous or notable nature destination associated with Jammu and Kashmir; included as a draft nature discovery candidate.,,,,,RENOWNED,Wikipedia/Wikimedia Commons search,,,AI_CURATED_NEEDS_VERIFICATION,2026-09-11,DRAFT_FOR_REVIEW
IN-00500,Great Lakes Kashmir,Jammu and Kashmir,,,NATURE,INDIA_NATURE,,Famous or notable nature destination associated with Jammu and Kashmir; included as a draft nature discovery candidate.,,,,,RENOWNED,Wikipedia/Wikimedia Commons search,,,AI_CURATED_NEEDS_VERIFICATION,2026-09-11,DRAFT_FOR_REVIEW
IN-00501,Dal Lake,Jammu and Kashmir,,,NATURE,INDIA_NATURE,,Famous or notable nature destination associated with Jammu and Kashmir; included as a draft nature discovery candidate.,,,,,RENOWNED,Wikipedia/Wikimedia Commons search,,,AI_CURATED_NEEDS_VERIFICATION,2026-09-11,DRAFT_FOR_REVIEW
IN-00502,Wular Lake,Jammu and Kashmir,,,NATURE,INDIA_NATURE,,Famous or notable nature destination associated with Jammu and Kashmir; included as a draft nature discovery candidate.,,,,,NOTABLE,Wikipedia/Wikimedia Commons search,,,AI_CURATED_NEEDS_VERIFICATION,2026-09-11,DRAFT_FOR_REVIEW
IN-00503,Manasbal Lake,Jammu and Kashmir,,,NATURE,INDIA_NATURE,,Famous or notable nature destination associated with Jammu and Kashmir; included as a draft nature discovery candidate.,,,,,NOTABLE,Wikipedia/Wikimedia Commons search,,,AI_CURATED_NEEDS_VERIFICATION,2026-09-11,DRAFT_FOR_REVIEW
IN-00504,Tarsar Lake,Jammu and Kashmir,,,NATURE,INDIA_NATURE,,Famous or notable nature destination associated with Jammu and Kashmir; included as a draft nature discovery candidate.,,,,,NOTABLE,Wikipedia/Wikimedia Commons search,,,AI_CURATED_NEEDS_VERIFICATION,2026-09-11,DRAFT_FOR_REVIEW
IN-00505,Marsar Lake,Jammu and Kashmir,,,NATURE,INDIA_NATURE,,Famous or notable nature destination associated with Jammu and Kashmir; included as a draft nature discovery candidate.,,,,,NOTABLE,Wikipedia/Wikimedia Commons search,,,AI_CURATED_NEEDS_VERIFICATION,2026-09-11,DRAFT_FOR_REVIEW
IN-00506,Gangbal Lake,Jammu and Kashmir,,,NATURE,INDIA_NATURE,,Famous or notable nature destination associated with Jammu and Kashmir; included as a draft nature discovery candidate.,,,,,NOTABLE,Wikipedia/Wikimedia Commons search,,,AI_CURATED_NEEDS_VERIFICATION,2026-09-11,DRAFT_FOR_REVIEW
IN-00507,Krishansar Lake,Jammu and Kashmir,,,NATURE,INDIA_NATURE,,Famous or notable nature destination associated with Jammu and Kashmir; included as a draft nature discovery candidate.,,,,,NOTABLE,Wikipedia/Wikimedia Commons search,,,AI_CURATED_NEEDS_VERIFICATION,2026-09-11,DRAFT_FOR_REVIEW
IN-00508,Gadsar Lake,Jammu and Kashmir,,,NATURE,INDIA_NATURE,,Famous or notable nature destination associated with Jammu and Kashmir; included as a draft nature discovery candidate.,,,,,NOTABLE,Wikipedia/Wikimedia Commons search,,,AI_CURATED_NEEDS_VERIFICATION,2026-09-11,DRAFT_FOR_REVIEW
IN-00509,Satsar Lakes,Jammu and Kashmir,,,NATURE,INDIA_NATURE,,Famous or notable nature destination associated with Jammu and Kashmir; included as a draft nature discovery candidate.,,,,,NOTABLE,Wikipedia/Wikimedia Commons search,,,AI_CURATED_NEEDS_VERIFICATION,2026-09-11,DRAFT_FOR_REVIEW
IN-00510,Kausar Nag,Jammu and Kashmir,,,NATURE,INDIA_NATURE,,Famous or notable nature destination associated with Jammu and Kashmir; included as a draft nature discovery candidate.,,,,,NOTABLE,Wikipedia/Wikimedia Commons search,,,AI_CURATED_NEEDS_VERIFICATION,2026-09-11,DRAFT_FOR_REVIEW
IN-00511,Kokernag,Jammu and Kashmir,,,NATURE,INDIA_NATURE,,Famous or notable nature destination associated with Jammu and Kashmir; included as a draft nature discovery candidate.,,,,,NOTABLE,Wikipedia/Wikimedia Commons search,,,AI_CURATED_NEEDS_VERIFICATION,2026-09-11,DRAFT_FOR_REVIEW
IN-00512,Verinag,Jammu and Kashmir,,,NATURE,INDIA_NATURE,,Famous or notable nature destination associated with Jammu and Kashmir; included as a draft nature discovery candidate.,,,,,NOTABLE,Wikipedia/Wikimedia Commons search,,,AI_CURATED_NEEDS_VERIFICATION,2026-09-11,DRAFT_FOR_REVIEW
IN-00513,Yusmarg,Jammu and Kashmir,,,NATURE,INDIA_NATURE,,Famous or notable nature destination associated with Jammu and Kashmir; included as a draft nature discovery candidate.,,,,,NOTABLE,Wikipedia/Wikimedia Commons search,,,AI_CURATED_NEEDS_VERIFICATION,2026-09-11,DRAFT_FOR_REVIEW
IN-00514,Sinthan Top,Jammu and Kashmir,,,NATURE,INDIA_NATURE,,Famous or notable nature destination associated with Jammu and Kashmir; included as a draft nature discovery candidate.,,,,,NOTABLE,Wikipedia/Wikimedia Commons search,,,AI_CURATED_NEEDS_VERIFICATION,2026-09-11,DRAFT_FOR_REVIEW
IN-00515,Zoji La,Jammu and Kashmir,,,NATURE,INDIA_NATURE,,Famous or notable nature destination associated with Jammu and Kashmir; included as a draft nature discovery candidate.,,,,,NOTABLE,Wikipedia/Wikimedia Commons search,,,AI_CURATED_NEEDS_VERIFICATION,2026-09-11,DRAFT_FOR_REVIEW
IN-00516,Kolahoi Glacier,Jammu and Kashmir,,,NATURE,INDIA_NATURE,,Famous or notable nature destination associated with Jammu and Kashmir; included as a draft nature discovery candidate.,,,,,NOTABLE,Wikipedia/Wikimedia Commons search,,,AI_CURATED_NEEDS_VERIFICATION,2026-09-11,DRAFT_FOR_REVIEW
IN-00517,Thajiwas Glacier,Jammu and Kashmir,,,NATURE,INDIA_NATURE,,Famous or notable nature destination associated with Jammu and Kashmir; included as a draft nature discovery candidate.,,,,,NOTABLE,Wikipedia/Wikimedia Commons search,,,AI_CURATED_NEEDS_VERIFICATION,2026-09-11,DRAFT_FOR_REVIEW
IN-00518,Bren Pass,Jammu and Kashmir,,,NATURE,INDIA_NATURE,,Famous or notable nature destination associated with Jammu and Kashmir; included as a draft nature discovery candidate.,,,,,NOTABLE,Wikipedia/Wikimedia Commons search,,,AI_CURATED_NEEDS_VERIFICATION,2026-09-11,DRAFT_FOR_REVIEW
IN-00519,Hundru Falls,Jharkhand,,,NATURE,INDIA_NATURE,,Famous or notable nature destination associated with Jharkhand; included as a draft nature discovery candidate.,,,,,RENOWNED,Wikipedia/Wikimedia Commons search,,,AI_CURATED_NEEDS_VERIFICATION,2026-09-11,DRAFT_FOR_REVIEW
IN-00520,Dassam Falls,Jharkhand,,,NATURE,INDIA_NATURE,,Famous or notable nature destination associated with Jharkhand; included as a draft nature discovery candidate.,,,,,RENOWNED,Wikipedia/Wikimedia Commons search,,,AI_CURATED_NEEDS_VERIFICATION,2026-09-11,DRAFT_FOR_REVIEW
IN-00521,Jonha Falls,Jharkhand,,,NATURE,INDIA_NATURE,,Famous or notable nature destination associated with Jharkhand; included as a draft nature discovery candidate.,,,,,RENOWNED,Wikipedia/Wikimedia Commons search,,,AI_CURATED_NEEDS_VERIFICATION,2026-09-11,DRAFT_FOR_REVIEW
IN-00522,Hirni Falls,Jharkhand,,,NATURE,INDIA_NATURE,,Famous or notable nature destination associated with Jharkhand; included as a draft nature discovery candidate.,,,,,RENOWNED,Wikipedia/Wikimedia Commons search,,,AI_CURATED_NEEDS_VERIFICATION,2026-09-11,DRAFT_FOR_REVIEW
IN-00523,Lodh Falls,Jharkhand,,,NATURE,INDIA_NATURE,,Famous or notable nature destination associated with Jharkhand; included as a draft nature discovery candidate.,,,,,RENOWNED,Wikipedia/Wikimedia Commons search,,,AI_CURATED_NEEDS_VERIFICATION,2026-09-11,DRAFT_FOR_REVIEW
IN-00524,Usri Falls,Jharkhand,,,NATURE,INDIA_NATURE,,Famous or notable nature destination associated with Jharkhand; included as a draft nature discovery candidate.,,,,,RENOWNED,Wikipedia/Wikimedia Commons search,,,AI_CURATED_NEEDS_VERIFICATION,2026-09-11,DRAFT_FOR_REVIEW
IN-00525,Panch Gagh Falls,Jharkhand,,,NATURE,INDIA_NATURE,,Famous or notable nature destination associated with Jharkhand; included as a draft nature discovery candidate.,,,,,RENOWNED,Wikipedia/Wikimedia Commons search,,,AI_CURATED_NEEDS_VERIFICATION,2026-09-11,DRAFT_FOR_REVIEW
IN-00526,Sadni Falls,Jharkhand,,,NATURE,INDIA_NATURE,,Famous or notable nature destination associated with Jharkhand; included as a draft nature discovery candidate.,,,,,RENOWNED,Wikipedia/Wikimedia Commons search,,,AI_CURATED_NEEDS_VERIFICATION,2026-09-11,DRAFT_FOR_REVIEW
IN-00527,Lower Ghaghri Falls,Jharkhand,,,NATURE,INDIA_NATURE,,Famous or notable nature destination associated with Jharkhand; included as a draft nature discovery candidate.,,,,,RENOWNED,Wikipedia/Wikimedia Commons search,,,AI_CURATED_NEEDS_VERIFICATION,2026-09-11,DRAFT_FOR_REVIEW
IN-00528,Upper Ghaghri Falls,Jharkhand,,,NATURE,INDIA_NATURE,,Famous or notable nature destination associated with Jharkhand; included as a draft nature discovery candidate.,,,,,RENOWNED,Wikipedia/Wikimedia Commons search,,,AI_CURATED_NEEDS_VERIFICATION,2026-09-11,DRAFT_FOR_REVIEW
IN-00529,Netarhat,Jharkhand,,,NATURE,INDIA_NATURE,,Famous or notable nature destination associated with Jharkhand; included as a draft nature discovery candidate.,,,,,RENOWNED,Wikipedia/Wikimedia Commons search,,,AI_CURATED_NEEDS_VERIFICATION,2026-09-11,DRAFT_FOR_REVIEW
IN-00530,Betla National Park,Jharkhand,,,NATURE,INDIA_NATURE,,Famous or notable nature destination associated with Jharkhand; included as a draft nature discovery candidate.,,,,,RENOWNED,Wikipedia/Wikimedia Commons search,,,AI_CURATED_NEEDS_VERIFICATION,2026-09-11,DRAFT_FOR_REVIEW
IN-00531,Palamau Tiger Reserve,Jharkhand,,,NATURE,INDIA_NATURE,,Famous or notable nature destination associated with Jharkhand; included as a draft nature discovery candidate.,,,,,NOTABLE,Wikipedia/Wikimedia Commons search,,,AI_CURATED_NEEDS_VERIFICATION,2026-09-11,DRAFT_FOR_REVIEW
IN-00532,Dalma Wildlife Sanctuary,Jharkhand,,,NATURE,INDIA_NATURE,,Famous or notable nature destination associated with Jharkhand; included as a draft nature discovery candidate.,,,,,NOTABLE,Wikipedia/Wikimedia Commons search,,,AI_CURATED_NEEDS_VERIFICATION,2026-09-11,DRAFT_FOR_REVIEW
IN-00533,Hazaribagh Wildlife Sanctuary,Jharkhand,,,NATURE,INDIA_NATURE,,Famous or notable nature destination associated with Jharkhand; included as a draft nature discovery candidate.,,,,,NOTABLE,Wikipedia/Wikimedia Commons search,,,AI_CURATED_NEEDS_VERIFICATION,2026-09-11,DRAFT_FOR_REVIEW
IN-00534,Udhwa Lake Bird Sanctuary,Jharkhand,,,NATURE,INDIA_NATURE,,Famous or notable nature destination associated with Jharkhand; included as a draft nature discovery candidate.,,,,,NOTABLE,Wikipedia/Wikimedia Commons search,,,AI_CURATED_NEEDS_VERIFICATION,2026-09-11,DRAFT_FOR_REVIEW
IN-00535,Parasnath Hills,Jharkhand,,,NATURE,INDIA_NATURE,,Famous or notable nature destination associated with Jharkhand; included as a draft nature discovery candidate.,,,,,NOTABLE,Wikipedia/Wikimedia Commons search,,,AI_CURATED_NEEDS_VERIFICATION,2026-09-11,DRAFT_FOR_REVIEW
IN-00536,Tagore Hill,Jharkhand,,,NATURE,INDIA_NATURE,,Famous or notable nature destination associated with Jharkhand; included as a draft nature discovery candidate.,,,,,NOTABLE,Wikipedia/Wikimedia Commons search,,,AI_CURATED_NEEDS_VERIFICATION,2026-09-11,DRAFT_FOR_REVIEW
IN-00537,Patratu Valley,Jharkhand,,,NATURE,INDIA_NATURE,,Famous or notable nature destination associated with Jharkhand; included as a draft nature discovery candidate.,,,,,NOTABLE,Wikipedia/Wikimedia Commons search,,,AI_CURATED_NEEDS_VERIFICATION,2026-09-11,DRAFT_FOR_REVIEW
IN-00538,Dimna Lake,Jharkhand,,,NATURE,INDIA_NATURE,,Famous or notable nature destination associated with Jharkhand; included as a draft nature discovery candidate.,,,,,NOTABLE,Wikipedia/Wikimedia Commons search,,,AI_CURATED_NEEDS_VERIFICATION,2026-09-11,DRAFT_FOR_REVIEW
IN-00539,Maithon Lake,Jharkhand,,,NATURE,INDIA_NATURE,,Famous or notable nature destination associated with Jharkhand; included as a draft nature discovery candidate.,,,,,NOTABLE,Wikipedia/Wikimedia Commons search,,,AI_CURATED_NEEDS_VERIFICATION,2026-09-11,DRAFT_FOR_REVIEW
IN-00540,Kanke Dam landscape,Jharkhand,,,NATURE,INDIA_NATURE,,Famous or notable nature destination associated with Jharkhand; included as a draft nature discovery candidate.,,,,,NOTABLE,Wikipedia/Wikimedia Commons search,,,AI_CURATED_NEEDS_VERIFICATION,2026-09-11,DRAFT_FOR_REVIEW
IN-00541,Dassam forest valley,Jharkhand,,,NATURE,INDIA_NATURE,,Famous or notable nature destination associated with Jharkhand; included as a draft nature discovery candidate.,,,,,NOTABLE,Wikipedia/Wikimedia Commons search,,,AI_CURATED_NEEDS_VERIFICATION,2026-09-11,DRAFT_FOR_REVIEW
IN-00542,Birsa Munda Biological Park,Jharkhand,,,NATURE,INDIA_NATURE,,Famous or notable nature destination associated with Jharkhand; included as a draft nature discovery candidate.,,,,,NOTABLE,Wikipedia/Wikimedia Commons search,,,AI_CURATED_NEEDS_VERIFICATION,2026-09-11,DRAFT_FOR_REVIEW
IN-00543,Jog Falls,Karnataka,,,NATURE,INDIA_NATURE,,Famous or notable nature destination associated with Karnataka; included as a draft nature discovery candidate.,,,,,RENOWNED,Wikipedia/Wikimedia Commons search,,,AI_CURATED_NEEDS_VERIFICATION,2026-09-11,DRAFT_FOR_REVIEW
IN-00544,Kunchikal Falls,Karnataka,,,NATURE,INDIA_NATURE,,Famous or notable nature destination associated with Karnataka; included as a draft nature discovery candidate.,,,,,RENOWNED,Wikipedia/Wikimedia Commons search,,,AI_CURATED_NEEDS_VERIFICATION,2026-09-11,DRAFT_FOR_REVIEW
IN-00545,Sathodi Falls,Karnataka,,,NATURE,INDIA_NATURE,,Famous or notable nature destination associated with Karnataka; included as a draft nature discovery candidate.,,,,,RENOWNED,Wikipedia/Wikimedia Commons search,,,AI_CURATED_NEEDS_VERIFICATION,2026-09-11,DRAFT_FOR_REVIEW
IN-00546,Unchalli Falls,Karnataka,,,NATURE,INDIA_NATURE,,Famous or notable nature destination associated with Karnataka; included as a draft nature discovery candidate.,,,,,RENOWNED,Wikipedia/Wikimedia Commons search,,,AI_CURATED_NEEDS_VERIFICATION,2026-09-11,DRAFT_FOR_REVIEW
IN-00547,Magod Falls,Karnataka,,,NATURE,INDIA_NATURE,,Famous or notable nature destination associated with Karnataka; included as a draft nature discovery candidate.,,,,,RENOWNED,Wikipedia/Wikimedia Commons search,,,AI_CURATED_NEEDS_VERIFICATION,2026-09-11,DRAFT_FOR_REVIEW
IN-00548,Dudhsagar Falls Karnataka side,Karnataka,,,NATURE,INDIA_NATURE,,Famous or notable nature destination associated with Karnataka; included as a draft nature discovery candidate.,,,,,RENOWNED,Wikipedia/Wikimedia Commons search,,,AI_CURATED_NEEDS_VERIFICATION,2026-09-11,DRAFT_FOR_REVIEW
IN-00549,Gokak Falls,Karnataka,,,NATURE,INDIA_NATURE,,Famous or notable nature destination associated with Karnataka; included as a draft nature discovery candidate.,,,,,RENOWNED,Wikipedia/Wikimedia Commons search,,,AI_CURATED_NEEDS_VERIFICATION,2026-09-11,DRAFT_FOR_REVIEW
IN-00550,Godchinamalaki Falls,Karnataka,,,NATURE,INDIA_NATURE,,Famous or notable nature destination associated with Karnataka; included as a draft nature discovery candidate.,,,,,RENOWNED,Wikipedia/Wikimedia Commons search,,,AI_CURATED_NEEDS_VERIFICATION,2026-09-11,DRAFT_FOR_REVIEW
IN-00551,Hebbe Falls,Karnataka,,,NATURE,INDIA_NATURE,,Famous or notable nature destination associated with Karnataka; included as a draft nature discovery candidate.,,,,,RENOWNED,Wikipedia/Wikimedia Commons search,,,AI_CURATED_NEEDS_VERIFICATION,2026-09-11,DRAFT_FOR_REVIEW
IN-00552,Irupu Falls,Karnataka,,,NATURE,INDIA_NATURE,,Famous or notable nature destination associated with Karnataka; included as a draft nature discovery candidate.,,,,,RENOWNED,Wikipedia/Wikimedia Commons search,,,AI_CURATED_NEEDS_VERIFICATION,2026-09-11,DRAFT_FOR_REVIEW
IN-00553,Shivanasamudra Falls,Karnataka,,,NATURE,INDIA_NATURE,,Famous or notable nature destination associated with Karnataka; included as a draft nature discovery candidate.,,,,,RENOWNED,Wikipedia/Wikimedia Commons search,,,AI_CURATED_NEEDS_VERIFICATION,2026-09-11,DRAFT_FOR_REVIEW
IN-00554,Abbey Falls,Karnataka,,,NATURE,INDIA_NATURE,,Famous or notable nature destination associated with Karnataka; included as a draft nature discovery candidate.,,,,,RENOWNED,Wikipedia/Wikimedia Commons search,,,AI_CURATED_NEEDS_VERIFICATION,2026-09-11,DRAFT_FOR_REVIEW
IN-00555,Mallalli Falls,Karnataka,,,NATURE,INDIA_NATURE,,Famous or notable nature destination associated with Karnataka; included as a draft nature discovery candidate.,,,,,NOTABLE,Wikipedia/Wikimedia Commons search,,,AI_CURATED_NEEDS_VERIFICATION,2026-09-11,DRAFT_FOR_REVIEW
IN-00556,Burude Falls,Karnataka,,,NATURE,INDIA_NATURE,,Famous or notable nature destination associated with Karnataka; included as a draft nature discovery candidate.,,,,,NOTABLE,Wikipedia/Wikimedia Commons search,,,AI_CURATED_NEEDS_VERIFICATION,2026-09-11,DRAFT_FOR_REVIEW
IN-00557,Kudlu Theertha Falls,Karnataka,,,NATURE,INDIA_NATURE,,Famous or notable nature destination associated with Karnataka; included as a draft nature discovery candidate.,,,,,NOTABLE,Wikipedia/Wikimedia Commons search,,,AI_CURATED_NEEDS_VERIFICATION,2026-09-11,DRAFT_FOR_REVIEW
IN-00558,Barkana Falls,Karnataka,,,NATURE,INDIA_NATURE,,Famous or notable nature destination associated with Karnataka; included as a draft nature discovery candidate.,,,,,NOTABLE,Wikipedia/Wikimedia Commons search,,,AI_CURATED_NEEDS_VERIFICATION,2026-09-11,DRAFT_FOR_REVIEW
IN-00559,Kudremukh,Karnataka,,,NATURE,INDIA_NATURE,,Famous or notable nature destination associated with Karnataka; included as a draft nature discovery candidate.,,,,,NOTABLE,Wikipedia/Wikimedia Commons search,,,AI_CURATED_NEEDS_VERIFICATION,2026-09-11,DRAFT_FOR_REVIEW
IN-00560,Dandeli,Karnataka,,,NATURE,INDIA_NATURE,,Famous or notable nature destination associated with Karnataka; included as a draft nature discovery candidate.,,,,,NOTABLE,Wikipedia/Wikimedia Commons search,,,AI_CURATED_NEEDS_VERIFICATION,2026-09-11,DRAFT_FOR_REVIEW
IN-00561,Anshi National Park,Karnataka,,,NATURE,INDIA_NATURE,,Famous or notable nature destination associated with Karnataka; included as a draft nature discovery candidate.,,,,,NOTABLE,Wikipedia/Wikimedia Commons search,,,AI_CURATED_NEEDS_VERIFICATION,2026-09-11,DRAFT_FOR_REVIEW
IN-00562,Bandipur National Park,Karnataka,,,NATURE,INDIA_NATURE,,Famous or notable nature destination associated with Karnataka; included as a draft nature discovery candidate.,,,,,NOTABLE,Wikipedia/Wikimedia Commons search,,,AI_CURATED_NEEDS_VERIFICATION,2026-09-11,DRAFT_FOR_REVIEW
IN-00563,Nagarhole National Park,Karnataka,,,NATURE,INDIA_NATURE,,Famous or notable nature destination associated with Karnataka; included as a draft nature discovery candidate.,,,,,NOTABLE,Wikipedia/Wikimedia Commons search,,,AI_CURATED_NEEDS_VERIFICATION,2026-09-11,DRAFT_FOR_REVIEW
IN-00564,BRT Tiger Reserve,Karnataka,,,NATURE,INDIA_NATURE,,Famous or notable nature destination associated with Karnataka; included as a draft nature discovery candidate.,,,,,NOTABLE,Wikipedia/Wikimedia Commons search,,,AI_CURATED_NEEDS_VERIFICATION,2026-09-11,DRAFT_FOR_REVIEW
IN-00565,Kali Tiger Reserve,Karnataka,,,NATURE,INDIA_NATURE,,Famous or notable nature destination associated with Karnataka; included as a draft nature discovery candidate.,,,,,NOTABLE,Wikipedia/Wikimedia Commons search,,,AI_CURATED_NEEDS_VERIFICATION,2026-09-11,DRAFT_FOR_REVIEW
IN-00566,Bannerghatta National Park,Karnataka,,,NATURE,INDIA_NATURE,,Famous or notable nature destination associated with Karnataka; included as a draft nature discovery candidate.,,,,,NOTABLE,Wikipedia/Wikimedia Commons search,,,AI_CURATED_NEEDS_VERIFICATION,2026-09-11,DRAFT_FOR_REVIEW
IN-00567,Kabini,Karnataka,,,NATURE,INDIA_NATURE,,Famous or notable nature destination associated with Karnataka; included as a draft nature discovery candidate.,,,,,NOTABLE,Wikipedia/Wikimedia Commons search,,,AI_CURATED_NEEDS_VERIFICATION,2026-09-11,DRAFT_FOR_REVIEW
IN-00568,Coorg,Karnataka,,,NATURE,INDIA_NATURE,,Famous or notable nature destination associated with Karnataka; included as a draft nature discovery candidate.,,,,,NOTABLE,Wikipedia/Wikimedia Commons search,,,AI_CURATED_NEEDS_VERIFICATION,2026-09-11,DRAFT_FOR_REVIEW
IN-00569,Chikmagalur,Karnataka,,,NATURE,INDIA_NATURE,,Famous or notable nature destination associated with Karnataka; included as a draft nature discovery candidate.,,,,,NOTABLE,Wikipedia/Wikimedia Commons search,,,AI_CURATED_NEEDS_VERIFICATION,2026-09-11,DRAFT_FOR_REVIEW
IN-00570,Agumbe,Karnataka,,,NATURE,INDIA_NATURE,,Famous or notable nature destination associated with Karnataka; included as a draft nature discovery candidate.,,,,,NOTABLE,Wikipedia/Wikimedia Commons search,,,AI_CURATED_NEEDS_VERIFICATION,2026-09-11,DRAFT_FOR_REVIEW
IN-00571,Kodachadri,Karnataka,,,NATURE,INDIA_NATURE,,Famous or notable nature destination associated with Karnataka; included as a draft nature discovery candidate.,,,,,NOTABLE,Wikipedia/Wikimedia Commons search,,,AI_CURATED_NEEDS_VERIFICATION,2026-09-11,DRAFT_FOR_REVIEW
IN-00572,Mullayanagiri,Karnataka,,,NATURE,INDIA_NATURE,,Famous or notable nature destination associated with Karnataka; included as a draft nature discovery candidate.,,,,,NOTABLE,Wikipedia/Wikimedia Commons search,,,AI_CURATED_NEEDS_VERIFICATION,2026-09-11,DRAFT_FOR_REVIEW
IN-00573,Brahmagiri hills,Karnataka,,,NATURE,INDIA_NATURE,,Famous or notable nature destination associated with Karnataka; included as a draft nature discovery candidate.,,,,,NOTABLE,Wikipedia/Wikimedia Commons search,,,AI_CURATED_NEEDS_VERIFICATION,2026-09-11,DRAFT_FOR_REVIEW
IN-00574,Nandi Hills,Karnataka,,,NATURE,INDIA_NATURE,,Famous or notable nature destination associated with Karnataka; included as a draft nature discovery candidate.,,,,,NOTABLE,Wikipedia/Wikimedia Commons search,,,AI_CURATED_NEEDS_VERIFICATION,2026-09-11,DRAFT_FOR_REVIEW
IN-00575,Skandagiri,Karnataka,,,NATURE,INDIA_NATURE,,Famous or notable nature destination associated with Karnataka; included as a draft nature discovery candidate.,,,,,NOTABLE,Wikipedia/Wikimedia Commons search,,,AI_CURATED_NEEDS_VERIFICATION,2026-09-11,DRAFT_FOR_REVIEW
IN-00576,Kudremukh Peak,Karnataka,,,NATURE,INDIA_NATURE,,Famous or notable nature destination associated with Karnataka; included as a draft nature discovery candidate.,,,,,NOTABLE,Wikipedia/Wikimedia Commons search,,,AI_CURATED_NEEDS_VERIFICATION,2026-09-11,DRAFT_FOR_REVIEW
IN-00577,Baba Budangiri,Karnataka,,,NATURE,INDIA_NATURE,,Famous or notable nature destination associated with Karnataka; included as a draft nature discovery candidate.,,,,,NOTABLE,Wikipedia/Wikimedia Commons search,,,AI_CURATED_NEEDS_VERIFICATION,2026-09-11,DRAFT_FOR_REVIEW
IN-00578,Yana Caves,Karnataka,,,NATURE,INDIA_NATURE,,Famous or notable nature destination associated with Karnataka; included as a draft nature discovery candidate.,,,,,NOTABLE,Wikipedia/Wikimedia Commons search,,,AI_CURATED_NEEDS_VERIFICATION,2026-09-11,DRAFT_FOR_REVIEW
IN-00579,Sakleshpur hills,Karnataka,,,NATURE,INDIA_NATURE,,Famous or notable nature destination associated with Karnataka; included as a draft nature discovery candidate.,,,,,NOTABLE,Wikipedia/Wikimedia Commons search,,,AI_CURATED_NEEDS_VERIFICATION,2026-09-11,DRAFT_FOR_REVIEW
IN-00580,Kemmanagundi,Karnataka,,,NATURE,INDIA_NATURE,,Famous or notable nature destination associated with Karnataka; included as a draft nature discovery candidate.,,,,,NOTABLE,Wikipedia/Wikimedia Commons search,,,AI_CURATED_NEEDS_VERIFICATION,2026-09-11,DRAFT_FOR_REVIEW
IN-00581,Biligiriranga Hills,Karnataka,,,NATURE,INDIA_NATURE,,Famous or notable nature destination associated with Karnataka; included as a draft nature discovery candidate.,,,,,NOTABLE,Wikipedia/Wikimedia Commons search,,,AI_CURATED_NEEDS_VERIFICATION,2026-09-11,DRAFT_FOR_REVIEW
IN-00582,Apsarakonda,Karnataka,,,NATURE,INDIA_NATURE,,Famous or notable nature destination associated with Karnataka; included as a draft nature discovery candidate.,,,,,NOTABLE,Wikipedia/Wikimedia Commons search,,,AI_CURATED_NEEDS_VERIFICATION,2026-09-11,DRAFT_FOR_REVIEW
IN-00583,Maravanthe Beach,Karnataka,,,NATURE,INDIA_NATURE,,Famous or notable nature destination associated with Karnataka; included as a draft nature discovery candidate.,,,,,NOTABLE,Wikipedia/Wikimedia Commons search,,,AI_CURATED_NEEDS_VERIFICATION,2026-09-11,DRAFT_FOR_REVIEW
IN-00584,Gokarna Beach,Karnataka,,,NATURE,INDIA_NATURE,,Famous or notable nature destination associated with Karnataka; included as a draft nature discovery candidate.,,,,,NOTABLE,Wikipedia/Wikimedia Commons search,,,AI_CURATED_NEEDS_VERIFICATION,2026-09-11,DRAFT_FOR_REVIEW
IN-00585,Om Beach,Karnataka,,,NATURE,INDIA_NATURE,,Famous or notable nature destination associated with Karnataka; included as a draft nature discovery candidate.,,,,,NOTABLE,Wikipedia/Wikimedia Commons search,,,AI_CURATED_NEEDS_VERIFICATION,2026-09-11,DRAFT_FOR_REVIEW
IN-00586,Kudle Beach,Karnataka,,,NATURE,INDIA_NATURE,,Famous or notable nature destination associated with Karnataka; included as a draft nature discovery candidate.,,,,,NOTABLE,Wikipedia/Wikimedia Commons search,,,AI_CURATED_NEEDS_VERIFICATION,2026-09-11,DRAFT_FOR_REVIEW
IN-00587,Murudeshwar Beach,Karnataka,,,NATURE,INDIA_NATURE,,Famous or notable nature destination associated with Karnataka; included as a draft nature discovery candidate.,,,,,NOTABLE,Wikipedia/Wikimedia Commons search,,,AI_CURATED_NEEDS_VERIFICATION,2026-09-11,DRAFT_FOR_REVIEW
IN-00588,St Marys Island,Karnataka,,,NATURE,INDIA_NATURE,,Famous or notable nature destination associated with Karnataka; included as a draft nature discovery candidate.,,,,,NOTABLE,Wikipedia/Wikimedia Commons search,,,AI_CURATED_NEEDS_VERIFICATION,2026-09-11,DRAFT_FOR_REVIEW
IN-00589,Kapu Beach,Karnataka,,,NATURE,INDIA_NATURE,,Famous or notable nature destination associated with Karnataka; included as a draft nature discovery candidate.,,,,,NOTABLE,Wikipedia/Wikimedia Commons search,,,AI_CURATED_NEEDS_VERIFICATION,2026-09-11,DRAFT_FOR_REVIEW
IN-00590,Malpe Beach,Karnataka,,,NATURE,INDIA_NATURE,,Famous or notable nature destination associated with Karnataka; included as a draft nature discovery candidate.,,,,,NOTABLE,Wikipedia/Wikimedia Commons search,,,AI_CURATED_NEEDS_VERIFICATION,2026-09-11,DRAFT_FOR_REVIEW
IN-00591,Udupi coast,Karnataka,,,NATURE,INDIA_NATURE,,Famous or notable nature destination associated with Karnataka; included as a draft nature discovery candidate.,,,,,NOTABLE,Wikipedia/Wikimedia Commons search,,,AI_CURATED_NEEDS_VERIFICATION,2026-09-11,DRAFT_FOR_REVIEW
IN-00592,Sharavathi backwaters,Karnataka,,,NATURE,INDIA_NATURE,,Famous or notable nature destination associated with Karnataka; included as a draft nature discovery candidate.,,,,,NOTABLE,Wikipedia/Wikimedia Commons search,,,AI_CURATED_NEEDS_VERIFICATION,2026-09-11,DRAFT_FOR_REVIEW
IN-00593,Linganamakki reservoir,Karnataka,,,NATURE,INDIA_NATURE,,Famous or notable nature destination associated with Karnataka; included as a draft nature discovery candidate.,,,,,NOTABLE,Wikipedia/Wikimedia Commons search,,,AI_CURATED_NEEDS_VERIFICATION,2026-09-11,DRAFT_FOR_REVIEW
IN-00594,Athirappilly Falls,Kerala,,,NATURE,INDIA_NATURE,,Famous or notable nature destination associated with Kerala; included as a draft nature discovery candidate.,,,,,RENOWNED,Wikipedia/Wikimedia Commons search,,,AI_CURATED_NEEDS_VERIFICATION,2026-09-11,DRAFT_FOR_REVIEW
IN-00595,Vazhachal Falls,Kerala,,,NATURE,INDIA_NATURE,,Famous or notable nature destination associated with Kerala; included as a draft nature discovery candidate.,,,,,RENOWNED,Wikipedia/Wikimedia Commons search,,,AI_CURATED_NEEDS_VERIFICATION,2026-09-11,DRAFT_FOR_REVIEW
IN-00596,Meenmutty Falls,Kerala,,,NATURE,INDIA_NATURE,,Famous or notable nature destination associated with Kerala; included as a draft nature discovery candidate.,,,,,RENOWNED,Wikipedia/Wikimedia Commons search,,,AI_CURATED_NEEDS_VERIFICATION,2026-09-11,DRAFT_FOR_REVIEW
IN-00597,Soochipara Falls,Kerala,,,NATURE,INDIA_NATURE,,Famous or notable nature destination associated with Kerala; included as a draft nature discovery candidate.,,,,,RENOWNED,Wikipedia/Wikimedia Commons search,,,AI_CURATED_NEEDS_VERIFICATION,2026-09-11,DRAFT_FOR_REVIEW
IN-00598,Palaruvi Falls,Kerala,,,NATURE,INDIA_NATURE,,Famous or notable nature destination associated with Kerala; included as a draft nature discovery candidate.,,,,,RENOWNED,Wikipedia/Wikimedia Commons search,,,AI_CURATED_NEEDS_VERIFICATION,2026-09-11,DRAFT_FOR_REVIEW
IN-00599,Thusharagiri Falls,Kerala,,,NATURE,INDIA_NATURE,,Famous or notable nature destination associated with Kerala; included as a draft nature discovery candidate.,,,,,RENOWNED,Wikipedia/Wikimedia Commons search,,,AI_CURATED_NEEDS_VERIFICATION,2026-09-11,DRAFT_FOR_REVIEW
IN-00600,Thommankuthu Falls,Kerala,,,NATURE,INDIA_NATURE,,Famous or notable nature destination associated with Kerala; included as a draft nature discovery candidate.,,,,,RENOWNED,Wikipedia/Wikimedia Commons search,,,AI_CURATED_NEEDS_VERIFICATION,2026-09-11,DRAFT_FOR_REVIEW
IN-00601,Thenmala,Kerala,,,NATURE,INDIA_NATURE,,Famous or notable nature destination associated with Kerala; included as a draft nature discovery candidate.,,,,,RENOWNED,Wikipedia/Wikimedia Commons search,,,AI_CURATED_NEEDS_VERIFICATION,2026-09-11,DRAFT_FOR_REVIEW
IN-00602,Silent Valley National Park,Kerala,,,NATURE,INDIA_NATURE,,Famous or notable nature destination associated with Kerala; included as a draft nature discovery candidate.,,,,,RENOWNED,Wikipedia/Wikimedia Commons search,,,AI_CURATED_NEEDS_VERIFICATION,2026-09-11,DRAFT_FOR_REVIEW
IN-00603,Periyar National Park,Kerala,,,NATURE,INDIA_NATURE,,Famous or notable nature destination associated with Kerala; included as a draft nature discovery candidate.,,,,,RENOWNED,Wikipedia/Wikimedia Commons search,,,AI_CURATED_NEEDS_VERIFICATION,2026-09-11,DRAFT_FOR_REVIEW
IN-00604,Eravikulam National Park,Kerala,,,NATURE,INDIA_NATURE,,Famous or notable nature destination associated with Kerala; included as a draft nature discovery candidate.,,,,,RENOWNED,Wikipedia/Wikimedia Commons search,,,AI_CURATED_NEEDS_VERIFICATION,2026-09-11,DRAFT_FOR_REVIEW
IN-00605,Mathikettan Shola National Park,Kerala,,,NATURE,INDIA_NATURE,,Famous or notable nature destination associated with Kerala; included as a draft nature discovery candidate.,,,,,RENOWNED,Wikipedia/Wikimedia Commons search,,,AI_CURATED_NEEDS_VERIFICATION,2026-09-11,DRAFT_FOR_REVIEW
IN-00606,Anamudi,Kerala,,,NATURE,INDIA_NATURE,,Famous or notable nature destination associated with Kerala; included as a draft nature discovery candidate.,,,,,NOTABLE,Wikipedia/Wikimedia Commons search,,,AI_CURATED_NEEDS_VERIFICATION,2026-09-11,DRAFT_FOR_REVIEW
IN-00607,Munnar,Kerala,,,NATURE,INDIA_NATURE,,Famous or notable nature destination associated with Kerala; included as a draft nature discovery candidate.,,,,,NOTABLE,Wikipedia/Wikimedia Commons search,,,AI_CURATED_NEEDS_VERIFICATION,2026-09-11,DRAFT_FOR_REVIEW
IN-00608,Wayanad,Kerala,,,NATURE,INDIA_NATURE,,Famous or notable nature destination associated with Kerala; included as a draft nature discovery candidate.,,,,,NOTABLE,Wikipedia/Wikimedia Commons search,,,AI_CURATED_NEEDS_VERIFICATION,2026-09-11,DRAFT_FOR_REVIEW
IN-00609,Vagamon,Kerala,,,NATURE,INDIA_NATURE,,Famous or notable nature destination associated with Kerala; included as a draft nature discovery candidate.,,,,,NOTABLE,Wikipedia/Wikimedia Commons search,,,AI_CURATED_NEEDS_VERIFICATION,2026-09-11,DRAFT_FOR_REVIEW
IN-00610,Ponmudi,Kerala,,,NATURE,INDIA_NATURE,,Famous or notable nature destination associated with Kerala; included as a draft nature discovery candidate.,,,,,NOTABLE,Wikipedia/Wikimedia Commons search,,,AI_CURATED_NEEDS_VERIFICATION,2026-09-11,DRAFT_FOR_REVIEW
IN-00611,Thekkady,Kerala,,,NATURE,INDIA_NATURE,,Famous or notable nature destination associated with Kerala; included as a draft nature discovery candidate.,,,,,NOTABLE,Wikipedia/Wikimedia Commons search,,,AI_CURATED_NEEDS_VERIFICATION,2026-09-11,DRAFT_FOR_REVIEW
IN-00612,Gavi,Kerala,,,NATURE,INDIA_NATURE,,Famous or notable nature destination associated with Kerala; included as a draft nature discovery candidate.,,,,,NOTABLE,Wikipedia/Wikimedia Commons search,,,AI_CURATED_NEEDS_VERIFICATION,2026-09-11,DRAFT_FOR_REVIEW
IN-00613,Nelliyampathy,Kerala,,,NATURE,INDIA_NATURE,,Famous or notable nature destination associated with Kerala; included as a draft nature discovery candidate.,,,,,NOTABLE,Wikipedia/Wikimedia Commons search,,,AI_CURATED_NEEDS_VERIFICATION,2026-09-11,DRAFT_FOR_REVIEW
IN-00614,Agasthyamalai,Kerala,,,NATURE,INDIA_NATURE,,Famous or notable nature destination associated with Kerala; included as a draft nature discovery candidate.,,,,,NOTABLE,Wikipedia/Wikimedia Commons search,,,AI_CURATED_NEEDS_VERIFICATION,2026-09-11,DRAFT_FOR_REVIEW
IN-00615,Ashtamudi Lake,Kerala,,,NATURE,INDIA_NATURE,,Famous or notable nature destination associated with Kerala; included as a draft nature discovery candidate.,,,,,NOTABLE,Wikipedia/Wikimedia Commons search,,,AI_CURATED_NEEDS_VERIFICATION,2026-09-11,DRAFT_FOR_REVIEW
IN-00616,Vembanad Lake,Kerala,,,NATURE,INDIA_NATURE,,Famous or notable nature destination associated with Kerala; included as a draft nature discovery candidate.,,,,,NOTABLE,Wikipedia/Wikimedia Commons search,,,AI_CURATED_NEEDS_VERIFICATION,2026-09-11,DRAFT_FOR_REVIEW
IN-00617,Kumarakom,Kerala,,,NATURE,INDIA_NATURE,,Famous or notable nature destination associated with Kerala; included as a draft nature discovery candidate.,,,,,NOTABLE,Wikipedia/Wikimedia Commons search,,,AI_CURATED_NEEDS_VERIFICATION,2026-09-11,DRAFT_FOR_REVIEW
IN-00618,Sasthamkotta Lake,Kerala,,,NATURE,INDIA_NATURE,,Famous or notable nature destination associated with Kerala; included as a draft nature discovery candidate.,,,,,NOTABLE,Wikipedia/Wikimedia Commons search,,,AI_CURATED_NEEDS_VERIFICATION,2026-09-11,DRAFT_FOR_REVIEW
IN-00619,Bekal Beach,Kerala,,,NATURE,INDIA_NATURE,,Famous or notable nature destination associated with Kerala; included as a draft nature discovery candidate.,,,,,NOTABLE,Wikipedia/Wikimedia Commons search,,,AI_CURATED_NEEDS_VERIFICATION,2026-09-11,DRAFT_FOR_REVIEW
IN-00620,Kovalam Beach,Kerala,,,NATURE,INDIA_NATURE,,Famous or notable nature destination associated with Kerala; included as a draft nature discovery candidate.,,,,,NOTABLE,Wikipedia/Wikimedia Commons search,,,AI_CURATED_NEEDS_VERIFICATION,2026-09-11,DRAFT_FOR_REVIEW
IN-00621,Varkala Beach,Kerala,,,NATURE,INDIA_NATURE,,Famous or notable nature destination associated with Kerala; included as a draft nature discovery candidate.,,,,,NOTABLE,Wikipedia/Wikimedia Commons search,,,AI_CURATED_NEEDS_VERIFICATION,2026-09-11,DRAFT_FOR_REVIEW
IN-00622,Marari Beach,Kerala,,,NATURE,INDIA_NATURE,,Famous or notable nature destination associated with Kerala; included as a draft nature discovery candidate.,,,,,NOTABLE,Wikipedia/Wikimedia Commons search,,,AI_CURATED_NEEDS_VERIFICATION,2026-09-11,DRAFT_FOR_REVIEW
IN-00623,Cherai Beach,Kerala,,,NATURE,INDIA_NATURE,,Famous or notable nature destination associated with Kerala; included as a draft nature discovery candidate.,,,,,NOTABLE,Wikipedia/Wikimedia Commons search,,,AI_CURATED_NEEDS_VERIFICATION,2026-09-11,DRAFT_FOR_REVIEW
IN-00624,Muzhappilangad Beach,Kerala,,,NATURE,INDIA_NATURE,,Famous or notable nature destination associated with Kerala; included as a draft nature discovery candidate.,,,,,NOTABLE,Wikipedia/Wikimedia Commons search,,,AI_CURATED_NEEDS_VERIFICATION,2026-09-11,DRAFT_FOR_REVIEW
IN-00625,Kappad Beach,Kerala,,,NATURE,INDIA_NATURE,,Famous or notable nature destination associated with Kerala; included as a draft nature discovery candidate.,,,,,NOTABLE,Wikipedia/Wikimedia Commons search,,,AI_CURATED_NEEDS_VERIFICATION,2026-09-11,DRAFT_FOR_REVIEW
IN-00626,Kozhikode Beach,Kerala,,,NATURE,INDIA_NATURE,,Famous or notable nature destination associated with Kerala; included as a draft nature discovery candidate.,,,,,NOTABLE,Wikipedia/Wikimedia Commons search,,,AI_CURATED_NEEDS_VERIFICATION,2026-09-11,DRAFT_FOR_REVIEW
IN-00627,Kasaragod backwaters,Kerala,,,NATURE,INDIA_NATURE,,Famous or notable nature destination associated with Kerala; included as a draft nature discovery candidate.,,,,,NOTABLE,Wikipedia/Wikimedia Commons search,,,AI_CURATED_NEEDS_VERIFICATION,2026-09-11,DRAFT_FOR_REVIEW
IN-00628,Kuruva Island,Kerala,,,NATURE,INDIA_NATURE,,Famous or notable nature destination associated with Kerala; included as a draft nature discovery candidate.,,,,,NOTABLE,Wikipedia/Wikimedia Commons search,,,AI_CURATED_NEEDS_VERIFICATION,2026-09-11,DRAFT_FOR_REVIEW
IN-00629,Banasura Sagar Dam,Kerala,,,NATURE,INDIA_NATURE,,Famous or notable nature destination associated with Kerala; included as a draft nature discovery candidate.,,,,,NOTABLE,Wikipedia/Wikimedia Commons search,,,AI_CURATED_NEEDS_VERIFICATION,2026-09-11,DRAFT_FOR_REVIEW
IN-00630,Idukki Dam,Kerala,,,NATURE,INDIA_NATURE,,Famous or notable nature destination associated with Kerala; included as a draft nature discovery candidate.,,,,,NOTABLE,Wikipedia/Wikimedia Commons search,,,AI_CURATED_NEEDS_VERIFICATION,2026-09-11,DRAFT_FOR_REVIEW
IN-00631,Parambikulam Tiger Reserve,Kerala,,,NATURE,INDIA_NATURE,,Famous or notable nature destination associated with Kerala; included as a draft nature discovery candidate.,,,,,NOTABLE,Wikipedia/Wikimedia Commons search,,,AI_CURATED_NEEDS_VERIFICATION,2026-09-11,DRAFT_FOR_REVIEW
IN-00632,Wayanad Wildlife Sanctuary,Kerala,,,NATURE,INDIA_NATURE,,Famous or notable nature destination associated with Kerala; included as a draft nature discovery candidate.,,,,,NOTABLE,Wikipedia/Wikimedia Commons search,,,AI_CURATED_NEEDS_VERIFICATION,2026-09-11,DRAFT_FOR_REVIEW
IN-00633,Thattekad Bird Sanctuary,Kerala,,,NATURE,INDIA_NATURE,,Famous or notable nature destination associated with Kerala; included as a draft nature discovery candidate.,,,,,NOTABLE,Wikipedia/Wikimedia Commons search,,,AI_CURATED_NEEDS_VERIFICATION,2026-09-11,DRAFT_FOR_REVIEW
IN-00634,Dhuandhar Falls,Madhya Pradesh,,,NATURE,INDIA_NATURE,,Famous or notable nature destination associated with Madhya Pradesh; included as a draft nature discovery candidate.,,,,,RENOWNED,Wikipedia/Wikimedia Commons search,,,AI_CURATED_NEEDS_VERIFICATION,2026-09-11,DRAFT_FOR_REVIEW
IN-00635,Raneh Falls,Madhya Pradesh,,,NATURE,INDIA_NATURE,,Famous or notable nature destination associated with Madhya Pradesh; included as a draft nature discovery candidate.,,,,,RENOWNED,Wikipedia/Wikimedia Commons search,,,AI_CURATED_NEEDS_VERIFICATION,2026-09-11,DRAFT_FOR_REVIEW
IN-00636,Pachmarhi,Madhya Pradesh,,,NATURE,INDIA_NATURE,,Famous or notable nature destination associated with Madhya Pradesh; included as a draft nature discovery candidate.,,,,,RENOWNED,Wikipedia/Wikimedia Commons search,,,AI_CURATED_NEEDS_VERIFICATION,2026-09-11,DRAFT_FOR_REVIEW
IN-00637,Satpura National Park,Madhya Pradesh,,,NATURE,INDIA_NATURE,,Famous or notable nature destination associated with Madhya Pradesh; included as a draft nature discovery candidate.,,,,,RENOWNED,Wikipedia/Wikimedia Commons search,,,AI_CURATED_NEEDS_VERIFICATION,2026-09-11,DRAFT_FOR_REVIEW
IN-00638,Kanha National Park,Madhya Pradesh,,,NATURE,INDIA_NATURE,,Famous or notable nature destination associated with Madhya Pradesh; included as a draft nature discovery candidate.,,,,,RENOWNED,Wikipedia/Wikimedia Commons search,,,AI_CURATED_NEEDS_VERIFICATION,2026-09-11,DRAFT_FOR_REVIEW
IN-00639,Bandhavgarh National Park,Madhya Pradesh,,,NATURE,INDIA_NATURE,,Famous or notable nature destination associated with Madhya Pradesh; included as a draft nature discovery candidate.,,,,,RENOWNED,Wikipedia/Wikimedia Commons search,,,AI_CURATED_NEEDS_VERIFICATION,2026-09-11,DRAFT_FOR_REVIEW
IN-00640,Panna National Park,Madhya Pradesh,,,NATURE,INDIA_NATURE,,Famous or notable nature destination associated with Madhya Pradesh; included as a draft nature discovery candidate.,,,,,RENOWNED,Wikipedia/Wikimedia Commons search,,,AI_CURATED_NEEDS_VERIFICATION,2026-09-11,DRAFT_FOR_REVIEW
IN-00641,Kuno National Park,Madhya Pradesh,,,NATURE,INDIA_NATURE,,Famous or notable nature destination associated with Madhya Pradesh; included as a draft nature discovery candidate.,,,,,RENOWNED,Wikipedia/Wikimedia Commons search,,,AI_CURATED_NEEDS_VERIFICATION,2026-09-11,DRAFT_FOR_REVIEW
IN-00642,Madhav National Park,Madhya Pradesh,,,NATURE,INDIA_NATURE,,Famous or notable nature destination associated with Madhya Pradesh; included as a draft nature discovery candidate.,,,,,RENOWNED,Wikipedia/Wikimedia Commons search,,,AI_CURATED_NEEDS_VERIFICATION,2026-09-11,DRAFT_FOR_REVIEW
IN-00643,Van Vihar National Park,Madhya Pradesh,,,NATURE,INDIA_NATURE,,Famous or notable nature destination associated with Madhya Pradesh; included as a draft nature discovery candidate.,,,,,RENOWNED,Wikipedia/Wikimedia Commons search,,,AI_CURATED_NEEDS_VERIFICATION,2026-09-11,DRAFT_FOR_REVIEW
IN-00644,Pench National Park,Madhya Pradesh,,,NATURE,INDIA_NATURE,,Famous or notable nature destination associated with Madhya Pradesh; included as a draft nature discovery candidate.,,,,,RENOWNED,Wikipedia/Wikimedia Commons search,,,AI_CURATED_NEEDS_VERIFICATION,2026-09-11,DRAFT_FOR_REVIEW
IN-00645,Nauradehi Wildlife Sanctuary,Madhya Pradesh,,,NATURE,INDIA_NATURE,,Famous or notable nature destination associated with Madhya Pradesh; included as a draft nature discovery candidate.,,,,,RENOWNED,Wikipedia/Wikimedia Commons search,,,AI_CURATED_NEEDS_VERIFICATION,2026-09-11,DRAFT_FOR_REVIEW
IN-00646,Bori Wildlife Sanctuary,Madhya Pradesh,,,NATURE,INDIA_NATURE,,Famous or notable nature destination associated with Madhya Pradesh; included as a draft nature discovery candidate.,,,,,NOTABLE,Wikipedia/Wikimedia Commons search,,,AI_CURATED_NEEDS_VERIFICATION,2026-09-11,DRAFT_FOR_REVIEW
IN-00647,Sanjay Dubri Tiger Reserve,Madhya Pradesh,,,NATURE,INDIA_NATURE,,Famous or notable nature destination associated with Madhya Pradesh; included as a draft nature discovery candidate.,,,,,NOTABLE,Wikipedia/Wikimedia Commons search,,,AI_CURATED_NEEDS_VERIFICATION,2026-09-11,DRAFT_FOR_REVIEW
IN-00648,Bhimbetka,Madhya Pradesh,,,NATURE,INDIA_NATURE,,Famous or notable nature destination associated with Madhya Pradesh; included as a draft nature discovery candidate.,,,,,NOTABLE,Wikipedia/Wikimedia Commons search,,,AI_CURATED_NEEDS_VERIFICATION,2026-09-11,DRAFT_FOR_REVIEW
IN-00649,Bhedaghat,Madhya Pradesh,,,NATURE,INDIA_NATURE,,Famous or notable nature destination associated with Madhya Pradesh; included as a draft nature discovery candidate.,,,,,NOTABLE,Wikipedia/Wikimedia Commons search,,,AI_CURATED_NEEDS_VERIFICATION,2026-09-11,DRAFT_FOR_REVIEW
IN-00650,Marble Rocks,Madhya Pradesh,,,NATURE,INDIA_NATURE,,Famous or notable nature destination associated with Madhya Pradesh; included as a draft nature discovery candidate.,,,,,NOTABLE,Wikipedia/Wikimedia Commons search,,,AI_CURATED_NEEDS_VERIFICATION,2026-09-11,DRAFT_FOR_REVIEW
IN-00651,Pachmarhi Bee Fall,Madhya Pradesh,,,NATURE,INDIA_NATURE,,Famous or notable nature destination associated with Madhya Pradesh; included as a draft nature discovery candidate.,,,,,NOTABLE,Wikipedia/Wikimedia Commons search,,,AI_CURATED_NEEDS_VERIFICATION,2026-09-11,DRAFT_FOR_REVIEW
IN-00652,Rajat Prapat,Madhya Pradesh,,,NATURE,INDIA_NATURE,,Famous or notable nature destination associated with Madhya Pradesh; included as a draft nature discovery candidate.,,,,,NOTABLE,Wikipedia/Wikimedia Commons search,,,AI_CURATED_NEEDS_VERIFICATION,2026-09-11,DRAFT_FOR_REVIEW
IN-00653,Apsara Vihar,Madhya Pradesh,,,NATURE,INDIA_NATURE,,Famous or notable nature destination associated with Madhya Pradesh; included as a draft nature discovery candidate.,,,,,NOTABLE,Wikipedia/Wikimedia Commons search,,,AI_CURATED_NEEDS_VERIFICATION,2026-09-11,DRAFT_FOR_REVIEW
IN-00654,Pandav Falls,Madhya Pradesh,,,NATURE,INDIA_NATURE,,Famous or notable nature destination associated with Madhya Pradesh; included as a draft nature discovery candidate.,,,,,NOTABLE,Wikipedia/Wikimedia Commons search,,,AI_CURATED_NEEDS_VERIFICATION,2026-09-11,DRAFT_FOR_REVIEW
IN-00655,Patalpani Falls,Madhya Pradesh,,,NATURE,INDIA_NATURE,,Famous or notable nature destination associated with Madhya Pradesh; included as a draft nature discovery candidate.,,,,,NOTABLE,Wikipedia/Wikimedia Commons search,,,AI_CURATED_NEEDS_VERIFICATION,2026-09-11,DRAFT_FOR_REVIEW
IN-00656,Tincha Falls,Madhya Pradesh,,,NATURE,INDIA_NATURE,,Famous or notable nature destination associated with Madhya Pradesh; included as a draft nature discovery candidate.,,,,,NOTABLE,Wikipedia/Wikimedia Commons search,,,AI_CURATED_NEEDS_VERIFICATION,2026-09-11,DRAFT_FOR_REVIEW
IN-00657,Kapildhara Falls,Madhya Pradesh,,,NATURE,INDIA_NATURE,,Famous or notable nature destination associated with Madhya Pradesh; included as a draft nature discovery candidate.,,,,,NOTABLE,Wikipedia/Wikimedia Commons search,,,AI_CURATED_NEEDS_VERIFICATION,2026-09-11,DRAFT_FOR_REVIEW
IN-00658,Keoti Falls,Madhya Pradesh,,,NATURE,INDIA_NATURE,,Famous or notable nature destination associated with Madhya Pradesh; included as a draft nature discovery candidate.,,,,,NOTABLE,Wikipedia/Wikimedia Commons search,,,AI_CURATED_NEEDS_VERIFICATION,2026-09-11,DRAFT_FOR_REVIEW
IN-00659,Chachai Falls,Madhya Pradesh,,,NATURE,INDIA_NATURE,,Famous or notable nature destination associated with Madhya Pradesh; included as a draft nature discovery candidate.,,,,,NOTABLE,Wikipedia/Wikimedia Commons search,,,AI_CURATED_NEEDS_VERIFICATION,2026-09-11,DRAFT_FOR_REVIEW
IN-00660,Bahuti Falls,Madhya Pradesh,,,NATURE,INDIA_NATURE,,Famous or notable nature destination associated with Madhya Pradesh; included as a draft nature discovery candidate.,,,,,NOTABLE,Wikipedia/Wikimedia Commons search,,,AI_CURATED_NEEDS_VERIFICATION,2026-09-11,DRAFT_FOR_REVIEW
IN-00661,Tawa reservoir,Madhya Pradesh,,,NATURE,INDIA_NATURE,,Famous or notable nature destination associated with Madhya Pradesh; included as a draft nature discovery candidate.,,,,,NOTABLE,Wikipedia/Wikimedia Commons search,,,AI_CURATED_NEEDS_VERIFICATION,2026-09-11,DRAFT_FOR_REVIEW
IN-00662,Tamia,Madhya Pradesh,,,NATURE,INDIA_NATURE,,Famous or notable nature destination associated with Madhya Pradesh; included as a draft nature discovery candidate.,,,,,NOTABLE,Wikipedia/Wikimedia Commons search,,,AI_CURATED_NEEDS_VERIFICATION,2026-09-11,DRAFT_FOR_REVIEW
IN-00663,Patalkot Valley,Madhya Pradesh,,,NATURE,INDIA_NATURE,,Famous or notable nature destination associated with Madhya Pradesh; included as a draft nature discovery candidate.,,,,,NOTABLE,Wikipedia/Wikimedia Commons search,,,AI_CURATED_NEEDS_VERIFICATION,2026-09-11,DRAFT_FOR_REVIEW
IN-00664,Amarkantak,Madhya Pradesh,,,NATURE,INDIA_NATURE,,Famous or notable nature destination associated with Madhya Pradesh; included as a draft nature discovery candidate.,,,,,NOTABLE,Wikipedia/Wikimedia Commons search,,,AI_CURATED_NEEDS_VERIFICATION,2026-09-11,DRAFT_FOR_REVIEW
IN-00665,Narmada valley,Madhya Pradesh,,,NATURE,INDIA_NATURE,,Famous or notable nature destination associated with Madhya Pradesh; included as a draft nature discovery candidate.,,,,,NOTABLE,Wikipedia/Wikimedia Commons search,,,AI_CURATED_NEEDS_VERIFICATION,2026-09-11,DRAFT_FOR_REVIEW
IN-00666,Tamia viewpoints,Madhya Pradesh,,,NATURE,INDIA_NATURE,,Famous or notable nature destination associated with Madhya Pradesh; included as a draft nature discovery candidate.,,,,,NOTABLE,Wikipedia/Wikimedia Commons search,,,AI_CURATED_NEEDS_VERIFICATION,2026-09-11,DRAFT_FOR_REVIEW
IN-00667,Sailana sanctuary,Madhya Pradesh,,,NATURE,INDIA_NATURE,,Famous or notable nature destination associated with Madhya Pradesh; included as a draft nature discovery candidate.,,,,,NOTABLE,Wikipedia/Wikimedia Commons search,,,AI_CURATED_NEEDS_VERIFICATION,2026-09-11,DRAFT_FOR_REVIEW
IN-00668,Loktak Lake,Manipur,,,NATURE,INDIA_NATURE,,Famous or notable nature destination associated with Manipur; included as a draft nature discovery candidate.,,,,,RENOWNED,Wikipedia/Wikimedia Commons search,,,AI_CURATED_NEEDS_VERIFICATION,2026-09-11,DRAFT_FOR_REVIEW
IN-00669,Keibul Lamjao National Park,Manipur,,,NATURE,INDIA_NATURE,,Famous or notable nature destination associated with Manipur; included as a draft nature discovery candidate.,,,,,RENOWNED,Wikipedia/Wikimedia Commons search,,,AI_CURATED_NEEDS_VERIFICATION,2026-09-11,DRAFT_FOR_REVIEW
IN-00670,Shirui Hills,Manipur,,,NATURE,INDIA_NATURE,,Famous or notable nature destination associated with Manipur; included as a draft nature discovery candidate.,,,,,RENOWNED,Wikipedia/Wikimedia Commons search,,,AI_CURATED_NEEDS_VERIFICATION,2026-09-11,DRAFT_FOR_REVIEW
IN-00671,Shirui Lily landscape,Manipur,,,NATURE,INDIA_NATURE,,Famous or notable nature destination associated with Manipur; included as a draft nature discovery candidate.,,,,,RENOWNED,Wikipedia/Wikimedia Commons search,,,AI_CURATED_NEEDS_VERIFICATION,2026-09-11,DRAFT_FOR_REVIEW
IN-00672,Dzuko Valley,Manipur,,,NATURE,INDIA_NATURE,,Famous or notable nature destination associated with Manipur; included as a draft nature discovery candidate.,,,,,RENOWNED,Wikipedia/Wikimedia Commons search,,,AI_CURATED_NEEDS_VERIFICATION,2026-09-11,DRAFT_FOR_REVIEW
IN-00673,Barak Waterfall,Manipur,,,NATURE,INDIA_NATURE,,Famous or notable nature destination associated with Manipur; included as a draft nature discovery candidate.,,,,,RENOWNED,Wikipedia/Wikimedia Commons search,,,AI_CURATED_NEEDS_VERIFICATION,2026-09-11,DRAFT_FOR_REVIEW
IN-00674,Khonghampat Orchidarium,Manipur,,,NATURE,INDIA_NATURE,,Famous or notable nature destination associated with Manipur; included as a draft nature discovery candidate.,,,,,RENOWNED,Wikipedia/Wikimedia Commons search,,,AI_CURATED_NEEDS_VERIFICATION,2026-09-11,DRAFT_FOR_REVIEW
IN-00675,Khoupum Valley,Manipur,,,NATURE,INDIA_NATURE,,Famous or notable nature destination associated with Manipur; included as a draft nature discovery candidate.,,,,,RENOWNED,Wikipedia/Wikimedia Commons search,,,AI_CURATED_NEEDS_VERIFICATION,2026-09-11,DRAFT_FOR_REVIEW
IN-00676,Sadu Chiru Waterfall,Manipur,,,NATURE,INDIA_NATURE,,Famous or notable nature destination associated with Manipur; included as a draft nature discovery candidate.,,,,,RENOWNED,Wikipedia/Wikimedia Commons search,,,AI_CURATED_NEEDS_VERIFICATION,2026-09-11,DRAFT_FOR_REVIEW
IN-00677,Leimaram Waterfall,Manipur,,,NATURE,INDIA_NATURE,,Famous or notable nature destination associated with Manipur; included as a draft nature discovery candidate.,,,,,RENOWNED,Wikipedia/Wikimedia Commons search,,,AI_CURATED_NEEDS_VERIFICATION,2026-09-11,DRAFT_FOR_REVIEW
IN-00678,Andro village hills,Manipur,,,NATURE,INDIA_NATURE,,Famous or notable nature destination associated with Manipur; included as a draft nature discovery candidate.,,,,,RENOWNED,Wikipedia/Wikimedia Commons search,,,AI_CURATED_NEEDS_VERIFICATION,2026-09-11,DRAFT_FOR_REVIEW
IN-00679,Jiribam wetlands,Manipur,,,NATURE,INDIA_NATURE,,Famous or notable nature destination associated with Manipur; included as a draft nature discovery candidate.,,,,,RENOWNED,Wikipedia/Wikimedia Commons search,,,AI_CURATED_NEEDS_VERIFICATION,2026-09-11,DRAFT_FOR_REVIEW
IN-00680,Nohkalikai Falls,Meghalaya,,,NATURE,INDIA_NATURE,,Famous or notable nature destination associated with Meghalaya; included as a draft nature discovery candidate.,,,,,RENOWNED,Wikipedia/Wikimedia Commons search,,,AI_CURATED_NEEDS_VERIFICATION,2026-09-11,DRAFT_FOR_REVIEW
IN-00681,Nohsngithiang Falls,Meghalaya,,,NATURE,INDIA_NATURE,,Famous or notable nature destination associated with Meghalaya; included as a draft nature discovery candidate.,,,,,RENOWNED,Wikipedia/Wikimedia Commons search,,,AI_CURATED_NEEDS_VERIFICATION,2026-09-11,DRAFT_FOR_REVIEW
IN-00682,Kynrem Falls,Meghalaya,,,NATURE,INDIA_NATURE,,Famous or notable nature destination associated with Meghalaya; included as a draft nature discovery candidate.,,,,,RENOWNED,Wikipedia/Wikimedia Commons search,,,AI_CURATED_NEEDS_VERIFICATION,2026-09-11,DRAFT_FOR_REVIEW
IN-00683,Dainthlen Falls,Meghalaya,,,NATURE,INDIA_NATURE,,Famous or notable nature destination associated with Meghalaya; included as a draft nature discovery candidate.,,,,,RENOWNED,Wikipedia/Wikimedia Commons search,,,AI_CURATED_NEEDS_VERIFICATION,2026-09-11,DRAFT_FOR_REVIEW
IN-00684,Wei Sawdong Falls,Meghalaya,,,NATURE,INDIA_NATURE,,Famous or notable nature destination associated with Meghalaya; included as a draft nature discovery candidate.,,,,,RENOWNED,Wikipedia/Wikimedia Commons search,,,AI_CURATED_NEEDS_VERIFICATION,2026-09-11,DRAFT_FOR_REVIEW
IN-00685,Krang Suri Falls,Meghalaya,,,NATURE,INDIA_NATURE,,Famous or notable nature destination associated with Meghalaya; included as a draft nature discovery candidate.,,,,,RENOWNED,Wikipedia/Wikimedia Commons search,,,AI_CURATED_NEEDS_VERIFICATION,2026-09-11,DRAFT_FOR_REVIEW
IN-00686,Bishop Falls,Meghalaya,,,NATURE,INDIA_NATURE,,Famous or notable nature destination associated with Meghalaya; included as a draft nature discovery candidate.,,,,,RENOWNED,Wikipedia/Wikimedia Commons search,,,AI_CURATED_NEEDS_VERIFICATION,2026-09-11,DRAFT_FOR_REVIEW
IN-00687,Beadon Falls,Meghalaya,,,NATURE,INDIA_NATURE,,Famous or notable nature destination associated with Meghalaya; included as a draft nature discovery candidate.,,,,,RENOWNED,Wikipedia/Wikimedia Commons search,,,AI_CURATED_NEEDS_VERIFICATION,2026-09-11,DRAFT_FOR_REVIEW
IN-00688,Elephant Falls,Meghalaya,,,NATURE,INDIA_NATURE,,Famous or notable nature destination associated with Meghalaya; included as a draft nature discovery candidate.,,,,,RENOWNED,Wikipedia/Wikimedia Commons search,,,AI_CURATED_NEEDS_VERIFICATION,2026-09-11,DRAFT_FOR_REVIEW
IN-00689,Sweet Falls,Meghalaya,,,NATURE,INDIA_NATURE,,Famous or notable nature destination associated with Meghalaya; included as a draft nature discovery candidate.,,,,,RENOWNED,Wikipedia/Wikimedia Commons search,,,AI_CURATED_NEEDS_VERIFICATION,2026-09-11,DRAFT_FOR_REVIEW
IN-00690,Mawsmai Cave,Meghalaya,,,NATURE,INDIA_NATURE,,Famous or notable nature destination associated with Meghalaya; included as a draft nature discovery candidate.,,,,,RENOWNED,Wikipedia/Wikimedia Commons search,,,AI_CURATED_NEEDS_VERIFICATION,2026-09-11,DRAFT_FOR_REVIEW
IN-00691,Arwah Cave,Meghalaya,,,NATURE,INDIA_NATURE,,Famous or notable nature destination associated with Meghalaya; included as a draft nature discovery candidate.,,,,,RENOWNED,Wikipedia/Wikimedia Commons search,,,AI_CURATED_NEEDS_VERIFICATION,2026-09-11,DRAFT_FOR_REVIEW
IN-00692,Siju Cave,Meghalaya,,,NATURE,INDIA_NATURE,,Famous or notable nature destination associated with Meghalaya; included as a draft nature discovery candidate.,,,,,NOTABLE,Wikipedia/Wikimedia Commons search,,,AI_CURATED_NEEDS_VERIFICATION,2026-09-11,DRAFT_FOR_REVIEW
IN-00693,Krem Liat Prah,Meghalaya,,,NATURE,INDIA_NATURE,,Famous or notable nature destination associated with Meghalaya; included as a draft nature discovery candidate.,,,,,NOTABLE,Wikipedia/Wikimedia Commons search,,,AI_CURATED_NEEDS_VERIFICATION,2026-09-11,DRAFT_FOR_REVIEW
IN-00694,Krem Mawmluh,Meghalaya,,,NATURE,INDIA_NATURE,,Famous or notable nature destination associated with Meghalaya; included as a draft nature discovery candidate.,,,,,NOTABLE,Wikipedia/Wikimedia Commons search,,,AI_CURATED_NEEDS_VERIFICATION,2026-09-11,DRAFT_FOR_REVIEW
IN-00695,Laitlum Canyon,Meghalaya,,,NATURE,INDIA_NATURE,,Famous or notable nature destination associated with Meghalaya; included as a draft nature discovery candidate.,,,,,NOTABLE,Wikipedia/Wikimedia Commons search,,,AI_CURATED_NEEDS_VERIFICATION,2026-09-11,DRAFT_FOR_REVIEW
IN-00696,Cherrapunji,Meghalaya,,,NATURE,INDIA_NATURE,,Famous or notable nature destination associated with Meghalaya; included as a draft nature discovery candidate.,,,,,NOTABLE,Wikipedia/Wikimedia Commons search,,,AI_CURATED_NEEDS_VERIFICATION,2026-09-11,DRAFT_FOR_REVIEW
IN-00697,Mawsynram,Meghalaya,,,NATURE,INDIA_NATURE,,Famous or notable nature destination associated with Meghalaya; included as a draft nature discovery candidate.,,,,,NOTABLE,Wikipedia/Wikimedia Commons search,,,AI_CURATED_NEEDS_VERIFICATION,2026-09-11,DRAFT_FOR_REVIEW
IN-00698,Nongriat,Meghalaya,,,NATURE,INDIA_NATURE,,Famous or notable nature destination associated with Meghalaya; included as a draft nature discovery candidate.,,,,,NOTABLE,Wikipedia/Wikimedia Commons search,,,AI_CURATED_NEEDS_VERIFICATION,2026-09-11,DRAFT_FOR_REVIEW
IN-00699,Living Root Bridges,Meghalaya,,,NATURE,INDIA_NATURE,,Famous or notable nature destination associated with Meghalaya; included as a draft nature discovery candidate.,,,,,NOTABLE,Wikipedia/Wikimedia Commons search,,,AI_CURATED_NEEDS_VERIFICATION,2026-09-11,DRAFT_FOR_REVIEW
IN-00700,Double Decker Root Bridge,Meghalaya,,,NATURE,INDIA_NATURE,,Famous or notable nature destination associated with Meghalaya; included as a draft nature discovery candidate.,,,,,NOTABLE,Wikipedia/Wikimedia Commons search,,,AI_CURATED_NEEDS_VERIFICATION,2026-09-11,DRAFT_FOR_REVIEW
IN-00701,Mawlynnong,Meghalaya,,,NATURE,INDIA_NATURE,,Famous or notable nature destination associated with Meghalaya; included as a draft nature discovery candidate.,,,,,NOTABLE,Wikipedia/Wikimedia Commons search,,,AI_CURATED_NEEDS_VERIFICATION,2026-09-11,DRAFT_FOR_REVIEW
IN-00702,Nongkhnum Island,Meghalaya,,,NATURE,INDIA_NATURE,,Famous or notable nature destination associated with Meghalaya; included as a draft nature discovery candidate.,,,,,NOTABLE,Wikipedia/Wikimedia Commons search,,,AI_CURATED_NEEDS_VERIFICATION,2026-09-11,DRAFT_FOR_REVIEW
IN-00703,Umiam Lake,Meghalaya,,,NATURE,INDIA_NATURE,,Famous or notable nature destination associated with Meghalaya; included as a draft nature discovery candidate.,,,,,NOTABLE,Wikipedia/Wikimedia Commons search,,,AI_CURATED_NEEDS_VERIFICATION,2026-09-11,DRAFT_FOR_REVIEW
IN-00704,Balpakram National Park,Meghalaya,,,NATURE,INDIA_NATURE,,Famous or notable nature destination associated with Meghalaya; included as a draft nature discovery candidate.,,,,,NOTABLE,Wikipedia/Wikimedia Commons search,,,AI_CURATED_NEEDS_VERIFICATION,2026-09-11,DRAFT_FOR_REVIEW
IN-00705,Nokrek National Park,Meghalaya,,,NATURE,INDIA_NATURE,,Famous or notable nature destination associated with Meghalaya; included as a draft nature discovery candidate.,,,,,NOTABLE,Wikipedia/Wikimedia Commons search,,,AI_CURATED_NEEDS_VERIFICATION,2026-09-11,DRAFT_FOR_REVIEW
IN-00706,Nongkhyllem Wildlife Sanctuary,Meghalaya,,,NATURE,INDIA_NATURE,,Famous or notable nature destination associated with Meghalaya; included as a draft nature discovery candidate.,,,,,NOTABLE,Wikipedia/Wikimedia Commons search,,,AI_CURATED_NEEDS_VERIFICATION,2026-09-11,DRAFT_FOR_REVIEW
IN-00707,Siju Wildlife Sanctuary,Meghalaya,,,NATURE,INDIA_NATURE,,Famous or notable nature destination associated with Meghalaya; included as a draft nature discovery candidate.,,,,,NOTABLE,Wikipedia/Wikimedia Commons search,,,AI_CURATED_NEEDS_VERIFICATION,2026-09-11,DRAFT_FOR_REVIEW
IN-00708,Nongjrong sunrise point,Meghalaya,,,NATURE,INDIA_NATURE,,Famous or notable nature destination associated with Meghalaya; included as a draft nature discovery candidate.,,,,,NOTABLE,Wikipedia/Wikimedia Commons search,,,AI_CURATED_NEEDS_VERIFICATION,2026-09-11,DRAFT_FOR_REVIEW
IN-00709,Dawki,Meghalaya,,,NATURE,INDIA_NATURE,,Famous or notable nature destination associated with Meghalaya; included as a draft nature discovery candidate.,,,,,NOTABLE,Wikipedia/Wikimedia Commons search,,,AI_CURATED_NEEDS_VERIFICATION,2026-09-11,DRAFT_FOR_REVIEW
IN-00710,Umngot River,Meghalaya,,,NATURE,INDIA_NATURE,,Famous or notable nature destination associated with Meghalaya; included as a draft nature discovery candidate.,,,,,NOTABLE,Wikipedia/Wikimedia Commons search,,,AI_CURATED_NEEDS_VERIFICATION,2026-09-11,DRAFT_FOR_REVIEW
IN-00711,Mawphlang Sacred Forest,Meghalaya,,,NATURE,INDIA_NATURE,,Famous or notable nature destination associated with Meghalaya; included as a draft nature discovery candidate.,,,,,NOTABLE,Wikipedia/Wikimedia Commons search,,,AI_CURATED_NEEDS_VERIFICATION,2026-09-11,DRAFT_FOR_REVIEW
IN-00712,David Scott Trail,Meghalaya,,,NATURE,INDIA_NATURE,,Famous or notable nature destination associated with Meghalaya; included as a draft nature discovery candidate.,,,,,NOTABLE,Wikipedia/Wikimedia Commons search,,,AI_CURATED_NEEDS_VERIFICATION,2026-09-11,DRAFT_FOR_REVIEW
IN-00713,Phawngpui National Park,Mizoram,,,NATURE,INDIA_NATURE,,Famous or notable nature destination associated with Mizoram; included as a draft nature discovery candidate.,,,,,RENOWNED,Wikipedia/Wikimedia Commons search,,,AI_CURATED_NEEDS_VERIFICATION,2026-09-11,DRAFT_FOR_REVIEW
IN-00714,Murlen National Park,Mizoram,,,NATURE,INDIA_NATURE,,Famous or notable nature destination associated with Mizoram; included as a draft nature discovery candidate.,,,,,RENOWNED,Wikipedia/Wikimedia Commons search,,,AI_CURATED_NEEDS_VERIFICATION,2026-09-11,DRAFT_FOR_REVIEW
IN-00715,Dampa Tiger Reserve,Mizoram,,,NATURE,INDIA_NATURE,,Famous or notable nature destination associated with Mizoram; included as a draft nature discovery candidate.,,,,,RENOWNED,Wikipedia/Wikimedia Commons search,,,AI_CURATED_NEEDS_VERIFICATION,2026-09-11,DRAFT_FOR_REVIEW
IN-00716,Reiek,Mizoram,,,NATURE,INDIA_NATURE,,Famous or notable nature destination associated with Mizoram; included as a draft nature discovery candidate.,,,,,RENOWNED,Wikipedia/Wikimedia Commons search,,,AI_CURATED_NEEDS_VERIFICATION,2026-09-11,DRAFT_FOR_REVIEW
IN-00717,Hmuifang,Mizoram,,,NATURE,INDIA_NATURE,,Famous or notable nature destination associated with Mizoram; included as a draft nature discovery candidate.,,,,,RENOWNED,Wikipedia/Wikimedia Commons search,,,AI_CURATED_NEEDS_VERIFICATION,2026-09-11,DRAFT_FOR_REVIEW
IN-00718,Durtlang Hills,Mizoram,,,NATURE,INDIA_NATURE,,Famous or notable nature destination associated with Mizoram; included as a draft nature discovery candidate.,,,,,RENOWNED,Wikipedia/Wikimedia Commons search,,,AI_CURATED_NEEDS_VERIFICATION,2026-09-11,DRAFT_FOR_REVIEW
IN-00719,Vantawng Falls,Mizoram,,,NATURE,INDIA_NATURE,,Famous or notable nature destination associated with Mizoram; included as a draft nature discovery candidate.,,,,,RENOWNED,Wikipedia/Wikimedia Commons search,,,AI_CURATED_NEEDS_VERIFICATION,2026-09-11,DRAFT_FOR_REVIEW
IN-00720,Tuirihiau Falls,Mizoram,,,NATURE,INDIA_NATURE,,Famous or notable nature destination associated with Mizoram; included as a draft nature discovery candidate.,,,,,RENOWNED,Wikipedia/Wikimedia Commons search,,,AI_CURATED_NEEDS_VERIFICATION,2026-09-11,DRAFT_FOR_REVIEW
IN-00721,Tuirial River,Mizoram,,,NATURE,INDIA_NATURE,,Famous or notable nature destination associated with Mizoram; included as a draft nature discovery candidate.,,,,,RENOWNED,Wikipedia/Wikimedia Commons search,,,AI_CURATED_NEEDS_VERIFICATION,2026-09-11,DRAFT_FOR_REVIEW
IN-00722,Tam Dil Lake,Mizoram,,,NATURE,INDIA_NATURE,,Famous or notable nature destination associated with Mizoram; included as a draft nature discovery candidate.,,,,,RENOWNED,Wikipedia/Wikimedia Commons search,,,AI_CURATED_NEEDS_VERIFICATION,2026-09-11,DRAFT_FOR_REVIEW
IN-00723,Palak Lake,Mizoram,,,NATURE,INDIA_NATURE,,Famous or notable nature destination associated with Mizoram; included as a draft nature discovery candidate.,,,,,RENOWNED,Wikipedia/Wikimedia Commons search,,,AI_CURATED_NEEDS_VERIFICATION,2026-09-11,DRAFT_FOR_REVIEW
IN-00724,Blue Mountain,Mizoram,,,NATURE,INDIA_NATURE,,Famous or notable nature destination associated with Mizoram; included as a draft nature discovery candidate.,,,,,RENOWNED,Wikipedia/Wikimedia Commons search,,,AI_CURATED_NEEDS_VERIFICATION,2026-09-11,DRAFT_FOR_REVIEW
IN-00725,Lengteng Wildlife Sanctuary,Mizoram,,,NATURE,INDIA_NATURE,,Famous or notable nature destination associated with Mizoram; included as a draft nature discovery candidate.,,,,,NOTABLE,Wikipedia/Wikimedia Commons search,,,AI_CURATED_NEEDS_VERIFICATION,2026-09-11,DRAFT_FOR_REVIEW
IN-00726,Ngengpui Wildlife Sanctuary,Mizoram,,,NATURE,INDIA_NATURE,,Famous or notable nature destination associated with Mizoram; included as a draft nature discovery candidate.,,,,,NOTABLE,Wikipedia/Wikimedia Commons search,,,AI_CURATED_NEEDS_VERIFICATION,2026-09-11,DRAFT_FOR_REVIEW
IN-00727,Tokalo Wildlife Sanctuary,Mizoram,,,NATURE,INDIA_NATURE,,Famous or notable nature destination associated with Mizoram; included as a draft nature discovery candidate.,,,,,NOTABLE,Wikipedia/Wikimedia Commons search,,,AI_CURATED_NEEDS_VERIFICATION,2026-09-11,DRAFT_FOR_REVIEW
IN-00728,Thorangtlang Wildlife Sanctuary,Mizoram,,,NATURE,INDIA_NATURE,,Famous or notable nature destination associated with Mizoram; included as a draft nature discovery candidate.,,,,,NOTABLE,Wikipedia/Wikimedia Commons search,,,AI_CURATED_NEEDS_VERIFICATION,2026-09-11,DRAFT_FOR_REVIEW
IN-00729,Dzukou Valley,Nagaland,,,NATURE,INDIA_NATURE,,Famous or notable nature destination associated with Nagaland; included as a draft nature discovery candidate.,,,,,RENOWNED,Wikipedia/Wikimedia Commons search,,,AI_CURATED_NEEDS_VERIFICATION,2026-09-11,DRAFT_FOR_REVIEW
IN-00730,Japfu Peak,Nagaland,,,NATURE,INDIA_NATURE,,Famous or notable nature destination associated with Nagaland; included as a draft nature discovery candidate.,,,,,RENOWNED,Wikipedia/Wikimedia Commons search,,,AI_CURATED_NEEDS_VERIFICATION,2026-09-11,DRAFT_FOR_REVIEW
IN-00731,Saramati Peak,Nagaland,,,NATURE,INDIA_NATURE,,Famous or notable nature destination associated with Nagaland; included as a draft nature discovery candidate.,,,,,RENOWNED,Wikipedia/Wikimedia Commons search,,,AI_CURATED_NEEDS_VERIFICATION,2026-09-11,DRAFT_FOR_REVIEW
IN-00732,Mount Pauna,Nagaland,,,NATURE,INDIA_NATURE,,Famous or notable nature destination associated with Nagaland; included as a draft nature discovery candidate.,,,,,RENOWNED,Wikipedia/Wikimedia Commons search,,,AI_CURATED_NEEDS_VERIFICATION,2026-09-11,DRAFT_FOR_REVIEW
IN-00733,Intanki National Park,Nagaland,,,NATURE,INDIA_NATURE,,Famous or notable nature destination associated with Nagaland; included as a draft nature discovery candidate.,,,,,RENOWNED,Wikipedia/Wikimedia Commons search,,,AI_CURATED_NEEDS_VERIFICATION,2026-09-11,DRAFT_FOR_REVIEW
IN-00734,Ntangki National Park,Nagaland,,,NATURE,INDIA_NATURE,,Famous or notable nature destination associated with Nagaland; included as a draft nature discovery candidate.,,,,,RENOWNED,Wikipedia/Wikimedia Commons search,,,AI_CURATED_NEEDS_VERIFICATION,2026-09-11,DRAFT_FOR_REVIEW
IN-00735,Fakim Wildlife Sanctuary,Nagaland,,,NATURE,INDIA_NATURE,,Famous or notable nature destination associated with Nagaland; included as a draft nature discovery candidate.,,,,,RENOWNED,Wikipedia/Wikimedia Commons search,,,AI_CURATED_NEEDS_VERIFICATION,2026-09-11,DRAFT_FOR_REVIEW
IN-00736,Puliebadze Wildlife Sanctuary,Nagaland,,,NATURE,INDIA_NATURE,,Famous or notable nature destination associated with Nagaland; included as a draft nature discovery candidate.,,,,,RENOWNED,Wikipedia/Wikimedia Commons search,,,AI_CURATED_NEEDS_VERIFICATION,2026-09-11,DRAFT_FOR_REVIEW
IN-00737,Sukhajan waterfall,Nagaland,,,NATURE,INDIA_NATURE,,Famous or notable nature destination associated with Nagaland; included as a draft nature discovery candidate.,,,,,RENOWNED,Wikipedia/Wikimedia Commons search,,,AI_CURATED_NEEDS_VERIFICATION,2026-09-11,DRAFT_FOR_REVIEW
IN-00738,Kisama hills,Nagaland,,,NATURE,INDIA_NATURE,,Famous or notable nature destination associated with Nagaland; included as a draft nature discovery candidate.,,,,,RENOWNED,Wikipedia/Wikimedia Commons search,,,AI_CURATED_NEEDS_VERIFICATION,2026-09-11,DRAFT_FOR_REVIEW
IN-00739,Khonoma Nature Conservation,Nagaland,,,NATURE,INDIA_NATURE,,Famous or notable nature destination associated with Nagaland; included as a draft nature discovery candidate.,,,,,RENOWNED,Wikipedia/Wikimedia Commons search,,,AI_CURATED_NEEDS_VERIFICATION,2026-09-11,DRAFT_FOR_REVIEW
IN-00740,Shilloi Lake,Nagaland,,,NATURE,INDIA_NATURE,,Famous or notable nature destination associated with Nagaland; included as a draft nature discovery candidate.,,,,,RENOWNED,Wikipedia/Wikimedia Commons search,,,AI_CURATED_NEEDS_VERIFICATION,2026-09-11,DRAFT_FOR_REVIEW
IN-00741,Triple Falls,Nagaland,,,NATURE,INDIA_NATURE,,Famous or notable nature destination associated with Nagaland; included as a draft nature discovery candidate.,,,,,NOTABLE,Wikipedia/Wikimedia Commons search,,,AI_CURATED_NEEDS_VERIFICATION,2026-09-11,DRAFT_FOR_REVIEW
IN-00742,Mount Tiyi,Nagaland,,,NATURE,INDIA_NATURE,,Famous or notable nature destination associated with Nagaland; included as a draft nature discovery candidate.,,,,,NOTABLE,Wikipedia/Wikimedia Commons search,,,AI_CURATED_NEEDS_VERIFICATION,2026-09-11,DRAFT_FOR_REVIEW
IN-00743,Phek hills,Nagaland,,,NATURE,INDIA_NATURE,,Famous or notable nature destination associated with Nagaland; included as a draft nature discovery candidate.,,,,,NOTABLE,Wikipedia/Wikimedia Commons search,,,AI_CURATED_NEEDS_VERIFICATION,2026-09-11,DRAFT_FOR_REVIEW
IN-00744,Mokokchung hills,Nagaland,,,NATURE,INDIA_NATURE,,Famous or notable nature destination associated with Nagaland; included as a draft nature discovery candidate.,,,,,NOTABLE,Wikipedia/Wikimedia Commons search,,,AI_CURATED_NEEDS_VERIFICATION,2026-09-11,DRAFT_FOR_REVIEW
IN-00745,Wokha hills,Nagaland,,,NATURE,INDIA_NATURE,,Famous or notable nature destination associated with Nagaland; included as a draft nature discovery candidate.,,,,,NOTABLE,Wikipedia/Wikimedia Commons search,,,AI_CURATED_NEEDS_VERIFICATION,2026-09-11,DRAFT_FOR_REVIEW
IN-00746,Similipal National Park,Odisha,,,NATURE,INDIA_NATURE,,Famous or notable nature destination associated with Odisha; included as a draft nature discovery candidate.,,,,,RENOWNED,Wikipedia/Wikimedia Commons search,,,AI_CURATED_NEEDS_VERIFICATION,2026-09-11,DRAFT_FOR_REVIEW
IN-00747,Bhitarkanika National Park,Odisha,,,NATURE,INDIA_NATURE,,Famous or notable nature destination associated with Odisha; included as a draft nature discovery candidate.,,,,,RENOWNED,Wikipedia/Wikimedia Commons search,,,AI_CURATED_NEEDS_VERIFICATION,2026-09-11,DRAFT_FOR_REVIEW
IN-00748,Satkosia Gorge,Odisha,,,NATURE,INDIA_NATURE,,Famous or notable nature destination associated with Odisha; included as a draft nature discovery candidate.,,,,,RENOWNED,Wikipedia/Wikimedia Commons search,,,AI_CURATED_NEEDS_VERIFICATION,2026-09-11,DRAFT_FOR_REVIEW
IN-00749,Chilika Lake,Odisha,,,NATURE,INDIA_NATURE,,Famous or notable nature destination associated with Odisha; included as a draft nature discovery candidate.,,,,,RENOWNED,Wikipedia/Wikimedia Commons search,,,AI_CURATED_NEEDS_VERIFICATION,2026-09-11,DRAFT_FOR_REVIEW
IN-00750,Daringbadi,Odisha,,,NATURE,INDIA_NATURE,,Famous or notable nature destination associated with Odisha; included as a draft nature discovery candidate.,,,,,RENOWNED,Wikipedia/Wikimedia Commons search,,,AI_CURATED_NEEDS_VERIFICATION,2026-09-11,DRAFT_FOR_REVIEW
IN-00751,Deomali Peak,Odisha,,,NATURE,INDIA_NATURE,,Famous or notable nature destination associated with Odisha; included as a draft nature discovery candidate.,,,,,RENOWNED,Wikipedia/Wikimedia Commons search,,,AI_CURATED_NEEDS_VERIFICATION,2026-09-11,DRAFT_FOR_REVIEW
IN-00752,Mahendragiri,Odisha,,,NATURE,INDIA_NATURE,,Famous or notable nature destination associated with Odisha; included as a draft nature discovery candidate.,,,,,RENOWNED,Wikipedia/Wikimedia Commons search,,,AI_CURATED_NEEDS_VERIFICATION,2026-09-11,DRAFT_FOR_REVIEW
IN-00753,Barehipani Falls,Odisha,,,NATURE,INDIA_NATURE,,Famous or notable nature destination associated with Odisha; included as a draft nature discovery candidate.,,,,,RENOWNED,Wikipedia/Wikimedia Commons search,,,AI_CURATED_NEEDS_VERIFICATION,2026-09-11,DRAFT_FOR_REVIEW
IN-00754,Joranda Falls,Odisha,,,NATURE,INDIA_NATURE,,Famous or notable nature destination associated with Odisha; included as a draft nature discovery candidate.,,,,,RENOWNED,Wikipedia/Wikimedia Commons search,,,AI_CURATED_NEEDS_VERIFICATION,2026-09-11,DRAFT_FOR_REVIEW
IN-00755,Duduma Falls,Odisha,,,NATURE,INDIA_NATURE,,Famous or notable nature destination associated with Odisha; included as a draft nature discovery candidate.,,,,,RENOWNED,Wikipedia/Wikimedia Commons search,,,AI_CURATED_NEEDS_VERIFICATION,2026-09-11,DRAFT_FOR_REVIEW
IN-00756,Khandadhar Falls,Odisha,,,NATURE,INDIA_NATURE,,Famous or notable nature destination associated with Odisha; included as a draft nature discovery candidate.,,,,,RENOWNED,Wikipedia/Wikimedia Commons search,,,AI_CURATED_NEEDS_VERIFICATION,2026-09-11,DRAFT_FOR_REVIEW
IN-00757,Badaghagara Falls,Odisha,,,NATURE,INDIA_NATURE,,Famous or notable nature destination associated with Odisha; included as a draft nature discovery candidate.,,,,,RENOWNED,Wikipedia/Wikimedia Commons search,,,AI_CURATED_NEEDS_VERIFICATION,2026-09-11,DRAFT_FOR_REVIEW
IN-00758,Sanaghagara Falls,Odisha,,,NATURE,INDIA_NATURE,,Famous or notable nature destination associated with Odisha; included as a draft nature discovery candidate.,,,,,NOTABLE,Wikipedia/Wikimedia Commons search,,,AI_CURATED_NEEDS_VERIFICATION,2026-09-11,DRAFT_FOR_REVIEW
IN-00759,Pradhanpat Falls,Odisha,,,NATURE,INDIA_NATURE,,Famous or notable nature destination associated with Odisha; included as a draft nature discovery candidate.,,,,,NOTABLE,Wikipedia/Wikimedia Commons search,,,AI_CURATED_NEEDS_VERIFICATION,2026-09-11,DRAFT_FOR_REVIEW
IN-00760,Phurlijharan Falls,Odisha,,,NATURE,INDIA_NATURE,,Famous or notable nature destination associated with Odisha; included as a draft nature discovery candidate.,,,,,NOTABLE,Wikipedia/Wikimedia Commons search,,,AI_CURATED_NEEDS_VERIFICATION,2026-09-11,DRAFT_FOR_REVIEW
IN-00761,Gandahathi Falls,Odisha,,,NATURE,INDIA_NATURE,,Famous or notable nature destination associated with Odisha; included as a draft nature discovery candidate.,,,,,NOTABLE,Wikipedia/Wikimedia Commons search,,,AI_CURATED_NEEDS_VERIFICATION,2026-09-11,DRAFT_FOR_REVIEW
IN-00762,Putudi Falls,Odisha,,,NATURE,INDIA_NATURE,,Famous or notable nature destination associated with Odisha; included as a draft nature discovery candidate.,,,,,NOTABLE,Wikipedia/Wikimedia Commons search,,,AI_CURATED_NEEDS_VERIFICATION,2026-09-11,DRAFT_FOR_REVIEW
IN-00763,Chatikona Falls,Odisha,,,NATURE,INDIA_NATURE,,Famous or notable nature destination associated with Odisha; included as a draft nature discovery candidate.,,,,,NOTABLE,Wikipedia/Wikimedia Commons search,,,AI_CURATED_NEEDS_VERIFICATION,2026-09-11,DRAFT_FOR_REVIEW
IN-00764,Harishankar Falls,Odisha,,,NATURE,INDIA_NATURE,,Famous or notable nature destination associated with Odisha; included as a draft nature discovery candidate.,,,,,NOTABLE,Wikipedia/Wikimedia Commons search,,,AI_CURATED_NEEDS_VERIFICATION,2026-09-11,DRAFT_FOR_REVIEW
IN-00765,Kakharua Waterfall,Odisha,,,NATURE,INDIA_NATURE,,Famous or notable nature destination associated with Odisha; included as a draft nature discovery candidate.,,,,,NOTABLE,Wikipedia/Wikimedia Commons search,,,AI_CURATED_NEEDS_VERIFICATION,2026-09-11,DRAFT_FOR_REVIEW
IN-00766,Ansupa Lake,Odisha,,,NATURE,INDIA_NATURE,,Famous or notable nature destination associated with Odisha; included as a draft nature discovery candidate.,,,,,NOTABLE,Wikipedia/Wikimedia Commons search,,,AI_CURATED_NEEDS_VERIFICATION,2026-09-11,DRAFT_FOR_REVIEW
IN-00767,Hirakud reservoir,Odisha,,,NATURE,INDIA_NATURE,,Famous or notable nature destination associated with Odisha; included as a draft nature discovery candidate.,,,,,NOTABLE,Wikipedia/Wikimedia Commons search,,,AI_CURATED_NEEDS_VERIFICATION,2026-09-11,DRAFT_FOR_REVIEW
IN-00768,Gopalpur Beach,Odisha,,,NATURE,INDIA_NATURE,,Famous or notable nature destination associated with Odisha; included as a draft nature discovery candidate.,,,,,NOTABLE,Wikipedia/Wikimedia Commons search,,,AI_CURATED_NEEDS_VERIFICATION,2026-09-11,DRAFT_FOR_REVIEW
IN-00769,Puri Beach,Odisha,,,NATURE,INDIA_NATURE,,Famous or notable nature destination associated with Odisha; included as a draft nature discovery candidate.,,,,,NOTABLE,Wikipedia/Wikimedia Commons search,,,AI_CURATED_NEEDS_VERIFICATION,2026-09-11,DRAFT_FOR_REVIEW
IN-00770,Chandrabhaga Beach,Odisha,,,NATURE,INDIA_NATURE,,Famous or notable nature destination associated with Odisha; included as a draft nature discovery candidate.,,,,,NOTABLE,Wikipedia/Wikimedia Commons search,,,AI_CURATED_NEEDS_VERIFICATION,2026-09-11,DRAFT_FOR_REVIEW
IN-00771,Konark coast,Odisha,,,NATURE,INDIA_NATURE,,Famous or notable nature destination associated with Odisha; included as a draft nature discovery candidate.,,,,,NOTABLE,Wikipedia/Wikimedia Commons search,,,AI_CURATED_NEEDS_VERIFICATION,2026-09-11,DRAFT_FOR_REVIEW
IN-00772,Balighai Beach,Odisha,,,NATURE,INDIA_NATURE,,Famous or notable nature destination associated with Odisha; included as a draft nature discovery candidate.,,,,,NOTABLE,Wikipedia/Wikimedia Commons search,,,AI_CURATED_NEEDS_VERIFICATION,2026-09-11,DRAFT_FOR_REVIEW
IN-00773,Rushikulya coast,Odisha,,,NATURE,INDIA_NATURE,,Famous or notable nature destination associated with Odisha; included as a draft nature discovery candidate.,,,,,NOTABLE,Wikipedia/Wikimedia Commons search,,,AI_CURATED_NEEDS_VERIFICATION,2026-09-11,DRAFT_FOR_REVIEW
IN-00774,Gahirmatha Marine Sanctuary,Odisha,,,NATURE,INDIA_NATURE,,Famous or notable nature destination associated with Odisha; included as a draft nature discovery candidate.,,,,,NOTABLE,Wikipedia/Wikimedia Commons search,,,AI_CURATED_NEEDS_VERIFICATION,2026-09-11,DRAFT_FOR_REVIEW
IN-00775,Bhitarkanika mangroves,Odisha,,,NATURE,INDIA_NATURE,,Famous or notable nature destination associated with Odisha; included as a draft nature discovery candidate.,,,,,NOTABLE,Wikipedia/Wikimedia Commons search,,,AI_CURATED_NEEDS_VERIFICATION,2026-09-11,DRAFT_FOR_REVIEW
IN-00776,Kuldiha Wildlife Sanctuary,Odisha,,,NATURE,INDIA_NATURE,,Famous or notable nature destination associated with Odisha; included as a draft nature discovery candidate.,,,,,NOTABLE,Wikipedia/Wikimedia Commons search,,,AI_CURATED_NEEDS_VERIFICATION,2026-09-11,DRAFT_FOR_REVIEW
IN-00777,Nandankanan forest,Odisha,,,NATURE,INDIA_NATURE,,Famous or notable nature destination associated with Odisha; included as a draft nature discovery candidate.,,,,,NOTABLE,Wikipedia/Wikimedia Commons search,,,AI_CURATED_NEEDS_VERIFICATION,2026-09-11,DRAFT_FOR_REVIEW
IN-00778,Harike Wetland,Punjab,,,NATURE,INDIA_NATURE,,Famous or notable nature destination associated with Punjab; included as a draft nature discovery candidate.,,,,,RENOWNED,Wikipedia/Wikimedia Commons search,,,AI_CURATED_NEEDS_VERIFICATION,2026-09-11,DRAFT_FOR_REVIEW
IN-00779,Kanjli Wetland,Punjab,,,NATURE,INDIA_NATURE,,Famous or notable nature destination associated with Punjab; included as a draft nature discovery candidate.,,,,,RENOWNED,Wikipedia/Wikimedia Commons search,,,AI_CURATED_NEEDS_VERIFICATION,2026-09-11,DRAFT_FOR_REVIEW
IN-00780,Ropar Wetland,Punjab,,,NATURE,INDIA_NATURE,,Famous or notable nature destination associated with Punjab; included as a draft nature discovery candidate.,,,,,RENOWNED,Wikipedia/Wikimedia Commons search,,,AI_CURATED_NEEDS_VERIFICATION,2026-09-11,DRAFT_FOR_REVIEW
IN-00781,Abohar Wildlife Sanctuary,Punjab,,,NATURE,INDIA_NATURE,,Famous or notable nature destination associated with Punjab; included as a draft nature discovery candidate.,,,,,RENOWNED,Wikipedia/Wikimedia Commons search,,,AI_CURATED_NEEDS_VERIFICATION,2026-09-11,DRAFT_FOR_REVIEW
IN-00782,Beas Conservation Reserve,Punjab,,,NATURE,INDIA_NATURE,,Famous or notable nature destination associated with Punjab; included as a draft nature discovery candidate.,,,,,RENOWNED,Wikipedia/Wikimedia Commons search,,,AI_CURATED_NEEDS_VERIFICATION,2026-09-11,DRAFT_FOR_REVIEW
IN-00783,Keshopur-Miani Community Reserve,Punjab,,,NATURE,INDIA_NATURE,,Famous or notable nature destination associated with Punjab; included as a draft nature discovery candidate.,,,,,RENOWNED,Wikipedia/Wikimedia Commons search,,,AI_CURATED_NEEDS_VERIFICATION,2026-09-11,DRAFT_FOR_REVIEW
IN-00784,Nangal Wildlife Sanctuary,Punjab,,,NATURE,INDIA_NATURE,,Famous or notable nature destination associated with Punjab; included as a draft nature discovery candidate.,,,,,RENOWNED,Wikipedia/Wikimedia Commons search,,,AI_CURATED_NEEDS_VERIFICATION,2026-09-11,DRAFT_FOR_REVIEW
IN-00785,Shivalik foothills,Punjab,,,NATURE,INDIA_NATURE,,Famous or notable nature destination associated with Punjab; included as a draft nature discovery candidate.,,,,,RENOWNED,Wikipedia/Wikimedia Commons search,,,AI_CURATED_NEEDS_VERIFICATION,2026-09-11,DRAFT_FOR_REVIEW
IN-00786,Sukhna Lake landscape,Punjab,,,NATURE,INDIA_NATURE,,Famous or notable nature destination associated with Punjab; included as a draft nature discovery candidate.,,,,,RENOWNED,Wikipedia/Wikimedia Commons search,,,AI_CURATED_NEEDS_VERIFICATION,2026-09-11,DRAFT_FOR_REVIEW
IN-00787,Kali Bein wetland,Punjab,,,NATURE,INDIA_NATURE,,Famous or notable nature destination associated with Punjab; included as a draft nature discovery candidate.,,,,,RENOWNED,Wikipedia/Wikimedia Commons search,,,AI_CURATED_NEEDS_VERIFICATION,2026-09-11,DRAFT_FOR_REVIEW
IN-00788,Ranjit Sagar reservoir,Punjab,,,NATURE,INDIA_NATURE,,Famous or notable nature destination associated with Punjab; included as a draft nature discovery candidate.,,,,,RENOWNED,Wikipedia/Wikimedia Commons search,,,AI_CURATED_NEEDS_VERIFICATION,2026-09-11,DRAFT_FOR_REVIEW
IN-00789,Ranthambore National Park,Rajasthan,,,NATURE,INDIA_NATURE,,Famous or notable nature destination associated with Rajasthan; included as a draft nature discovery candidate.,,,,,RENOWNED,Wikipedia/Wikimedia Commons search,,,AI_CURATED_NEEDS_VERIFICATION,2026-09-11,DRAFT_FOR_REVIEW
IN-00790,Sariska National Park,Rajasthan,,,NATURE,INDIA_NATURE,,Famous or notable nature destination associated with Rajasthan; included as a draft nature discovery candidate.,,,,,RENOWNED,Wikipedia/Wikimedia Commons search,,,AI_CURATED_NEEDS_VERIFICATION,2026-09-11,DRAFT_FOR_REVIEW
IN-00791,Keoladeo National Park,Rajasthan,,,NATURE,INDIA_NATURE,,Famous or notable nature destination associated with Rajasthan; included as a draft nature discovery candidate.,,,,,RENOWNED,Wikipedia/Wikimedia Commons search,,,AI_CURATED_NEEDS_VERIFICATION,2026-09-11,DRAFT_FOR_REVIEW
IN-00792,Desert National Park,Rajasthan,,,NATURE,INDIA_NATURE,,Famous or notable nature destination associated with Rajasthan; included as a draft nature discovery candidate.,,,,,RENOWNED,Wikipedia/Wikimedia Commons search,,,AI_CURATED_NEEDS_VERIFICATION,2026-09-11,DRAFT_FOR_REVIEW
IN-00793,Mukundra Hills National Park,Rajasthan,,,NATURE,INDIA_NATURE,,Famous or notable nature destination associated with Rajasthan; included as a draft nature discovery candidate.,,,,,RENOWNED,Wikipedia/Wikimedia Commons search,,,AI_CURATED_NEEDS_VERIFICATION,2026-09-11,DRAFT_FOR_REVIEW
IN-00794,Tal Chhapar Sanctuary,Rajasthan,,,NATURE,INDIA_NATURE,,Famous or notable nature destination associated with Rajasthan; included as a draft nature discovery candidate.,,,,,RENOWNED,Wikipedia/Wikimedia Commons search,,,AI_CURATED_NEEDS_VERIFICATION,2026-09-11,DRAFT_FOR_REVIEW
IN-00795,Kumbhalgarh Wildlife Sanctuary,Rajasthan,,,NATURE,INDIA_NATURE,,Famous or notable nature destination associated with Rajasthan; included as a draft nature discovery candidate.,,,,,RENOWNED,Wikipedia/Wikimedia Commons search,,,AI_CURATED_NEEDS_VERIFICATION,2026-09-11,DRAFT_FOR_REVIEW
IN-00796,Mount Abu,Rajasthan,,,NATURE,INDIA_NATURE,,Famous or notable nature destination associated with Rajasthan; included as a draft nature discovery candidate.,,,,,RENOWNED,Wikipedia/Wikimedia Commons search,,,AI_CURATED_NEEDS_VERIFICATION,2026-09-11,DRAFT_FOR_REVIEW
IN-00797,Guru Shikhar,Rajasthan,,,NATURE,INDIA_NATURE,,Famous or notable nature destination associated with Rajasthan; included as a draft nature discovery candidate.,,,,,RENOWNED,Wikipedia/Wikimedia Commons search,,,AI_CURATED_NEEDS_VERIFICATION,2026-09-11,DRAFT_FOR_REVIEW
IN-00798,Sambhar Lake,Rajasthan,,,NATURE,INDIA_NATURE,,Famous or notable nature destination associated with Rajasthan; included as a draft nature discovery candidate.,,,,,RENOWNED,Wikipedia/Wikimedia Commons search,,,AI_CURATED_NEEDS_VERIFICATION,2026-09-11,DRAFT_FOR_REVIEW
IN-00799,Pushkar Lake,Rajasthan,,,NATURE,INDIA_NATURE,,Famous or notable nature destination associated with Rajasthan; included as a draft nature discovery candidate.,,,,,RENOWNED,Wikipedia/Wikimedia Commons search,,,AI_CURATED_NEEDS_VERIFICATION,2026-09-11,DRAFT_FOR_REVIEW
IN-00800,Jaisamand Lake,Rajasthan,,,NATURE,INDIA_NATURE,,Famous or notable nature destination associated with Rajasthan; included as a draft nature discovery candidate.,,,,,RENOWNED,Wikipedia/Wikimedia Commons search,,,AI_CURATED_NEEDS_VERIFICATION,2026-09-11,DRAFT_FOR_REVIEW
IN-00801,Rajsamand Lake,Rajasthan,,,NATURE,INDIA_NATURE,,Famous or notable nature destination associated with Rajasthan; included as a draft nature discovery candidate.,,,,,NOTABLE,Wikipedia/Wikimedia Commons search,,,AI_CURATED_NEEDS_VERIFICATION,2026-09-11,DRAFT_FOR_REVIEW
IN-00802,Ana Sagar Lake,Rajasthan,,,NATURE,INDIA_NATURE,,Famous or notable nature destination associated with Rajasthan; included as a draft nature discovery candidate.,,,,,NOTABLE,Wikipedia/Wikimedia Commons search,,,AI_CURATED_NEEDS_VERIFICATION,2026-09-11,DRAFT_FOR_REVIEW
IN-00803,Pichola Lake,Rajasthan,,,NATURE,INDIA_NATURE,,Famous or notable nature destination associated with Rajasthan; included as a draft nature discovery candidate.,,,,,NOTABLE,Wikipedia/Wikimedia Commons search,,,AI_CURATED_NEEDS_VERIFICATION,2026-09-11,DRAFT_FOR_REVIEW
IN-00804,Fateh Sagar Lake,Rajasthan,,,NATURE,INDIA_NATURE,,Famous or notable nature destination associated with Rajasthan; included as a draft nature discovery candidate.,,,,,NOTABLE,Wikipedia/Wikimedia Commons search,,,AI_CURATED_NEEDS_VERIFICATION,2026-09-11,DRAFT_FOR_REVIEW
IN-00805,Badi Lake,Rajasthan,,,NATURE,INDIA_NATURE,,Famous or notable nature destination associated with Rajasthan; included as a draft nature discovery candidate.,,,,,NOTABLE,Wikipedia/Wikimedia Commons search,,,AI_CURATED_NEEDS_VERIFICATION,2026-09-11,DRAFT_FOR_REVIEW
IN-00806,Doodh Talai,Rajasthan,,,NATURE,INDIA_NATURE,,Famous or notable nature destination associated with Rajasthan; included as a draft nature discovery candidate.,,,,,NOTABLE,Wikipedia/Wikimedia Commons search,,,AI_CURATED_NEEDS_VERIFICATION,2026-09-11,DRAFT_FOR_REVIEW
IN-00807,Aravalli hills,Rajasthan,,,NATURE,INDIA_NATURE,,Famous or notable nature destination associated with Rajasthan; included as a draft nature discovery candidate.,,,,,NOTABLE,Wikipedia/Wikimedia Commons search,,,AI_CURATED_NEEDS_VERIFICATION,2026-09-11,DRAFT_FOR_REVIEW
IN-00808,Thar Desert,Rajasthan,,,NATURE,INDIA_NATURE,,Famous or notable nature destination associated with Rajasthan; included as a draft nature discovery candidate.,,,,,NOTABLE,Wikipedia/Wikimedia Commons search,,,AI_CURATED_NEEDS_VERIFICATION,2026-09-11,DRAFT_FOR_REVIEW
IN-00809,Sam Sand Dunes,Rajasthan,,,NATURE,INDIA_NATURE,,Famous or notable nature destination associated with Rajasthan; included as a draft nature discovery candidate.,,,,,NOTABLE,Wikipedia/Wikimedia Commons search,,,AI_CURATED_NEEDS_VERIFICATION,2026-09-11,DRAFT_FOR_REVIEW
IN-00810,Khuri Sand Dunes,Rajasthan,,,NATURE,INDIA_NATURE,,Famous or notable nature destination associated with Rajasthan; included as a draft nature discovery candidate.,,,,,NOTABLE,Wikipedia/Wikimedia Commons search,,,AI_CURATED_NEEDS_VERIFICATION,2026-09-11,DRAFT_FOR_REVIEW
IN-00811,Kuldhara desert landscape,Rajasthan,,,NATURE,INDIA_NATURE,,Famous or notable nature destination associated with Rajasthan; included as a draft nature discovery candidate.,,,,,NOTABLE,Wikipedia/Wikimedia Commons search,,,AI_CURATED_NEEDS_VERIFICATION,2026-09-11,DRAFT_FOR_REVIEW
IN-00812,Menal Falls,Rajasthan,,,NATURE,INDIA_NATURE,,Famous or notable nature destination associated with Rajasthan; included as a draft nature discovery candidate.,,,,,NOTABLE,Wikipedia/Wikimedia Commons search,,,AI_CURATED_NEEDS_VERIFICATION,2026-09-11,DRAFT_FOR_REVIEW
IN-00813,Bhemlat Falls,Rajasthan,,,NATURE,INDIA_NATURE,,Famous or notable nature destination associated with Rajasthan; included as a draft nature discovery candidate.,,,,,NOTABLE,Wikipedia/Wikimedia Commons search,,,AI_CURATED_NEEDS_VERIFICATION,2026-09-11,DRAFT_FOR_REVIEW
IN-00814,Chuliya Falls,Rajasthan,,,NATURE,INDIA_NATURE,,Famous or notable nature destination associated with Rajasthan; included as a draft nature discovery candidate.,,,,,NOTABLE,Wikipedia/Wikimedia Commons search,,,AI_CURATED_NEEDS_VERIFICATION,2026-09-11,DRAFT_FOR_REVIEW
IN-00815,Sita Mata Wildlife Sanctuary,Rajasthan,,,NATURE,INDIA_NATURE,,Famous or notable nature destination associated with Rajasthan; included as a draft nature discovery candidate.,,,,,NOTABLE,Wikipedia/Wikimedia Commons search,,,AI_CURATED_NEEDS_VERIFICATION,2026-09-11,DRAFT_FOR_REVIEW
IN-00816,National Chambal Sanctuary Rajasthan,Rajasthan,,,NATURE,INDIA_NATURE,,Famous or notable nature destination associated with Rajasthan; included as a draft nature discovery candidate.,,,,,NOTABLE,Wikipedia/Wikimedia Commons search,,,AI_CURATED_NEEDS_VERIFICATION,2026-09-11,DRAFT_FOR_REVIEW
IN-00817,Jawahar Sagar Sanctuary,Rajasthan,,,NATURE,INDIA_NATURE,,Famous or notable nature destination associated with Rajasthan; included as a draft nature discovery candidate.,,,,,NOTABLE,Wikipedia/Wikimedia Commons search,,,AI_CURATED_NEEDS_VERIFICATION,2026-09-11,DRAFT_FOR_REVIEW
IN-00818,Keoladeo wetlands,Rajasthan,,,NATURE,INDIA_NATURE,,Famous or notable nature destination associated with Rajasthan; included as a draft nature discovery candidate.,,,,,NOTABLE,Wikipedia/Wikimedia Commons search,,,AI_CURATED_NEEDS_VERIFICATION,2026-09-11,DRAFT_FOR_REVIEW
IN-00819,Mount Abu Wildlife Sanctuary,Rajasthan,,,NATURE,INDIA_NATURE,,Famous or notable nature destination associated with Rajasthan; included as a draft nature discovery candidate.,,,,,NOTABLE,Wikipedia/Wikimedia Commons search,,,AI_CURATED_NEEDS_VERIFICATION,2026-09-11,DRAFT_FOR_REVIEW
IN-00820,Khangchendzonga National Park,Sikkim,,,NATURE,INDIA_NATURE,,Famous or notable nature destination associated with Sikkim; included as a draft nature discovery candidate.,,,,,RENOWNED,Wikipedia/Wikimedia Commons search,,,AI_CURATED_NEEDS_VERIFICATION,2026-09-11,DRAFT_FOR_REVIEW
IN-00821,Tsomgo Lake,Sikkim,,,NATURE,INDIA_NATURE,,Famous or notable nature destination associated with Sikkim; included as a draft nature discovery candidate.,,,,,RENOWNED,Wikipedia/Wikimedia Commons search,,,AI_CURATED_NEEDS_VERIFICATION,2026-09-11,DRAFT_FOR_REVIEW
IN-00822,Gurudongmar Lake,Sikkim,,,NATURE,INDIA_NATURE,,Famous or notable nature destination associated with Sikkim; included as a draft nature discovery candidate.,,,,,RENOWNED,Wikipedia/Wikimedia Commons search,,,AI_CURATED_NEEDS_VERIFICATION,2026-09-11,DRAFT_FOR_REVIEW
IN-00823,Yumthang Valley,Sikkim,,,NATURE,INDIA_NATURE,,Famous or notable nature destination associated with Sikkim; included as a draft nature discovery candidate.,,,,,RENOWNED,Wikipedia/Wikimedia Commons search,,,AI_CURATED_NEEDS_VERIFICATION,2026-09-11,DRAFT_FOR_REVIEW
IN-00824,Nathula Pass,Sikkim,,,NATURE,INDIA_NATURE,,Famous or notable nature destination associated with Sikkim; included as a draft nature discovery candidate.,,,,,RENOWNED,Wikipedia/Wikimedia Commons search,,,AI_CURATED_NEEDS_VERIFICATION,2026-09-11,DRAFT_FOR_REVIEW
IN-00825,Zuluk,Sikkim,,,NATURE,INDIA_NATURE,,Famous or notable nature destination associated with Sikkim; included as a draft nature discovery candidate.,,,,,RENOWNED,Wikipedia/Wikimedia Commons search,,,AI_CURATED_NEEDS_VERIFICATION,2026-09-11,DRAFT_FOR_REVIEW
IN-00826,Pelling,Sikkim,,,NATURE,INDIA_NATURE,,Famous or notable nature destination associated with Sikkim; included as a draft nature discovery candidate.,,,,,RENOWNED,Wikipedia/Wikimedia Commons search,,,AI_CURATED_NEEDS_VERIFICATION,2026-09-11,DRAFT_FOR_REVIEW
IN-00827,Lachung,Sikkim,,,NATURE,INDIA_NATURE,,Famous or notable nature destination associated with Sikkim; included as a draft nature discovery candidate.,,,,,RENOWNED,Wikipedia/Wikimedia Commons search,,,AI_CURATED_NEEDS_VERIFICATION,2026-09-11,DRAFT_FOR_REVIEW
IN-00828,Lachen,Sikkim,,,NATURE,INDIA_NATURE,,Famous or notable nature destination associated with Sikkim; included as a draft nature discovery candidate.,,,,,RENOWNED,Wikipedia/Wikimedia Commons search,,,AI_CURATED_NEEDS_VERIFICATION,2026-09-11,DRAFT_FOR_REVIEW
IN-00829,Ravangla,Sikkim,,,NATURE,INDIA_NATURE,,Famous or notable nature destination associated with Sikkim; included as a draft nature discovery candidate.,,,,,RENOWNED,Wikipedia/Wikimedia Commons search,,,AI_CURATED_NEEDS_VERIFICATION,2026-09-11,DRAFT_FOR_REVIEW
IN-00830,Rinchenpong,Sikkim,,,NATURE,INDIA_NATURE,,Famous or notable nature destination associated with Sikkim; included as a draft nature discovery candidate.,,,,,RENOWNED,Wikipedia/Wikimedia Commons search,,,AI_CURATED_NEEDS_VERIFICATION,2026-09-11,DRAFT_FOR_REVIEW
IN-00831,Khecheopalri Lake,Sikkim,,,NATURE,INDIA_NATURE,,Famous or notable nature destination associated with Sikkim; included as a draft nature discovery candidate.,,,,,RENOWNED,Wikipedia/Wikimedia Commons search,,,AI_CURATED_NEEDS_VERIFICATION,2026-09-11,DRAFT_FOR_REVIEW
IN-00832,Green Lake,Sikkim,,,NATURE,INDIA_NATURE,,Famous or notable nature destination associated with Sikkim; included as a draft nature discovery candidate.,,,,,NOTABLE,Wikipedia/Wikimedia Commons search,,,AI_CURATED_NEEDS_VERIFICATION,2026-09-11,DRAFT_FOR_REVIEW
IN-00833,Dzongri,Sikkim,,,NATURE,INDIA_NATURE,,Famous or notable nature destination associated with Sikkim; included as a draft nature discovery candidate.,,,,,NOTABLE,Wikipedia/Wikimedia Commons search,,,AI_CURATED_NEEDS_VERIFICATION,2026-09-11,DRAFT_FOR_REVIEW
IN-00834,Goechala,Sikkim,,,NATURE,INDIA_NATURE,,Famous or notable nature destination associated with Sikkim; included as a draft nature discovery candidate.,,,,,NOTABLE,Wikipedia/Wikimedia Commons search,,,AI_CURATED_NEEDS_VERIFICATION,2026-09-11,DRAFT_FOR_REVIEW
IN-00835,Singalila approach,Sikkim,,,NATURE,INDIA_NATURE,,Famous or notable nature destination associated with Sikkim; included as a draft nature discovery candidate.,,,,,NOTABLE,Wikipedia/Wikimedia Commons search,,,AI_CURATED_NEEDS_VERIFICATION,2026-09-11,DRAFT_FOR_REVIEW
IN-00836,Temi hills,Sikkim,,,NATURE,INDIA_NATURE,,Famous or notable nature destination associated with Sikkim; included as a draft nature discovery candidate.,,,,,NOTABLE,Wikipedia/Wikimedia Commons search,,,AI_CURATED_NEEDS_VERIFICATION,2026-09-11,DRAFT_FOR_REVIEW
IN-00837,Buddha Park landscape,Sikkim,,,NATURE,INDIA_NATURE,,Famous or notable nature destination associated with Sikkim; included as a draft nature discovery candidate.,,,,,NOTABLE,Wikipedia/Wikimedia Commons search,,,AI_CURATED_NEEDS_VERIFICATION,2026-09-11,DRAFT_FOR_REVIEW
IN-00838,Seven Sisters Waterfalls Sikkim,Sikkim,,,NATURE,INDIA_NATURE,,Famous or notable nature destination associated with Sikkim; included as a draft nature discovery candidate.,,,,,NOTABLE,Wikipedia/Wikimedia Commons search,,,AI_CURATED_NEEDS_VERIFICATION,2026-09-11,DRAFT_FOR_REVIEW
IN-00839,Banjhakri Falls,Sikkim,,,NATURE,INDIA_NATURE,,Famous or notable nature destination associated with Sikkim; included as a draft nature discovery candidate.,,,,,NOTABLE,Wikipedia/Wikimedia Commons search,,,AI_CURATED_NEEDS_VERIFICATION,2026-09-11,DRAFT_FOR_REVIEW
IN-00840,Kanchenjunga mountain landscape,Sikkim,,,NATURE,INDIA_NATURE,,Famous or notable nature destination associated with Sikkim; included as a draft nature discovery candidate.,,,,,NOTABLE,Wikipedia/Wikimedia Commons search,,,AI_CURATED_NEEDS_VERIFICATION,2026-09-11,DRAFT_FOR_REVIEW
IN-00841,Tholung Valley,Sikkim,,,NATURE,INDIA_NATURE,,Famous or notable nature destination associated with Sikkim; included as a draft nature discovery candidate.,,,,,NOTABLE,Wikipedia/Wikimedia Commons search,,,AI_CURATED_NEEDS_VERIFICATION,2026-09-11,DRAFT_FOR_REVIEW
IN-00842,Kodaikanal,Tamil Nadu,,,NATURE,INDIA_NATURE,,Famous or notable nature destination associated with Tamil Nadu; included as a draft nature discovery candidate.,,,,,RENOWNED,Wikipedia/Wikimedia Commons search,,,AI_CURATED_NEEDS_VERIFICATION,2026-09-11,DRAFT_FOR_REVIEW
IN-00843,Ooty,Tamil Nadu,,,NATURE,INDIA_NATURE,,Famous or notable nature destination associated with Tamil Nadu; included as a draft nature discovery candidate.,,,,,RENOWNED,Wikipedia/Wikimedia Commons search,,,AI_CURATED_NEEDS_VERIFICATION,2026-09-11,DRAFT_FOR_REVIEW
IN-00844,Coonoor,Tamil Nadu,,,NATURE,INDIA_NATURE,,Famous or notable nature destination associated with Tamil Nadu; included as a draft nature discovery candidate.,,,,,RENOWNED,Wikipedia/Wikimedia Commons search,,,AI_CURATED_NEEDS_VERIFICATION,2026-09-11,DRAFT_FOR_REVIEW
IN-00845,Kotagiri,Tamil Nadu,,,NATURE,INDIA_NATURE,,Famous or notable nature destination associated with Tamil Nadu; included as a draft nature discovery candidate.,,,,,RENOWNED,Wikipedia/Wikimedia Commons search,,,AI_CURATED_NEEDS_VERIFICATION,2026-09-11,DRAFT_FOR_REVIEW
IN-00846,Yercaud,Tamil Nadu,,,NATURE,INDIA_NATURE,,Famous or notable nature destination associated with Tamil Nadu; included as a draft nature discovery candidate.,,,,,RENOWNED,Wikipedia/Wikimedia Commons search,,,AI_CURATED_NEEDS_VERIFICATION,2026-09-11,DRAFT_FOR_REVIEW
IN-00847,Yelagiri,Tamil Nadu,,,NATURE,INDIA_NATURE,,Famous or notable nature destination associated with Tamil Nadu; included as a draft nature discovery candidate.,,,,,RENOWNED,Wikipedia/Wikimedia Commons search,,,AI_CURATED_NEEDS_VERIFICATION,2026-09-11,DRAFT_FOR_REVIEW
IN-00848,Valparai,Tamil Nadu,,,NATURE,INDIA_NATURE,,Famous or notable nature destination associated with Tamil Nadu; included as a draft nature discovery candidate.,,,,,RENOWNED,Wikipedia/Wikimedia Commons search,,,AI_CURATED_NEEDS_VERIFICATION,2026-09-11,DRAFT_FOR_REVIEW
IN-00849,Meghamalai,Tamil Nadu,,,NATURE,INDIA_NATURE,,Famous or notable nature destination associated with Tamil Nadu; included as a draft nature discovery candidate.,,,,,RENOWNED,Wikipedia/Wikimedia Commons search,,,AI_CURATED_NEEDS_VERIFICATION,2026-09-11,DRAFT_FOR_REVIEW
IN-00850,Kolli Hills,Tamil Nadu,,,NATURE,INDIA_NATURE,,Famous or notable nature destination associated with Tamil Nadu; included as a draft nature discovery candidate.,,,,,RENOWNED,Wikipedia/Wikimedia Commons search,,,AI_CURATED_NEEDS_VERIFICATION,2026-09-11,DRAFT_FOR_REVIEW
IN-00851,Javadi Hills,Tamil Nadu,,,NATURE,INDIA_NATURE,,Famous or notable nature destination associated with Tamil Nadu; included as a draft nature discovery candidate.,,,,,RENOWNED,Wikipedia/Wikimedia Commons search,,,AI_CURATED_NEEDS_VERIFICATION,2026-09-11,DRAFT_FOR_REVIEW
IN-00852,Anamalai Hills,Tamil Nadu,,,NATURE,INDIA_NATURE,,Famous or notable nature destination associated with Tamil Nadu; included as a draft nature discovery candidate.,,,,,RENOWNED,Wikipedia/Wikimedia Commons search,,,AI_CURATED_NEEDS_VERIFICATION,2026-09-11,DRAFT_FOR_REVIEW
IN-00853,Nilgiri Hills,Tamil Nadu,,,NATURE,INDIA_NATURE,,Famous or notable nature destination associated with Tamil Nadu; included as a draft nature discovery candidate.,,,,,RENOWNED,Wikipedia/Wikimedia Commons search,,,AI_CURATED_NEEDS_VERIFICATION,2026-09-11,DRAFT_FOR_REVIEW
IN-00854,Agasthyamalai,Tamil Nadu,,,NATURE,INDIA_NATURE,,Famous or notable nature destination associated with Tamil Nadu; included as a draft nature discovery candidate.,,,,,NOTABLE,Wikipedia/Wikimedia Commons search,,,AI_CURATED_NEEDS_VERIFICATION,2026-09-11,DRAFT_FOR_REVIEW
IN-00855,Mudumalai National Park,Tamil Nadu,,,NATURE,INDIA_NATURE,,Famous or notable nature destination associated with Tamil Nadu; included as a draft nature discovery candidate.,,,,,NOTABLE,Wikipedia/Wikimedia Commons search,,,AI_CURATED_NEEDS_VERIFICATION,2026-09-11,DRAFT_FOR_REVIEW
IN-00856,Mukurthi National Park,Tamil Nadu,,,NATURE,INDIA_NATURE,,Famous or notable nature destination associated with Tamil Nadu; included as a draft nature discovery candidate.,,,,,NOTABLE,Wikipedia/Wikimedia Commons search,,,AI_CURATED_NEEDS_VERIFICATION,2026-09-11,DRAFT_FOR_REVIEW
IN-00857,Guindy National Park,Tamil Nadu,,,NATURE,INDIA_NATURE,,Famous or notable nature destination associated with Tamil Nadu; included as a draft nature discovery candidate.,,,,,NOTABLE,Wikipedia/Wikimedia Commons search,,,AI_CURATED_NEEDS_VERIFICATION,2026-09-11,DRAFT_FOR_REVIEW
IN-00858,Indira Gandhi Wildlife Sanctuary,Tamil Nadu,,,NATURE,INDIA_NATURE,,Famous or notable nature destination associated with Tamil Nadu; included as a draft nature discovery candidate.,,,,,NOTABLE,Wikipedia/Wikimedia Commons search,,,AI_CURATED_NEEDS_VERIFICATION,2026-09-11,DRAFT_FOR_REVIEW
IN-00859,Point Calimere Wildlife Sanctuary,Tamil Nadu,,,NATURE,INDIA_NATURE,,Famous or notable nature destination associated with Tamil Nadu; included as a draft nature discovery candidate.,,,,,NOTABLE,Wikipedia/Wikimedia Commons search,,,AI_CURATED_NEEDS_VERIFICATION,2026-09-11,DRAFT_FOR_REVIEW
IN-00860,Gulf of Mannar Marine Biosphere Reserve,Tamil Nadu,,,NATURE,INDIA_NATURE,,Famous or notable nature destination associated with Tamil Nadu; included as a draft nature discovery candidate.,,,,,NOTABLE,Wikipedia/Wikimedia Commons search,,,AI_CURATED_NEEDS_VERIFICATION,2026-09-11,DRAFT_FOR_REVIEW
IN-00861,Gulf of Mannar Marine National Park,Tamil Nadu,,,NATURE,INDIA_NATURE,,Famous or notable nature destination associated with Tamil Nadu; included as a draft nature discovery candidate.,,,,,NOTABLE,Wikipedia/Wikimedia Commons search,,,AI_CURATED_NEEDS_VERIFICATION,2026-09-11,DRAFT_FOR_REVIEW
IN-00862,Kalakad-Mundanthurai Tiger Reserve,Tamil Nadu,,,NATURE,INDIA_NATURE,,Famous or notable nature destination associated with Tamil Nadu; included as a draft nature discovery candidate.,,,,,NOTABLE,Wikipedia/Wikimedia Commons search,,,AI_CURATED_NEEDS_VERIFICATION,2026-09-11,DRAFT_FOR_REVIEW
IN-00863,Sathyamangalam Tiger Reserve,Tamil Nadu,,,NATURE,INDIA_NATURE,,Famous or notable nature destination associated with Tamil Nadu; included as a draft nature discovery candidate.,,,,,NOTABLE,Wikipedia/Wikimedia Commons search,,,AI_CURATED_NEEDS_VERIFICATION,2026-09-11,DRAFT_FOR_REVIEW
IN-00864,Srivilliputhur Megamalai Tiger Reserve,Tamil Nadu,,,NATURE,INDIA_NATURE,,Famous or notable nature destination associated with Tamil Nadu; included as a draft nature discovery candidate.,,,,,NOTABLE,Wikipedia/Wikimedia Commons search,,,AI_CURATED_NEEDS_VERIFICATION,2026-09-11,DRAFT_FOR_REVIEW
IN-00865,Grizzled Squirrel Wildlife Sanctuary,Tamil Nadu,,,NATURE,INDIA_NATURE,,Famous or notable nature destination associated with Tamil Nadu; included as a draft nature discovery candidate.,,,,,NOTABLE,Wikipedia/Wikimedia Commons search,,,AI_CURATED_NEEDS_VERIFICATION,2026-09-11,DRAFT_FOR_REVIEW
IN-00866,Courtallam Falls,Tamil Nadu,,,NATURE,INDIA_NATURE,,Famous or notable nature destination associated with Tamil Nadu; included as a draft nature discovery candidate.,,,,,NOTABLE,Wikipedia/Wikimedia Commons search,,,AI_CURATED_NEEDS_VERIFICATION,2026-09-11,DRAFT_FOR_REVIEW
IN-00867,Hogenakkal Falls,Tamil Nadu,,,NATURE,INDIA_NATURE,,Famous or notable nature destination associated with Tamil Nadu; included as a draft nature discovery candidate.,,,,,NOTABLE,Wikipedia/Wikimedia Commons search,,,AI_CURATED_NEEDS_VERIFICATION,2026-09-11,DRAFT_FOR_REVIEW
IN-00868,Agasthiyar Falls,Tamil Nadu,,,NATURE,INDIA_NATURE,,Famous or notable nature destination associated with Tamil Nadu; included as a draft nature discovery candidate.,,,,,NOTABLE,Wikipedia/Wikimedia Commons search,,,AI_CURATED_NEEDS_VERIFICATION,2026-09-11,DRAFT_FOR_REVIEW
IN-00869,Agaya Gangai,Tamil Nadu,,,NATURE,INDIA_NATURE,,Famous or notable nature destination associated with Tamil Nadu; included as a draft nature discovery candidate.,,,,,NOTABLE,Wikipedia/Wikimedia Commons search,,,AI_CURATED_NEEDS_VERIFICATION,2026-09-11,DRAFT_FOR_REVIEW
IN-00870,Catherine Falls,Tamil Nadu,,,NATURE,INDIA_NATURE,,Famous or notable nature destination associated with Tamil Nadu; included as a draft nature discovery candidate.,,,,,NOTABLE,Wikipedia/Wikimedia Commons search,,,AI_CURATED_NEEDS_VERIFICATION,2026-09-11,DRAFT_FOR_REVIEW
IN-00871,Kiliyur Falls,Tamil Nadu,,,NATURE,INDIA_NATURE,,Famous or notable nature destination associated with Tamil Nadu; included as a draft nature discovery candidate.,,,,,NOTABLE,Wikipedia/Wikimedia Commons search,,,AI_CURATED_NEEDS_VERIFICATION,2026-09-11,DRAFT_FOR_REVIEW
IN-00872,Pykara Falls,Tamil Nadu,,,NATURE,INDIA_NATURE,,Famous or notable nature destination associated with Tamil Nadu; included as a draft nature discovery candidate.,,,,,NOTABLE,Wikipedia/Wikimedia Commons search,,,AI_CURATED_NEEDS_VERIFICATION,2026-09-11,DRAFT_FOR_REVIEW
IN-00873,Silver Cascade Falls,Tamil Nadu,,,NATURE,INDIA_NATURE,,Famous or notable nature destination associated with Tamil Nadu; included as a draft nature discovery candidate.,,,,,NOTABLE,Wikipedia/Wikimedia Commons search,,,AI_CURATED_NEEDS_VERIFICATION,2026-09-11,DRAFT_FOR_REVIEW
IN-00874,Bear Shola Falls,Tamil Nadu,,,NATURE,INDIA_NATURE,,Famous or notable nature destination associated with Tamil Nadu; included as a draft nature discovery candidate.,,,,,NOTABLE,Wikipedia/Wikimedia Commons search,,,AI_CURATED_NEEDS_VERIFICATION,2026-09-11,DRAFT_FOR_REVIEW
IN-00875,Dolphin Nose Kodaikanal,Tamil Nadu,,,NATURE,INDIA_NATURE,,Famous or notable nature destination associated with Tamil Nadu; included as a draft nature discovery candidate.,,,,,NOTABLE,Wikipedia/Wikimedia Commons search,,,AI_CURATED_NEEDS_VERIFICATION,2026-09-11,DRAFT_FOR_REVIEW
IN-00876,Doddabetta Peak,Tamil Nadu,,,NATURE,INDIA_NATURE,,Famous or notable nature destination associated with Tamil Nadu; included as a draft nature discovery candidate.,,,,,NOTABLE,Wikipedia/Wikimedia Commons search,,,AI_CURATED_NEEDS_VERIFICATION,2026-09-11,DRAFT_FOR_REVIEW
IN-00877,Mukurthi Peak,Tamil Nadu,,,NATURE,INDIA_NATURE,,Famous or notable nature destination associated with Tamil Nadu; included as a draft nature discovery candidate.,,,,,NOTABLE,Wikipedia/Wikimedia Commons search,,,AI_CURATED_NEEDS_VERIFICATION,2026-09-11,DRAFT_FOR_REVIEW
IN-00878,Marina Beach,Tamil Nadu,,,NATURE,INDIA_NATURE,,Famous or notable nature destination associated with Tamil Nadu; included as a draft nature discovery candidate.,,,,,NOTABLE,Wikipedia/Wikimedia Commons search,,,AI_CURATED_NEEDS_VERIFICATION,2026-09-11,DRAFT_FOR_REVIEW
IN-00879,Rameswaram coast,Tamil Nadu,,,NATURE,INDIA_NATURE,,Famous or notable nature destination associated with Tamil Nadu; included as a draft nature discovery candidate.,,,,,NOTABLE,Wikipedia/Wikimedia Commons search,,,AI_CURATED_NEEDS_VERIFICATION,2026-09-11,DRAFT_FOR_REVIEW
IN-00880,Dhanushkodi,Tamil Nadu,,,NATURE,INDIA_NATURE,,Famous or notable nature destination associated with Tamil Nadu; included as a draft nature discovery candidate.,,,,,NOTABLE,Wikipedia/Wikimedia Commons search,,,AI_CURATED_NEEDS_VERIFICATION,2026-09-11,DRAFT_FOR_REVIEW
IN-00881,Pichavaram mangroves,Tamil Nadu,,,NATURE,INDIA_NATURE,,Famous or notable nature destination associated with Tamil Nadu; included as a draft nature discovery candidate.,,,,,NOTABLE,Wikipedia/Wikimedia Commons search,,,AI_CURATED_NEEDS_VERIFICATION,2026-09-11,DRAFT_FOR_REVIEW
IN-00882,Point Calimere,Tamil Nadu,,,NATURE,INDIA_NATURE,,Famous or notable nature destination associated with Tamil Nadu; included as a draft nature discovery candidate.,,,,,NOTABLE,Wikipedia/Wikimedia Commons search,,,AI_CURATED_NEEDS_VERIFICATION,2026-09-11,DRAFT_FOR_REVIEW
IN-00883,Pulicat Lake Tamil Nadu,Tamil Nadu,,,NATURE,INDIA_NATURE,,Famous or notable nature destination associated with Tamil Nadu; included as a draft nature discovery candidate.,,,,,NOTABLE,Wikipedia/Wikimedia Commons search,,,AI_CURATED_NEEDS_VERIFICATION,2026-09-11,DRAFT_FOR_REVIEW
IN-00884,Kuntala Waterfall,Telangana,,,NATURE,INDIA_NATURE,,Famous or notable nature destination associated with Telangana; included as a draft nature discovery candidate.,,,,,RENOWNED,Wikipedia/Wikimedia Commons search,,,AI_CURATED_NEEDS_VERIFICATION,2026-09-11,DRAFT_FOR_REVIEW
IN-00885,Bogatha Waterfall,Telangana,,,NATURE,INDIA_NATURE,,Famous or notable nature destination associated with Telangana; included as a draft nature discovery candidate.,,,,,RENOWNED,Wikipedia/Wikimedia Commons search,,,AI_CURATED_NEEDS_VERIFICATION,2026-09-11,DRAFT_FOR_REVIEW
IN-00886,Pochera Waterfall,Telangana,,,NATURE,INDIA_NATURE,,Famous or notable nature destination associated with Telangana; included as a draft nature discovery candidate.,,,,,RENOWNED,Wikipedia/Wikimedia Commons search,,,AI_CURATED_NEEDS_VERIFICATION,2026-09-11,DRAFT_FOR_REVIEW
IN-00887,Ethipothala nearby canyon,Telangana,,,NATURE,INDIA_NATURE,,Famous or notable nature destination associated with Telangana; included as a draft nature discovery candidate.,,,,,RENOWNED,Wikipedia/Wikimedia Commons search,,,AI_CURATED_NEEDS_VERIFICATION,2026-09-11,DRAFT_FOR_REVIEW
IN-00888,Pakhal Lake,Telangana,,,NATURE,INDIA_NATURE,,Famous or notable nature destination associated with Telangana; included as a draft nature discovery candidate.,,,,,RENOWNED,Wikipedia/Wikimedia Commons search,,,AI_CURATED_NEEDS_VERIFICATION,2026-09-11,DRAFT_FOR_REVIEW
IN-00889,Hussain Sagar Lake,Telangana,,,NATURE,INDIA_NATURE,,Famous or notable nature destination associated with Telangana; included as a draft nature discovery candidate.,,,,,RENOWNED,Wikipedia/Wikimedia Commons search,,,AI_CURATED_NEEDS_VERIFICATION,2026-09-11,DRAFT_FOR_REVIEW
IN-00890,Laknavaram Lake,Telangana,,,NATURE,INDIA_NATURE,,Famous or notable nature destination associated with Telangana; included as a draft nature discovery candidate.,,,,,RENOWNED,Wikipedia/Wikimedia Commons search,,,AI_CURATED_NEEDS_VERIFICATION,2026-09-11,DRAFT_FOR_REVIEW
IN-00891,Ramappa Lake,Telangana,,,NATURE,INDIA_NATURE,,Famous or notable nature destination associated with Telangana; included as a draft nature discovery candidate.,,,,,RENOWNED,Wikipedia/Wikimedia Commons search,,,AI_CURATED_NEEDS_VERIFICATION,2026-09-11,DRAFT_FOR_REVIEW
IN-00892,Pocharam Wildlife Sanctuary,Telangana,,,NATURE,INDIA_NATURE,,Famous or notable nature destination associated with Telangana; included as a draft nature discovery candidate.,,,,,RENOWNED,Wikipedia/Wikimedia Commons search,,,AI_CURATED_NEEDS_VERIFICATION,2026-09-11,DRAFT_FOR_REVIEW
IN-00893,Kawal Tiger Reserve,Telangana,,,NATURE,INDIA_NATURE,,Famous or notable nature destination associated with Telangana; included as a draft nature discovery candidate.,,,,,RENOWNED,Wikipedia/Wikimedia Commons search,,,AI_CURATED_NEEDS_VERIFICATION,2026-09-11,DRAFT_FOR_REVIEW
IN-00894,Amrabad Tiger Reserve,Telangana,,,NATURE,INDIA_NATURE,,Famous or notable nature destination associated with Telangana; included as a draft nature discovery candidate.,,,,,RENOWNED,Wikipedia/Wikimedia Commons search,,,AI_CURATED_NEEDS_VERIFICATION,2026-09-11,DRAFT_FOR_REVIEW
IN-00895,Eturnagaram Wildlife Sanctuary,Telangana,,,NATURE,INDIA_NATURE,,Famous or notable nature destination associated with Telangana; included as a draft nature discovery candidate.,,,,,RENOWNED,Wikipedia/Wikimedia Commons search,,,AI_CURATED_NEEDS_VERIFICATION,2026-09-11,DRAFT_FOR_REVIEW
IN-00896,Kinnerasani Wildlife Sanctuary,Telangana,,,NATURE,INDIA_NATURE,,Famous or notable nature destination associated with Telangana; included as a draft nature discovery candidate.,,,,,NOTABLE,Wikipedia/Wikimedia Commons search,,,AI_CURATED_NEEDS_VERIFICATION,2026-09-11,DRAFT_FOR_REVIEW
IN-00897,Manjeera Wildlife Sanctuary,Telangana,,,NATURE,INDIA_NATURE,,Famous or notable nature destination associated with Telangana; included as a draft nature discovery candidate.,,,,,NOTABLE,Wikipedia/Wikimedia Commons search,,,AI_CURATED_NEEDS_VERIFICATION,2026-09-11,DRAFT_FOR_REVIEW
IN-00898,Ananthagiri Hills,Telangana,,,NATURE,INDIA_NATURE,,Famous or notable nature destination associated with Telangana; included as a draft nature discovery candidate.,,,,,NOTABLE,Wikipedia/Wikimedia Commons search,,,AI_CURATED_NEEDS_VERIFICATION,2026-09-11,DRAFT_FOR_REVIEW
IN-00899,Nagarjuna Sagar backwaters,Telangana,,,NATURE,INDIA_NATURE,,Famous or notable nature destination associated with Telangana; included as a draft nature discovery candidate.,,,,,NOTABLE,Wikipedia/Wikimedia Commons search,,,AI_CURATED_NEEDS_VERIFICATION,2026-09-11,DRAFT_FOR_REVIEW
IN-00900,Bhongir hills,Telangana,,,NATURE,INDIA_NATURE,,Famous or notable nature destination associated with Telangana; included as a draft nature discovery candidate.,,,,,NOTABLE,Wikipedia/Wikimedia Commons search,,,AI_CURATED_NEEDS_VERIFICATION,2026-09-11,DRAFT_FOR_REVIEW
IN-00901,Koilkonda hills,Telangana,,,NATURE,INDIA_NATURE,,Famous or notable nature destination associated with Telangana; included as a draft nature discovery candidate.,,,,,NOTABLE,Wikipedia/Wikimedia Commons search,,,AI_CURATED_NEEDS_VERIFICATION,2026-09-11,DRAFT_FOR_REVIEW
IN-00902,Mallela Theertham,Telangana,,,NATURE,INDIA_NATURE,,Famous or notable nature destination associated with Telangana; included as a draft nature discovery candidate.,,,,,NOTABLE,Wikipedia/Wikimedia Commons search,,,AI_CURATED_NEEDS_VERIFICATION,2026-09-11,DRAFT_FOR_REVIEW
IN-00903,Koheda Gutta,Telangana,,,NATURE,INDIA_NATURE,,Famous or notable nature destination associated with Telangana; included as a draft nature discovery candidate.,,,,,NOTABLE,Wikipedia/Wikimedia Commons search,,,AI_CURATED_NEEDS_VERIFICATION,2026-09-11,DRAFT_FOR_REVIEW
IN-00904,Kondapochamma reservoir,Telangana,,,NATURE,INDIA_NATURE,,Famous or notable nature destination associated with Telangana; included as a draft nature discovery candidate.,,,,,NOTABLE,Wikipedia/Wikimedia Commons search,,,AI_CURATED_NEEDS_VERIFICATION,2026-09-11,DRAFT_FOR_REVIEW
IN-00905,Sepahijala Wildlife Sanctuary,Tripura,,,NATURE,INDIA_NATURE,,Famous or notable nature destination associated with Tripura; included as a draft nature discovery candidate.,,,,,RENOWNED,Wikipedia/Wikimedia Commons search,,,AI_CURATED_NEEDS_VERIFICATION,2026-09-11,DRAFT_FOR_REVIEW
IN-00906,Trishna Wildlife Sanctuary,Tripura,,,NATURE,INDIA_NATURE,,Famous or notable nature destination associated with Tripura; included as a draft nature discovery candidate.,,,,,RENOWNED,Wikipedia/Wikimedia Commons search,,,AI_CURATED_NEEDS_VERIFICATION,2026-09-11,DRAFT_FOR_REVIEW
IN-00907,Gumti Wildlife Sanctuary,Tripura,,,NATURE,INDIA_NATURE,,Famous or notable nature destination associated with Tripura; included as a draft nature discovery candidate.,,,,,RENOWNED,Wikipedia/Wikimedia Commons search,,,AI_CURATED_NEEDS_VERIFICATION,2026-09-11,DRAFT_FOR_REVIEW
IN-00908,Rowa Wildlife Sanctuary,Tripura,,,NATURE,INDIA_NATURE,,Famous or notable nature destination associated with Tripura; included as a draft nature discovery candidate.,,,,,RENOWNED,Wikipedia/Wikimedia Commons search,,,AI_CURATED_NEEDS_VERIFICATION,2026-09-11,DRAFT_FOR_REVIEW
IN-00909,Jampui Hills,Tripura,,,NATURE,INDIA_NATURE,,Famous or notable nature destination associated with Tripura; included as a draft nature discovery candidate.,,,,,RENOWNED,Wikipedia/Wikimedia Commons search,,,AI_CURATED_NEEDS_VERIFICATION,2026-09-11,DRAFT_FOR_REVIEW
IN-00910,Dumboor Lake,Tripura,,,NATURE,INDIA_NATURE,,Famous or notable nature destination associated with Tripura; included as a draft nature discovery candidate.,,,,,RENOWNED,Wikipedia/Wikimedia Commons search,,,AI_CURATED_NEEDS_VERIFICATION,2026-09-11,DRAFT_FOR_REVIEW
IN-00911,Neermahal lake landscape,Tripura,,,NATURE,INDIA_NATURE,,Famous or notable nature destination associated with Tripura; included as a draft nature discovery candidate.,,,,,RENOWNED,Wikipedia/Wikimedia Commons search,,,AI_CURATED_NEEDS_VERIFICATION,2026-09-11,DRAFT_FOR_REVIEW
IN-00912,Unakoti hills,Tripura,,,NATURE,INDIA_NATURE,,Famous or notable nature destination associated with Tripura; included as a draft nature discovery candidate.,,,,,RENOWNED,Wikipedia/Wikimedia Commons search,,,AI_CURATED_NEEDS_VERIFICATION,2026-09-11,DRAFT_FOR_REVIEW
IN-00913,Vanghmun hills,Tripura,,,NATURE,INDIA_NATURE,,Famous or notable nature destination associated with Tripura; included as a draft nature discovery candidate.,,,,,RENOWNED,Wikipedia/Wikimedia Commons search,,,AI_CURATED_NEEDS_VERIFICATION,2026-09-11,DRAFT_FOR_REVIEW
IN-00914,Baramura hills,Tripura,,,NATURE,INDIA_NATURE,,Famous or notable nature destination associated with Tripura; included as a draft nature discovery candidate.,,,,,RENOWNED,Wikipedia/Wikimedia Commons search,,,AI_CURATED_NEEDS_VERIFICATION,2026-09-11,DRAFT_FOR_REVIEW
IN-00915,Atharamura hills,Tripura,,,NATURE,INDIA_NATURE,,Famous or notable nature destination associated with Tripura; included as a draft nature discovery candidate.,,,,,RENOWNED,Wikipedia/Wikimedia Commons search,,,AI_CURATED_NEEDS_VERIFICATION,2026-09-11,DRAFT_FOR_REVIEW
IN-00916,Jampui orange orchards,Tripura,,,NATURE,INDIA_NATURE,,Famous or notable nature destination associated with Tripura; included as a draft nature discovery candidate.,,,,,RENOWNED,Wikipedia/Wikimedia Commons search,,,AI_CURATED_NEEDS_VERIFICATION,2026-09-11,DRAFT_FOR_REVIEW
IN-00917,Siphahijala wetlands,Tripura,,,NATURE,INDIA_NATURE,,Famous or notable nature destination associated with Tripura; included as a draft nature discovery candidate.,,,,,NOTABLE,Wikipedia/Wikimedia Commons search,,,AI_CURATED_NEEDS_VERIFICATION,2026-09-11,DRAFT_FOR_REVIEW
IN-00918,Dudhwa National Park,Uttar Pradesh,,,NATURE,INDIA_NATURE,,Famous or notable nature destination associated with Uttar Pradesh; included as a draft nature discovery candidate.,,,,,RENOWNED,Wikipedia/Wikimedia Commons search,,,AI_CURATED_NEEDS_VERIFICATION,2026-09-11,DRAFT_FOR_REVIEW
IN-00919,Pilibhit Tiger Reserve,Uttar Pradesh,,,NATURE,INDIA_NATURE,,Famous or notable nature destination associated with Uttar Pradesh; included as a draft nature discovery candidate.,,,,,RENOWNED,Wikipedia/Wikimedia Commons search,,,AI_CURATED_NEEDS_VERIFICATION,2026-09-11,DRAFT_FOR_REVIEW
IN-00920,Katarniaghat Wildlife Sanctuary,Uttar Pradesh,,,NATURE,INDIA_NATURE,,Famous or notable nature destination associated with Uttar Pradesh; included as a draft nature discovery candidate.,,,,,RENOWNED,Wikipedia/Wikimedia Commons search,,,AI_CURATED_NEEDS_VERIFICATION,2026-09-11,DRAFT_FOR_REVIEW
IN-00921,National Chambal Sanctuary UP,Uttar Pradesh,,,NATURE,INDIA_NATURE,,Famous or notable nature destination associated with Uttar Pradesh; included as a draft nature discovery candidate.,,,,,RENOWNED,Wikipedia/Wikimedia Commons search,,,AI_CURATED_NEEDS_VERIFICATION,2026-09-11,DRAFT_FOR_REVIEW
IN-00922,Saman Bird Sanctuary,Uttar Pradesh,,,NATURE,INDIA_NATURE,,Famous or notable nature destination associated with Uttar Pradesh; included as a draft nature discovery candidate.,,,,,RENOWNED,Wikipedia/Wikimedia Commons search,,,AI_CURATED_NEEDS_VERIFICATION,2026-09-11,DRAFT_FOR_REVIEW
IN-00923,Sandi Bird Sanctuary,Uttar Pradesh,,,NATURE,INDIA_NATURE,,Famous or notable nature destination associated with Uttar Pradesh; included as a draft nature discovery candidate.,,,,,RENOWNED,Wikipedia/Wikimedia Commons search,,,AI_CURATED_NEEDS_VERIFICATION,2026-09-11,DRAFT_FOR_REVIEW
IN-00924,Nawabganj Bird Sanctuary,Uttar Pradesh,,,NATURE,INDIA_NATURE,,Famous or notable nature destination associated with Uttar Pradesh; included as a draft nature discovery candidate.,,,,,RENOWNED,Wikipedia/Wikimedia Commons search,,,AI_CURATED_NEEDS_VERIFICATION,2026-09-11,DRAFT_FOR_REVIEW
IN-00925,Sur Sarovar Bird Sanctuary,Uttar Pradesh,,,NATURE,INDIA_NATURE,,Famous or notable nature destination associated with Uttar Pradesh; included as a draft nature discovery candidate.,,,,,RENOWNED,Wikipedia/Wikimedia Commons search,,,AI_CURATED_NEEDS_VERIFICATION,2026-09-11,DRAFT_FOR_REVIEW
IN-00926,Okhla Bird Sanctuary,Uttar Pradesh,,,NATURE,INDIA_NATURE,,Famous or notable nature destination associated with Uttar Pradesh; included as a draft nature discovery candidate.,,,,,RENOWNED,Wikipedia/Wikimedia Commons search,,,AI_CURATED_NEEDS_VERIFICATION,2026-09-11,DRAFT_FOR_REVIEW
IN-00927,Saman wetland,Uttar Pradesh,,,NATURE,INDIA_NATURE,,Famous or notable nature destination associated with Uttar Pradesh; included as a draft nature discovery candidate.,,,,,RENOWNED,Wikipedia/Wikimedia Commons search,,,AI_CURATED_NEEDS_VERIFICATION,2026-09-11,DRAFT_FOR_REVIEW
IN-00928,Chambal ravines,Uttar Pradesh,,,NATURE,INDIA_NATURE,,Famous or notable nature destination associated with Uttar Pradesh; included as a draft nature discovery candidate.,,,,,RENOWNED,Wikipedia/Wikimedia Commons search,,,AI_CURATED_NEEDS_VERIFICATION,2026-09-11,DRAFT_FOR_REVIEW
IN-00929,Vindhya hills,Uttar Pradesh,,,NATURE,INDIA_NATURE,,Famous or notable nature destination associated with Uttar Pradesh; included as a draft nature discovery candidate.,,,,,RENOWNED,Wikipedia/Wikimedia Commons search,,,AI_CURATED_NEEDS_VERIFICATION,2026-09-11,DRAFT_FOR_REVIEW
IN-00930,Chitrakoot waterfalls,Uttar Pradesh,,,NATURE,INDIA_NATURE,,Famous or notable nature destination associated with Uttar Pradesh; included as a draft nature discovery candidate.,,,,,NOTABLE,Wikipedia/Wikimedia Commons search,,,AI_CURATED_NEEDS_VERIFICATION,2026-09-11,DRAFT_FOR_REVIEW
IN-00931,Rajdari Waterfall,Uttar Pradesh,,,NATURE,INDIA_NATURE,,Famous or notable nature destination associated with Uttar Pradesh; included as a draft nature discovery candidate.,,,,,NOTABLE,Wikipedia/Wikimedia Commons search,,,AI_CURATED_NEEDS_VERIFICATION,2026-09-11,DRAFT_FOR_REVIEW
IN-00932,Devdari Waterfall,Uttar Pradesh,,,NATURE,INDIA_NATURE,,Famous or notable nature destination associated with Uttar Pradesh; included as a draft nature discovery candidate.,,,,,NOTABLE,Wikipedia/Wikimedia Commons search,,,AI_CURATED_NEEDS_VERIFICATION,2026-09-11,DRAFT_FOR_REVIEW
IN-00933,Lakhaniya Dari,Uttar Pradesh,,,NATURE,INDIA_NATURE,,Famous or notable nature destination associated with Uttar Pradesh; included as a draft nature discovery candidate.,,,,,NOTABLE,Wikipedia/Wikimedia Commons search,,,AI_CURATED_NEEDS_VERIFICATION,2026-09-11,DRAFT_FOR_REVIEW
IN-00934,Mukkha Falls,Uttar Pradesh,,,NATURE,INDIA_NATURE,,Famous or notable nature destination associated with Uttar Pradesh; included as a draft nature discovery candidate.,,,,,NOTABLE,Wikipedia/Wikimedia Commons search,,,AI_CURATED_NEEDS_VERIFICATION,2026-09-11,DRAFT_FOR_REVIEW
IN-00935,Dudhwa grasslands,Uttar Pradesh,,,NATURE,INDIA_NATURE,,Famous or notable nature destination associated with Uttar Pradesh; included as a draft nature discovery candidate.,,,,,NOTABLE,Wikipedia/Wikimedia Commons search,,,AI_CURATED_NEEDS_VERIFICATION,2026-09-11,DRAFT_FOR_REVIEW
IN-00936,Kaimur range UP,Uttar Pradesh,,,NATURE,INDIA_NATURE,,Famous or notable nature destination associated with Uttar Pradesh; included as a draft nature discovery candidate.,,,,,NOTABLE,Wikipedia/Wikimedia Commons search,,,AI_CURATED_NEEDS_VERIFICATION,2026-09-11,DRAFT_FOR_REVIEW
IN-00937,Son river valley,Uttar Pradesh,,,NATURE,INDIA_NATURE,,Famous or notable nature destination associated with Uttar Pradesh; included as a draft nature discovery candidate.,,,,,NOTABLE,Wikipedia/Wikimedia Commons search,,,AI_CURATED_NEEDS_VERIFICATION,2026-09-11,DRAFT_FOR_REVIEW
IN-00938,Nanda Devi National Park,Uttarakhand,,,NATURE,INDIA_NATURE,,Famous or notable nature destination associated with Uttarakhand; included as a draft nature discovery candidate.,,,,,RENOWNED,Wikipedia/Wikimedia Commons search,,,AI_CURATED_NEEDS_VERIFICATION,2026-09-11,DRAFT_FOR_REVIEW
IN-00939,Valley of Flowers National Park,Uttarakhand,,,NATURE,INDIA_NATURE,,Famous or notable nature destination associated with Uttarakhand; included as a draft nature discovery candidate.,,,,,RENOWNED,Wikipedia/Wikimedia Commons search,,,AI_CURATED_NEEDS_VERIFICATION,2026-09-11,DRAFT_FOR_REVIEW
IN-00940,Jim Corbett National Park,Uttarakhand,,,NATURE,INDIA_NATURE,,Famous or notable nature destination associated with Uttarakhand; included as a draft nature discovery candidate.,,,,,RENOWNED,Wikipedia/Wikimedia Commons search,,,AI_CURATED_NEEDS_VERIFICATION,2026-09-11,DRAFT_FOR_REVIEW
IN-00941,Rajaji National Park,Uttarakhand,,,NATURE,INDIA_NATURE,,Famous or notable nature destination associated with Uttarakhand; included as a draft nature discovery candidate.,,,,,RENOWNED,Wikipedia/Wikimedia Commons search,,,AI_CURATED_NEEDS_VERIFICATION,2026-09-11,DRAFT_FOR_REVIEW
IN-00942,Gangotri National Park,Uttarakhand,,,NATURE,INDIA_NATURE,,Famous or notable nature destination associated with Uttarakhand; included as a draft nature discovery candidate.,,,,,RENOWNED,Wikipedia/Wikimedia Commons search,,,AI_CURATED_NEEDS_VERIFICATION,2026-09-11,DRAFT_FOR_REVIEW
IN-00943,Govind National Park,Uttarakhand,,,NATURE,INDIA_NATURE,,Famous or notable nature destination associated with Uttarakhand; included as a draft nature discovery candidate.,,,,,RENOWNED,Wikipedia/Wikimedia Commons search,,,AI_CURATED_NEEDS_VERIFICATION,2026-09-11,DRAFT_FOR_REVIEW
IN-00944,Kedarnath Wildlife Sanctuary,Uttarakhand,,,NATURE,INDIA_NATURE,,Famous or notable nature destination associated with Uttarakhand; included as a draft nature discovery candidate.,,,,,RENOWNED,Wikipedia/Wikimedia Commons search,,,AI_CURATED_NEEDS_VERIFICATION,2026-09-11,DRAFT_FOR_REVIEW
IN-00945,Askot Wildlife Sanctuary,Uttarakhand,,,NATURE,INDIA_NATURE,,Famous or notable nature destination associated with Uttarakhand; included as a draft nature discovery candidate.,,,,,RENOWNED,Wikipedia/Wikimedia Commons search,,,AI_CURATED_NEEDS_VERIFICATION,2026-09-11,DRAFT_FOR_REVIEW
IN-00946,Binsar Wildlife Sanctuary,Uttarakhand,,,NATURE,INDIA_NATURE,,Famous or notable nature destination associated with Uttarakhand; included as a draft nature discovery candidate.,,,,,RENOWNED,Wikipedia/Wikimedia Commons search,,,AI_CURATED_NEEDS_VERIFICATION,2026-09-11,DRAFT_FOR_REVIEW
IN-00947,Nanda Devi Biosphere Reserve,Uttarakhand,,,NATURE,INDIA_NATURE,,Famous or notable nature destination associated with Uttarakhand; included as a draft nature discovery candidate.,,,,,RENOWNED,Wikipedia/Wikimedia Commons search,,,AI_CURATED_NEEDS_VERIFICATION,2026-09-11,DRAFT_FOR_REVIEW
IN-00948,Valley of Flowers,Uttarakhand,,,NATURE,INDIA_NATURE,,Famous or notable nature destination associated with Uttarakhand; included as a draft nature discovery candidate.,,,,,RENOWNED,Wikipedia/Wikimedia Commons search,,,AI_CURATED_NEEDS_VERIFICATION,2026-09-11,DRAFT_FOR_REVIEW
IN-00949,Auli,Uttarakhand,,,NATURE,INDIA_NATURE,,Famous or notable nature destination associated with Uttarakhand; included as a draft nature discovery candidate.,,,,,RENOWNED,Wikipedia/Wikimedia Commons search,,,AI_CURATED_NEEDS_VERIFICATION,2026-09-11,DRAFT_FOR_REVIEW
IN-00950,Munsiyari,Uttarakhand,,,NATURE,INDIA_NATURE,,Famous or notable nature destination associated with Uttarakhand; included as a draft nature discovery candidate.,,,,,NOTABLE,Wikipedia/Wikimedia Commons search,,,AI_CURATED_NEEDS_VERIFICATION,2026-09-11,DRAFT_FOR_REVIEW
IN-00951,Chopta,Uttarakhand,,,NATURE,INDIA_NATURE,,Famous or notable nature destination associated with Uttarakhand; included as a draft nature discovery candidate.,,,,,NOTABLE,Wikipedia/Wikimedia Commons search,,,AI_CURATED_NEEDS_VERIFICATION,2026-09-11,DRAFT_FOR_REVIEW
IN-00952,Dayara Bugyal,Uttarakhand,,,NATURE,INDIA_NATURE,,Famous or notable nature destination associated with Uttarakhand; included as a draft nature discovery candidate.,,,,,NOTABLE,Wikipedia/Wikimedia Commons search,,,AI_CURATED_NEEDS_VERIFICATION,2026-09-11,DRAFT_FOR_REVIEW
IN-00953,Bedni Bugyal,Uttarakhand,,,NATURE,INDIA_NATURE,,Famous or notable nature destination associated with Uttarakhand; included as a draft nature discovery candidate.,,,,,NOTABLE,Wikipedia/Wikimedia Commons search,,,AI_CURATED_NEEDS_VERIFICATION,2026-09-11,DRAFT_FOR_REVIEW
IN-00954,Roopkund,Uttarakhand,,,NATURE,INDIA_NATURE,,Famous or notable nature destination associated with Uttarakhand; included as a draft nature discovery candidate.,,,,,NOTABLE,Wikipedia/Wikimedia Commons search,,,AI_CURATED_NEEDS_VERIFICATION,2026-09-11,DRAFT_FOR_REVIEW
IN-00955,Pangarchulla,Uttarakhand,,,NATURE,INDIA_NATURE,,Famous or notable nature destination associated with Uttarakhand; included as a draft nature discovery candidate.,,,,,NOTABLE,Wikipedia/Wikimedia Commons search,,,AI_CURATED_NEEDS_VERIFICATION,2026-09-11,DRAFT_FOR_REVIEW
IN-00956,Har Ki Dun,Uttarakhand,,,NATURE,INDIA_NATURE,,Famous or notable nature destination associated with Uttarakhand; included as a draft nature discovery candidate.,,,,,NOTABLE,Wikipedia/Wikimedia Commons search,,,AI_CURATED_NEEDS_VERIFICATION,2026-09-11,DRAFT_FOR_REVIEW
IN-00957,Kedarkantha,Uttarakhand,,,NATURE,INDIA_NATURE,,Famous or notable nature destination associated with Uttarakhand; included as a draft nature discovery candidate.,,,,,NOTABLE,Wikipedia/Wikimedia Commons search,,,AI_CURATED_NEEDS_VERIFICATION,2026-09-11,DRAFT_FOR_REVIEW
IN-00958,Nag Tibba,Uttarakhand,,,NATURE,INDIA_NATURE,,Famous or notable nature destination associated with Uttarakhand; included as a draft nature discovery candidate.,,,,,NOTABLE,Wikipedia/Wikimedia Commons search,,,AI_CURATED_NEEDS_VERIFICATION,2026-09-11,DRAFT_FOR_REVIEW
IN-00959,Kuari Pass,Uttarakhand,,,NATURE,INDIA_NATURE,,Famous or notable nature destination associated with Uttarakhand; included as a draft nature discovery candidate.,,,,,NOTABLE,Wikipedia/Wikimedia Commons search,,,AI_CURATED_NEEDS_VERIFICATION,2026-09-11,DRAFT_FOR_REVIEW
IN-00960,Valley of Gods,Uttarakhand,,,NATURE,INDIA_NATURE,,Famous or notable nature destination associated with Uttarakhand; included as a draft nature discovery candidate.,,,,,NOTABLE,Wikipedia/Wikimedia Commons search,,,AI_CURATED_NEEDS_VERIFICATION,2026-09-11,DRAFT_FOR_REVIEW
IN-00961,Pindari Glacier,Uttarakhand,,,NATURE,INDIA_NATURE,,Famous or notable nature destination associated with Uttarakhand; included as a draft nature discovery candidate.,,,,,NOTABLE,Wikipedia/Wikimedia Commons search,,,AI_CURATED_NEEDS_VERIFICATION,2026-09-11,DRAFT_FOR_REVIEW
IN-00962,Milam Glacier,Uttarakhand,,,NATURE,INDIA_NATURE,,Famous or notable nature destination associated with Uttarakhand; included as a draft nature discovery candidate.,,,,,NOTABLE,Wikipedia/Wikimedia Commons search,,,AI_CURATED_NEEDS_VERIFICATION,2026-09-11,DRAFT_FOR_REVIEW
IN-00963,Gangotri Glacier,Uttarakhand,,,NATURE,INDIA_NATURE,,Famous or notable nature destination associated with Uttarakhand; included as a draft nature discovery candidate.,,,,,NOTABLE,Wikipedia/Wikimedia Commons search,,,AI_CURATED_NEEDS_VERIFICATION,2026-09-11,DRAFT_FOR_REVIEW
IN-00964,Yamunotri Glacier,Uttarakhand,,,NATURE,INDIA_NATURE,,Famous or notable nature destination associated with Uttarakhand; included as a draft nature discovery candidate.,,,,,NOTABLE,Wikipedia/Wikimedia Commons search,,,AI_CURATED_NEEDS_VERIFICATION,2026-09-11,DRAFT_FOR_REVIEW
IN-00965,Kafni Glacier,Uttarakhand,,,NATURE,INDIA_NATURE,,Famous or notable nature destination associated with Uttarakhand; included as a draft nature discovery candidate.,,,,,NOTABLE,Wikipedia/Wikimedia Commons search,,,AI_CURATED_NEEDS_VERIFICATION,2026-09-11,DRAFT_FOR_REVIEW
IN-00966,Brahmatal,Uttarakhand,,,NATURE,INDIA_NATURE,,Famous or notable nature destination associated with Uttarakhand; included as a draft nature discovery candidate.,,,,,NOTABLE,Wikipedia/Wikimedia Commons search,,,AI_CURATED_NEEDS_VERIFICATION,2026-09-11,DRAFT_FOR_REVIEW
IN-00967,Deoria Tal,Uttarakhand,,,NATURE,INDIA_NATURE,,Famous or notable nature destination associated with Uttarakhand; included as a draft nature discovery candidate.,,,,,NOTABLE,Wikipedia/Wikimedia Commons search,,,AI_CURATED_NEEDS_VERIFICATION,2026-09-11,DRAFT_FOR_REVIEW
IN-00968,Hemkund Sahib lake,Uttarakhand,,,NATURE,INDIA_NATURE,,Famous or notable nature destination associated with Uttarakhand; included as a draft nature discovery candidate.,,,,,NOTABLE,Wikipedia/Wikimedia Commons search,,,AI_CURATED_NEEDS_VERIFICATION,2026-09-11,DRAFT_FOR_REVIEW
IN-00969,Nainital Lake,Uttarakhand,,,NATURE,INDIA_NATURE,,Famous or notable nature destination associated with Uttarakhand; included as a draft nature discovery candidate.,,,,,NOTABLE,Wikipedia/Wikimedia Commons search,,,AI_CURATED_NEEDS_VERIFICATION,2026-09-11,DRAFT_FOR_REVIEW
IN-00970,Bhimtal,Uttarakhand,,,NATURE,INDIA_NATURE,,Famous or notable nature destination associated with Uttarakhand; included as a draft nature discovery candidate.,,,,,NOTABLE,Wikipedia/Wikimedia Commons search,,,AI_CURATED_NEEDS_VERIFICATION,2026-09-11,DRAFT_FOR_REVIEW
IN-00971,Sattal,Uttarakhand,,,NATURE,INDIA_NATURE,,Famous or notable nature destination associated with Uttarakhand; included as a draft nature discovery candidate.,,,,,NOTABLE,Wikipedia/Wikimedia Commons search,,,AI_CURATED_NEEDS_VERIFICATION,2026-09-11,DRAFT_FOR_REVIEW
IN-00972,Naukuchiatal,Uttarakhand,,,NATURE,INDIA_NATURE,,Famous or notable nature destination associated with Uttarakhand; included as a draft nature discovery candidate.,,,,,NOTABLE,Wikipedia/Wikimedia Commons search,,,AI_CURATED_NEEDS_VERIFICATION,2026-09-11,DRAFT_FOR_REVIEW
IN-00973,Tehri Lake,Uttarakhand,,,NATURE,INDIA_NATURE,,Famous or notable nature destination associated with Uttarakhand; included as a draft nature discovery candidate.,,,,,NOTABLE,Wikipedia/Wikimedia Commons search,,,AI_CURATED_NEEDS_VERIFICATION,2026-09-11,DRAFT_FOR_REVIEW
IN-00974,Vasudhara Falls,Uttarakhand,,,NATURE,INDIA_NATURE,,Famous or notable nature destination associated with Uttarakhand; included as a draft nature discovery candidate.,,,,,NOTABLE,Wikipedia/Wikimedia Commons search,,,AI_CURATED_NEEDS_VERIFICATION,2026-09-11,DRAFT_FOR_REVIEW
IN-00975,Kempty Falls,Uttarakhand,,,NATURE,INDIA_NATURE,,Famous or notable nature destination associated with Uttarakhand; included as a draft nature discovery candidate.,,,,,NOTABLE,Wikipedia/Wikimedia Commons search,,,AI_CURATED_NEEDS_VERIFICATION,2026-09-11,DRAFT_FOR_REVIEW
IN-00976,Bhatta Falls,Uttarakhand,,,NATURE,INDIA_NATURE,,Famous or notable nature destination associated with Uttarakhand; included as a draft nature discovery candidate.,,,,,NOTABLE,Wikipedia/Wikimedia Commons search,,,AI_CURATED_NEEDS_VERIFICATION,2026-09-11,DRAFT_FOR_REVIEW
IN-00977,Tiger Falls,Uttarakhand,,,NATURE,INDIA_NATURE,,Famous or notable nature destination associated with Uttarakhand; included as a draft nature discovery candidate.,,,,,NOTABLE,Wikipedia/Wikimedia Commons search,,,AI_CURATED_NEEDS_VERIFICATION,2026-09-11,DRAFT_FOR_REVIEW
IN-00978,Jharipani Falls,Uttarakhand,,,NATURE,INDIA_NATURE,,Famous or notable nature destination associated with Uttarakhand; included as a draft nature discovery candidate.,,,,,NOTABLE,Wikipedia/Wikimedia Commons search,,,AI_CURATED_NEEDS_VERIFICATION,2026-09-11,DRAFT_FOR_REVIEW
IN-00979,Surkanda Devi landscape,Uttarakhand,,,NATURE,INDIA_NATURE,,Famous or notable nature destination associated with Uttarakhand; included as a draft nature discovery candidate.,,,,,NOTABLE,Wikipedia/Wikimedia Commons search,,,AI_CURATED_NEEDS_VERIFICATION,2026-09-11,DRAFT_FOR_REVIEW
IN-00980,Mussoorie hills,Uttarakhand,,,NATURE,INDIA_NATURE,,Famous or notable nature destination associated with Uttarakhand; included as a draft nature discovery candidate.,,,,,NOTABLE,Wikipedia/Wikimedia Commons search,,,AI_CURATED_NEEDS_VERIFICATION,2026-09-11,DRAFT_FOR_REVIEW
IN-00981,Rishikesh river valley,Uttarakhand,,,NATURE,INDIA_NATURE,,Famous or notable nature destination associated with Uttarakhand; included as a draft nature discovery candidate.,,,,,NOTABLE,Wikipedia/Wikimedia Commons search,,,AI_CURATED_NEEDS_VERIFICATION,2026-09-11,DRAFT_FOR_REVIEW
IN-00982,Sundarbans National Park,West Bengal,,,NATURE,INDIA_NATURE,,Famous or notable nature destination associated with West Bengal; included as a draft nature discovery candidate.,,,,,RENOWNED,Wikipedia/Wikimedia Commons search,,,AI_CURATED_NEEDS_VERIFICATION,2026-09-11,DRAFT_FOR_REVIEW
IN-00983,Buxa Tiger Reserve,West Bengal,,,NATURE,INDIA_NATURE,,Famous or notable nature destination associated with West Bengal; included as a draft nature discovery candidate.,,,,,RENOWNED,Wikipedia/Wikimedia Commons search,,,AI_CURATED_NEEDS_VERIFICATION,2026-09-11,DRAFT_FOR_REVIEW
IN-00984,Jaldapara National Park,West Bengal,,,NATURE,INDIA_NATURE,,Famous or notable nature destination associated with West Bengal; included as a draft nature discovery candidate.,,,,,RENOWNED,Wikipedia/Wikimedia Commons search,,,AI_CURATED_NEEDS_VERIFICATION,2026-09-11,DRAFT_FOR_REVIEW
IN-00985,Gorumara National Park,West Bengal,,,NATURE,INDIA_NATURE,,Famous or notable nature destination associated with West Bengal; included as a draft nature discovery candidate.,,,,,RENOWNED,Wikipedia/Wikimedia Commons search,,,AI_CURATED_NEEDS_VERIFICATION,2026-09-11,DRAFT_FOR_REVIEW
IN-00986,Neora Valley National Park,West Bengal,,,NATURE,INDIA_NATURE,,Famous or notable nature destination associated with West Bengal; included as a draft nature discovery candidate.,,,,,RENOWNED,Wikipedia/Wikimedia Commons search,,,AI_CURATED_NEEDS_VERIFICATION,2026-09-11,DRAFT_FOR_REVIEW
IN-00987,Singalila National Park,West Bengal,,,NATURE,INDIA_NATURE,,Famous or notable nature destination associated with West Bengal; included as a draft nature discovery candidate.,,,,,RENOWNED,Wikipedia/Wikimedia Commons search,,,AI_CURATED_NEEDS_VERIFICATION,2026-09-11,DRAFT_FOR_REVIEW
IN-00988,Chapramari Wildlife Sanctuary,West Bengal,,,NATURE,INDIA_NATURE,,Famous or notable nature destination associated with West Bengal; included as a draft nature discovery candidate.,,,,,RENOWNED,Wikipedia/Wikimedia Commons search,,,AI_CURATED_NEEDS_VERIFICATION,2026-09-11,DRAFT_FOR_REVIEW
IN-00989,Mahananda Wildlife Sanctuary,West Bengal,,,NATURE,INDIA_NATURE,,Famous or notable nature destination associated with West Bengal; included as a draft nature discovery candidate.,,,,,RENOWNED,Wikipedia/Wikimedia Commons search,,,AI_CURATED_NEEDS_VERIFICATION,2026-09-11,DRAFT_FOR_REVIEW
IN-00990,Sajnekhali,West Bengal,,,NATURE,INDIA_NATURE,,Famous or notable nature destination associated with West Bengal; included as a draft nature discovery candidate.,,,,,RENOWNED,Wikipedia/Wikimedia Commons search,,,AI_CURATED_NEEDS_VERIFICATION,2026-09-11,DRAFT_FOR_REVIEW
IN-00991,Sundarbans mangrove,West Bengal,,,NATURE,INDIA_NATURE,,Famous or notable nature destination associated with West Bengal; included as a draft nature discovery candidate.,,,,,RENOWNED,Wikipedia/Wikimedia Commons search,,,AI_CURATED_NEEDS_VERIFICATION,2026-09-11,DRAFT_FOR_REVIEW
IN-00992,Darjeeling,West Bengal,,,NATURE,INDIA_NATURE,,Famous or notable nature destination associated with West Bengal; included as a draft nature discovery candidate.,,,,,RENOWNED,Wikipedia/Wikimedia Commons search,,,AI_CURATED_NEEDS_VERIFICATION,2026-09-11,DRAFT_FOR_REVIEW
IN-00993,Kalimpong,West Bengal,,,NATURE,INDIA_NATURE,,Famous or notable nature destination associated with West Bengal; included as a draft nature discovery candidate.,,,,,RENOWNED,Wikipedia/Wikimedia Commons search,,,AI_CURATED_NEEDS_VERIFICATION,2026-09-11,DRAFT_FOR_REVIEW
IN-00994,Sandakphu,West Bengal,,,NATURE,INDIA_NATURE,,Famous or notable nature destination associated with West Bengal; included as a draft nature discovery candidate.,,,,,NOTABLE,Wikipedia/Wikimedia Commons search,,,AI_CURATED_NEEDS_VERIFICATION,2026-09-11,DRAFT_FOR_REVIEW
IN-00995,Phalut,West Bengal,,,NATURE,INDIA_NATURE,,Famous or notable nature destination associated with West Bengal; included as a draft nature discovery candidate.,,,,,NOTABLE,Wikipedia/Wikimedia Commons search,,,AI_CURATED_NEEDS_VERIFICATION,2026-09-11,DRAFT_FOR_REVIEW
IN-00996,Tiger Hill,West Bengal,,,NATURE,INDIA_NATURE,,Famous or notable nature destination associated with West Bengal; included as a draft nature discovery candidate.,,,,,NOTABLE,Wikipedia/Wikimedia Commons search,,,AI_CURATED_NEEDS_VERIFICATION,2026-09-11,DRAFT_FOR_REVIEW
IN-00997,Mirik Lake,West Bengal,,,NATURE,INDIA_NATURE,,Famous or notable nature destination associated with West Bengal; included as a draft nature discovery candidate.,,,,,NOTABLE,Wikipedia/Wikimedia Commons search,,,AI_CURATED_NEEDS_VERIFICATION,2026-09-11,DRAFT_FOR_REVIEW
IN-00998,Teesta valley,West Bengal,,,NATURE,INDIA_NATURE,,Famous or notable nature destination associated with West Bengal; included as a draft nature discovery candidate.,,,,,NOTABLE,Wikipedia/Wikimedia Commons search,,,AI_CURATED_NEEDS_VERIFICATION,2026-09-11,DRAFT_FOR_REVIEW
IN-00999,Jaldhaka valley,West Bengal,,,NATURE,INDIA_NATURE,,Famous or notable nature destination associated with West Bengal; included as a draft nature discovery candidate.,,,,,NOTABLE,Wikipedia/Wikimedia Commons search,,,AI_CURATED_NEEDS_VERIFICATION,2026-09-11,DRAFT_FOR_REVIEW
IN-01000,Buxa hills,West Bengal,,,NATURE,INDIA_NATURE,,Famous or notable nature destination associated with West Bengal; included as a draft nature discovery candidate.,,,,,NOTABLE,Wikipedia/Wikimedia Commons search,,,AI_CURATED_NEEDS_VERIFICATION,2026-09-11,DRAFT_FOR_REVIEW
IN-01001,Dooars,West Bengal,,,NATURE,INDIA_NATURE,,Famous or notable nature destination associated with West Bengal; included as a draft nature discovery candidate.,,,,,NOTABLE,Wikipedia/Wikimedia Commons search,,,AI_CURATED_NEEDS_VERIFICATION,2026-09-11,DRAFT_FOR_REVIEW
IN-01002,Ganga delta,West Bengal,,,NATURE,INDIA_NATURE,,Famous or notable nature destination associated with West Bengal; included as a draft nature discovery candidate.,,,,,NOTABLE,Wikipedia/Wikimedia Commons search,,,AI_CURATED_NEEDS_VERIFICATION,2026-09-11,DRAFT_FOR_REVIEW
IN-01003,Bakkhali Beach,West Bengal,,,NATURE,INDIA_NATURE,,Famous or notable nature destination associated with West Bengal; included as a draft nature discovery candidate.,,,,,NOTABLE,Wikipedia/Wikimedia Commons search,,,AI_CURATED_NEEDS_VERIFICATION,2026-09-11,DRAFT_FOR_REVIEW
IN-01004,Digha Beach,West Bengal,,,NATURE,INDIA_NATURE,,Famous or notable nature destination associated with West Bengal; included as a draft nature discovery candidate.,,,,,NOTABLE,Wikipedia/Wikimedia Commons search,,,AI_CURATED_NEEDS_VERIFICATION,2026-09-11,DRAFT_FOR_REVIEW
IN-01005,Mandarmani Beach,West Bengal,,,NATURE,INDIA_NATURE,,Famous or notable nature destination associated with West Bengal; included as a draft nature discovery candidate.,,,,,NOTABLE,Wikipedia/Wikimedia Commons search,,,AI_CURATED_NEEDS_VERIFICATION,2026-09-11,DRAFT_FOR_REVIEW
IN-01006,Shankarpur Beach,West Bengal,,,NATURE,INDIA_NATURE,,Famous or notable nature destination associated with West Bengal; included as a draft nature discovery candidate.,,,,,NOTABLE,Wikipedia/Wikimedia Commons search,,,AI_CURATED_NEEDS_VERIFICATION,2026-09-11,DRAFT_FOR_REVIEW
IN-01007,Tajpur Beach,West Bengal,,,NATURE,INDIA_NATURE,,Famous or notable nature destination associated with West Bengal; included as a draft nature discovery candidate.,,,,,NOTABLE,Wikipedia/Wikimedia Commons search,,,AI_CURATED_NEEDS_VERIFICATION,2026-09-11,DRAFT_FOR_REVIEW
IN-01008,Henry Island,West Bengal,,,NATURE,INDIA_NATURE,,Famous or notable nature destination associated with West Bengal; included as a draft nature discovery candidate.,,,,,NOTABLE,Wikipedia/Wikimedia Commons search,,,AI_CURATED_NEEDS_VERIFICATION,2026-09-11,DRAFT_FOR_REVIEW
IN-01009,Sagar Island,West Bengal,,,NATURE,INDIA_NATURE,,Famous or notable nature destination associated with West Bengal; included as a draft nature discovery candidate.,,,,,NOTABLE,Wikipedia/Wikimedia Commons search,,,AI_CURATED_NEEDS_VERIFICATION,2026-09-11,DRAFT_FOR_REVIEW
IN-01010,Ganga Sagar,West Bengal,,,NATURE,INDIA_NATURE,,Famous or notable nature destination associated with West Bengal; included as a draft nature discovery candidate.,,,,,NOTABLE,Wikipedia/Wikimedia Commons search,,,AI_CURATED_NEEDS_VERIFICATION,2026-09-11,DRAFT_FOR_REVIEW
IN-01011,Jaldapara grasslands,West Bengal,,,NATURE,INDIA_NATURE,,Famous or notable nature destination associated with West Bengal; included as a draft nature discovery candidate.,,,,,NOTABLE,Wikipedia/Wikimedia Commons search,,,AI_CURATED_NEEDS_VERIFICATION,2026-09-11,DRAFT_FOR_REVIEW
IN-01012,Siliguri foothills,West Bengal,,,NATURE,INDIA_NATURE,,Famous or notable nature destination associated with West Bengal; included as a draft nature discovery candidate.,,,,,NOTABLE,Wikipedia/Wikimedia Commons search,,,AI_CURATED_NEEDS_VERIFICATION,2026-09-11,DRAFT_FOR_REVIEW
IN-01013,Radhanagar Beach,Andaman and Nicobar Islands,,,NATURE,INDIA_NATURE,,Famous or notable nature destination associated with Andaman and Nicobar Islands; included as a draft nature discovery candidate.,,,,,RENOWNED,Wikipedia/Wikimedia Commons search,,,AI_CURATED_NEEDS_VERIFICATION,2026-09-11,DRAFT_FOR_REVIEW
IN-01014,Elephant Beach,Andaman and Nicobar Islands,,,NATURE,INDIA_NATURE,,Famous or notable nature destination associated with Andaman and Nicobar Islands; included as a draft nature discovery candidate.,,,,,RENOWNED,Wikipedia/Wikimedia Commons search,,,AI_CURATED_NEEDS_VERIFICATION,2026-09-11,DRAFT_FOR_REVIEW
IN-01015,Kalapathar Beach,Andaman and Nicobar Islands,,,NATURE,INDIA_NATURE,,Famous or notable nature destination associated with Andaman and Nicobar Islands; included as a draft nature discovery candidate.,,,,,RENOWNED,Wikipedia/Wikimedia Commons search,,,AI_CURATED_NEEDS_VERIFICATION,2026-09-11,DRAFT_FOR_REVIEW
IN-01016,Ross Island nature,Andaman and Nicobar Islands,,,NATURE,INDIA_NATURE,,Famous or notable nature destination associated with Andaman and Nicobar Islands; included as a draft nature discovery candidate.,,,,,RENOWNED,Wikipedia/Wikimedia Commons search,,,AI_CURATED_NEEDS_VERIFICATION,2026-09-11,DRAFT_FOR_REVIEW
IN-01017,North Bay,Andaman and Nicobar Islands,,,NATURE,INDIA_NATURE,,Famous or notable nature destination associated with Andaman and Nicobar Islands; included as a draft nature discovery candidate.,,,,,RENOWNED,Wikipedia/Wikimedia Commons search,,,AI_CURATED_NEEDS_VERIFICATION,2026-09-11,DRAFT_FOR_REVIEW
IN-01018,Baratang limestone caves,Andaman and Nicobar Islands,,,NATURE,INDIA_NATURE,,Famous or notable nature destination associated with Andaman and Nicobar Islands; included as a draft nature discovery candidate.,,,,,RENOWNED,Wikipedia/Wikimedia Commons search,,,AI_CURATED_NEEDS_VERIFICATION,2026-09-11,DRAFT_FOR_REVIEW
IN-01019,Mud Volcano Baratang,Andaman and Nicobar Islands,,,NATURE,INDIA_NATURE,,Famous or notable nature destination associated with Andaman and Nicobar Islands; included as a draft nature discovery candidate.,,,,,RENOWNED,Wikipedia/Wikimedia Commons search,,,AI_CURATED_NEEDS_VERIFICATION,2026-09-11,DRAFT_FOR_REVIEW
IN-01020,Limestone Cave Baratang,Andaman and Nicobar Islands,,,NATURE,INDIA_NATURE,,Famous or notable nature destination associated with Andaman and Nicobar Islands; included as a draft nature discovery candidate.,,,,,RENOWNED,Wikipedia/Wikimedia Commons search,,,AI_CURATED_NEEDS_VERIFICATION,2026-09-11,DRAFT_FOR_REVIEW
IN-01021,Barren Island Volcano,Andaman and Nicobar Islands,,,NATURE,INDIA_NATURE,,Famous or notable nature destination associated with Andaman and Nicobar Islands; included as a draft nature discovery candidate.,,,,,RENOWNED,Wikipedia/Wikimedia Commons search,,,AI_CURATED_NEEDS_VERIFICATION,2026-09-11,DRAFT_FOR_REVIEW
IN-01022,Narcondam Island,Andaman and Nicobar Islands,,,NATURE,INDIA_NATURE,,Famous or notable nature destination associated with Andaman and Nicobar Islands; included as a draft nature discovery candidate.,,,,,RENOWNED,Wikipedia/Wikimedia Commons search,,,AI_CURATED_NEEDS_VERIFICATION,2026-09-11,DRAFT_FOR_REVIEW
IN-01023,Chidiya Tapu,Andaman and Nicobar Islands,,,NATURE,INDIA_NATURE,,Famous or notable nature destination associated with Andaman and Nicobar Islands; included as a draft nature discovery candidate.,,,,,RENOWNED,Wikipedia/Wikimedia Commons search,,,AI_CURATED_NEEDS_VERIFICATION,2026-09-11,DRAFT_FOR_REVIEW
IN-01024,Mahatma Gandhi Marine National Park,Andaman and Nicobar Islands,,,NATURE,INDIA_NATURE,,Famous or notable nature destination associated with Andaman and Nicobar Islands; included as a draft nature discovery candidate.,,,,,RENOWNED,Wikipedia/Wikimedia Commons search,,,AI_CURATED_NEEDS_VERIFICATION,2026-09-11,DRAFT_FOR_REVIEW
IN-01025,Campbell Bay National Park,Andaman and Nicobar Islands,,,NATURE,INDIA_NATURE,,Famous or notable nature destination associated with Andaman and Nicobar Islands; included as a draft nature discovery candidate.,,,,,NOTABLE,Wikipedia/Wikimedia Commons search,,,AI_CURATED_NEEDS_VERIFICATION,2026-09-11,DRAFT_FOR_REVIEW
IN-01026,Galathea National Park,Andaman and Nicobar Islands,,,NATURE,INDIA_NATURE,,Famous or notable nature destination associated with Andaman and Nicobar Islands; included as a draft nature discovery candidate.,,,,,NOTABLE,Wikipedia/Wikimedia Commons search,,,AI_CURATED_NEEDS_VERIFICATION,2026-09-11,DRAFT_FOR_REVIEW
IN-01027,Mount Harriet National Park,Andaman and Nicobar Islands,,,NATURE,INDIA_NATURE,,Famous or notable nature destination associated with Andaman and Nicobar Islands; included as a draft nature discovery candidate.,,,,,NOTABLE,Wikipedia/Wikimedia Commons search,,,AI_CURATED_NEEDS_VERIFICATION,2026-09-11,DRAFT_FOR_REVIEW
IN-01028,Saddle Peak,Andaman and Nicobar Islands,,,NATURE,INDIA_NATURE,,Famous or notable nature destination associated with Andaman and Nicobar Islands; included as a draft nature discovery candidate.,,,,,NOTABLE,Wikipedia/Wikimedia Commons search,,,AI_CURATED_NEEDS_VERIFICATION,2026-09-11,DRAFT_FOR_REVIEW
IN-01029,Long Island,Andaman and Nicobar Islands,,,NATURE,INDIA_NATURE,,Famous or notable nature destination associated with Andaman and Nicobar Islands; included as a draft nature discovery candidate.,,,,,NOTABLE,Wikipedia/Wikimedia Commons search,,,AI_CURATED_NEEDS_VERIFICATION,2026-09-11,DRAFT_FOR_REVIEW
IN-01030,Neil Island,Andaman and Nicobar Islands,,,NATURE,INDIA_NATURE,,Famous or notable nature destination associated with Andaman and Nicobar Islands; included as a draft nature discovery candidate.,,,,,NOTABLE,Wikipedia/Wikimedia Commons search,,,AI_CURATED_NEEDS_VERIFICATION,2026-09-11,DRAFT_FOR_REVIEW
IN-01031,Havelock Island,Andaman and Nicobar Islands,,,NATURE,INDIA_NATURE,,Famous or notable nature destination associated with Andaman and Nicobar Islands; included as a draft nature discovery candidate.,,,,,NOTABLE,Wikipedia/Wikimedia Commons search,,,AI_CURATED_NEEDS_VERIFICATION,2026-09-11,DRAFT_FOR_REVIEW
IN-01032,Shaheed Island,Andaman and Nicobar Islands,,,NATURE,INDIA_NATURE,,Famous or notable nature destination associated with Andaman and Nicobar Islands; included as a draft nature discovery candidate.,,,,,NOTABLE,Wikipedia/Wikimedia Commons search,,,AI_CURATED_NEEDS_VERIFICATION,2026-09-11,DRAFT_FOR_REVIEW
IN-01033,Cinque Island,Andaman and Nicobar Islands,,,NATURE,INDIA_NATURE,,Famous or notable nature destination associated with Andaman and Nicobar Islands; included as a draft nature discovery candidate.,,,,,NOTABLE,Wikipedia/Wikimedia Commons search,,,AI_CURATED_NEEDS_VERIFICATION,2026-09-11,DRAFT_FOR_REVIEW
IN-01034,Jolly Buoy Island,Andaman and Nicobar Islands,,,NATURE,INDIA_NATURE,,Famous or notable nature destination associated with Andaman and Nicobar Islands; included as a draft nature discovery candidate.,,,,,NOTABLE,Wikipedia/Wikimedia Commons search,,,AI_CURATED_NEEDS_VERIFICATION,2026-09-11,DRAFT_FOR_REVIEW
IN-01035,Red Skin Island,Andaman and Nicobar Islands,,,NATURE,INDIA_NATURE,,Famous or notable nature destination associated with Andaman and Nicobar Islands; included as a draft nature discovery candidate.,,,,,NOTABLE,Wikipedia/Wikimedia Commons search,,,AI_CURATED_NEEDS_VERIFICATION,2026-09-11,DRAFT_FOR_REVIEW
IN-01036,North Sentinel Island landscape,Andaman and Nicobar Islands,,,NATURE,INDIA_NATURE,,Famous or notable nature destination associated with Andaman and Nicobar Islands; included as a draft nature discovery candidate.,,,,,NOTABLE,Wikipedia/Wikimedia Commons search,,,AI_CURATED_NEEDS_VERIFICATION,2026-09-11,DRAFT_FOR_REVIEW
IN-01037,Great Nicobar Biosphere Reserve,Andaman and Nicobar Islands,,,NATURE,INDIA_NATURE,,Famous or notable nature destination associated with Andaman and Nicobar Islands; included as a draft nature discovery candidate.,,,,,NOTABLE,Wikipedia/Wikimedia Commons search,,,AI_CURATED_NEEDS_VERIFICATION,2026-09-11,DRAFT_FOR_REVIEW
IN-01038,Corbyns Cove,Andaman and Nicobar Islands,,,NATURE,INDIA_NATURE,,Famous or notable nature destination associated with Andaman and Nicobar Islands; included as a draft nature discovery candidate.,,,,,NOTABLE,Wikipedia/Wikimedia Commons search,,,AI_CURATED_NEEDS_VERIFICATION,2026-09-11,DRAFT_FOR_REVIEW
IN-01039,Laxmanpur Beach,Andaman and Nicobar Islands,,,NATURE,INDIA_NATURE,,Famous or notable nature destination associated with Andaman and Nicobar Islands; included as a draft nature discovery candidate.,,,,,NOTABLE,Wikipedia/Wikimedia Commons search,,,AI_CURATED_NEEDS_VERIFICATION,2026-09-11,DRAFT_FOR_REVIEW
IN-01040,Pangong Lake,Ladakh,,,NATURE,INDIA_NATURE,,Famous or notable nature destination associated with Ladakh; included as a draft nature discovery candidate.,,,,,RENOWNED,Wikipedia/Wikimedia Commons search,,,AI_CURATED_NEEDS_VERIFICATION,2026-09-11,DRAFT_FOR_REVIEW
IN-01041,Tso Moriri,Ladakh,,,NATURE,INDIA_NATURE,,Famous or notable nature destination associated with Ladakh; included as a draft nature discovery candidate.,,,,,RENOWNED,Wikipedia/Wikimedia Commons search,,,AI_CURATED_NEEDS_VERIFICATION,2026-09-11,DRAFT_FOR_REVIEW
IN-01042,Tso Kar,Ladakh,,,NATURE,INDIA_NATURE,,Famous or notable nature destination associated with Ladakh; included as a draft nature discovery candidate.,,,,,RENOWNED,Wikipedia/Wikimedia Commons search,,,AI_CURATED_NEEDS_VERIFICATION,2026-09-11,DRAFT_FOR_REVIEW
IN-01043,Nubra Valley,Ladakh,,,NATURE,INDIA_NATURE,,Famous or notable nature destination associated with Ladakh; included as a draft nature discovery candidate.,,,,,RENOWNED,Wikipedia/Wikimedia Commons search,,,AI_CURATED_NEEDS_VERIFICATION,2026-09-11,DRAFT_FOR_REVIEW
IN-01044,Shyok Valley,Ladakh,,,NATURE,INDIA_NATURE,,Famous or notable nature destination associated with Ladakh; included as a draft nature discovery candidate.,,,,,RENOWNED,Wikipedia/Wikimedia Commons search,,,AI_CURATED_NEEDS_VERIFICATION,2026-09-11,DRAFT_FOR_REVIEW
IN-01045,Zanskar Valley,Ladakh,,,NATURE,INDIA_NATURE,,Famous or notable nature destination associated with Ladakh; included as a draft nature discovery candidate.,,,,,RENOWNED,Wikipedia/Wikimedia Commons search,,,AI_CURATED_NEEDS_VERIFICATION,2026-09-11,DRAFT_FOR_REVIEW
IN-01046,Markha Valley,Ladakh,,,NATURE,INDIA_NATURE,,Famous or notable nature destination associated with Ladakh; included as a draft nature discovery candidate.,,,,,RENOWNED,Wikipedia/Wikimedia Commons search,,,AI_CURATED_NEEDS_VERIFICATION,2026-09-11,DRAFT_FOR_REVIEW
IN-01047,Hemis National Park,Ladakh,,,NATURE,INDIA_NATURE,,Famous or notable nature destination associated with Ladakh; included as a draft nature discovery candidate.,,,,,RENOWNED,Wikipedia/Wikimedia Commons search,,,AI_CURATED_NEEDS_VERIFICATION,2026-09-11,DRAFT_FOR_REVIEW
IN-01048,Changthang Wildlife Sanctuary,Ladakh,,,NATURE,INDIA_NATURE,,Famous or notable nature destination associated with Ladakh; included as a draft nature discovery candidate.,,,,,RENOWNED,Wikipedia/Wikimedia Commons search,,,AI_CURATED_NEEDS_VERIFICATION,2026-09-11,DRAFT_FOR_REVIEW
IN-01049,Khardung La,Ladakh,,,NATURE,INDIA_NATURE,,Famous or notable nature destination associated with Ladakh; included as a draft nature discovery candidate.,,,,,RENOWNED,Wikipedia/Wikimedia Commons search,,,AI_CURATED_NEEDS_VERIFICATION,2026-09-11,DRAFT_FOR_REVIEW
IN-01050,Chang La,Ladakh,,,NATURE,INDIA_NATURE,,Famous or notable nature destination associated with Ladakh; included as a draft nature discovery candidate.,,,,,RENOWNED,Wikipedia/Wikimedia Commons search,,,AI_CURATED_NEEDS_VERIFICATION,2026-09-11,DRAFT_FOR_REVIEW
IN-01051,Umling La,Ladakh,,,NATURE,INDIA_NATURE,,Famous or notable nature destination associated with Ladakh; included as a draft nature discovery candidate.,,,,,RENOWNED,Wikipedia/Wikimedia Commons search,,,AI_CURATED_NEEDS_VERIFICATION,2026-09-11,DRAFT_FOR_REVIEW
IN-01052,Karakoram Pass,Ladakh,,,NATURE,INDIA_NATURE,,Famous or notable nature destination associated with Ladakh; included as a draft nature discovery candidate.,,,,,NOTABLE,Wikipedia/Wikimedia Commons search,,,AI_CURATED_NEEDS_VERIFICATION,2026-09-11,DRAFT_FOR_REVIEW
IN-01053,Magnetic Hill,Ladakh,,,NATURE,INDIA_NATURE,,Famous or notable nature destination associated with Ladakh; included as a draft nature discovery candidate.,,,,,NOTABLE,Wikipedia/Wikimedia Commons search,,,AI_CURATED_NEEDS_VERIFICATION,2026-09-11,DRAFT_FOR_REVIEW
IN-01054,Lamayuru Moonland,Ladakh,,,NATURE,INDIA_NATURE,,Famous or notable nature destination associated with Ladakh; included as a draft nature discovery candidate.,,,,,NOTABLE,Wikipedia/Wikimedia Commons search,,,AI_CURATED_NEEDS_VERIFICATION,2026-09-11,DRAFT_FOR_REVIEW
IN-01055,Drass valley,Ladakh,,,NATURE,INDIA_NATURE,,Famous or notable nature destination associated with Ladakh; included as a draft nature discovery candidate.,,,,,NOTABLE,Wikipedia/Wikimedia Commons search,,,AI_CURATED_NEEDS_VERIFICATION,2026-09-11,DRAFT_FOR_REVIEW
IN-01056,Suruga Valley,Ladakh,,,NATURE,INDIA_NATURE,,Famous or notable nature destination associated with Ladakh; included as a draft nature discovery candidate.,,,,,NOTABLE,Wikipedia/Wikimedia Commons search,,,AI_CURATED_NEEDS_VERIFICATION,2026-09-11,DRAFT_FOR_REVIEW
IN-01057,Hanle,Ladakh,,,NATURE,INDIA_NATURE,,Famous or notable nature destination associated with Ladakh; included as a draft nature discovery candidate.,,,,,NOTABLE,Wikipedia/Wikimedia Commons search,,,AI_CURATED_NEEDS_VERIFICATION,2026-09-11,DRAFT_FOR_REVIEW
IN-01058,Turtuk,Ladakh,,,NATURE,INDIA_NATURE,,Famous or notable nature destination associated with Ladakh; included as a draft nature discovery candidate.,,,,,NOTABLE,Wikipedia/Wikimedia Commons search,,,AI_CURATED_NEEDS_VERIFICATION,2026-09-11,DRAFT_FOR_REVIEW
IN-01059,Diskit sand dunes,Ladakh,,,NATURE,INDIA_NATURE,,Famous or notable nature destination associated with Ladakh; included as a draft nature discovery candidate.,,,,,NOTABLE,Wikipedia/Wikimedia Commons search,,,AI_CURATED_NEEDS_VERIFICATION,2026-09-11,DRAFT_FOR_REVIEW
IN-01060,Kyun Tso,Ladakh,,,NATURE,INDIA_NATURE,,Famous or notable nature destination associated with Ladakh; included as a draft nature discovery candidate.,,,,,NOTABLE,Wikipedia/Wikimedia Commons search,,,AI_CURATED_NEEDS_VERIFICATION,2026-09-11,DRAFT_FOR_REVIEW
IN-01061,Yarab Tso,Ladakh,,,NATURE,INDIA_NATURE,,Famous or notable nature destination associated with Ladakh; included as a draft nature discovery candidate.,,,,,NOTABLE,Wikipedia/Wikimedia Commons search,,,AI_CURATED_NEEDS_VERIFICATION,2026-09-11,DRAFT_FOR_REVIEW
IN-01062,Kargil Suru Valley,Ladakh,,,NATURE,INDIA_NATURE,,Famous or notable nature destination associated with Ladakh; included as a draft nature discovery candidate.,,,,,NOTABLE,Wikipedia/Wikimedia Commons search,,,AI_CURATED_NEEDS_VERIFICATION,2026-09-11,DRAFT_FOR_REVIEW
IN-01063,Pensi La,Ladakh,,,NATURE,INDIA_NATURE,,Famous or notable nature destination associated with Ladakh; included as a draft nature discovery candidate.,,,,,NOTABLE,Wikipedia/Wikimedia Commons search,,,AI_CURATED_NEEDS_VERIFICATION,2026-09-11,DRAFT_FOR_REVIEW
IN-01064,Phuktal Monastery valley,Ladakh,,,NATURE,INDIA_NATURE,,Famous or notable nature destination associated with Ladakh; included as a draft nature discovery candidate.,,,,,NOTABLE,Wikipedia/Wikimedia Commons search,,,AI_CURATED_NEEDS_VERIFICATION,2026-09-11,DRAFT_FOR_REVIEW
IN-01065,Agatti Island,Lakshadweep,,,NATURE,INDIA_NATURE,,Famous or notable nature destination associated with Lakshadweep; included as a draft nature discovery candidate.,,,,,RENOWNED,Wikipedia/Wikimedia Commons search,,,AI_CURATED_NEEDS_VERIFICATION,2026-09-11,DRAFT_FOR_REVIEW
IN-01066,Bangaram Island,Lakshadweep,,,NATURE,INDIA_NATURE,,Famous or notable nature destination associated with Lakshadweep; included as a draft nature discovery candidate.,,,,,RENOWNED,Wikipedia/Wikimedia Commons search,,,AI_CURATED_NEEDS_VERIFICATION,2026-09-11,DRAFT_FOR_REVIEW
IN-01067,Kavaratti Island,Lakshadweep,,,NATURE,INDIA_NATURE,,Famous or notable nature destination associated with Lakshadweep; included as a draft nature discovery candidate.,,,,,RENOWNED,Wikipedia/Wikimedia Commons search,,,AI_CURATED_NEEDS_VERIFICATION,2026-09-11,DRAFT_FOR_REVIEW
IN-01068,Kalpeni Island,Lakshadweep,,,NATURE,INDIA_NATURE,,Famous or notable nature destination associated with Lakshadweep; included as a draft nature discovery candidate.,,,,,RENOWNED,Wikipedia/Wikimedia Commons search,,,AI_CURATED_NEEDS_VERIFICATION,2026-09-11,DRAFT_FOR_REVIEW
IN-01069,Kadmat Island,Lakshadweep,,,NATURE,INDIA_NATURE,,Famous or notable nature destination associated with Lakshadweep; included as a draft nature discovery candidate.,,,,,RENOWNED,Wikipedia/Wikimedia Commons search,,,AI_CURATED_NEEDS_VERIFICATION,2026-09-11,DRAFT_FOR_REVIEW
IN-01070,Minicoy Island,Lakshadweep,,,NATURE,INDIA_NATURE,,Famous or notable nature destination associated with Lakshadweep; included as a draft nature discovery candidate.,,,,,RENOWNED,Wikipedia/Wikimedia Commons search,,,AI_CURATED_NEEDS_VERIFICATION,2026-09-11,DRAFT_FOR_REVIEW
IN-01071,Thinnakara Island,Lakshadweep,,,NATURE,INDIA_NATURE,,Famous or notable nature destination associated with Lakshadweep; included as a draft nature discovery candidate.,,,,,RENOWNED,Wikipedia/Wikimedia Commons search,,,AI_CURATED_NEEDS_VERIFICATION,2026-09-11,DRAFT_FOR_REVIEW
IN-01072,Amini Island,Lakshadweep,,,NATURE,INDIA_NATURE,,Famous or notable nature destination associated with Lakshadweep; included as a draft nature discovery candidate.,,,,,RENOWNED,Wikipedia/Wikimedia Commons search,,,AI_CURATED_NEEDS_VERIFICATION,2026-09-11,DRAFT_FOR_REVIEW
IN-01073,Andrott Island,Lakshadweep,,,NATURE,INDIA_NATURE,,Famous or notable nature destination associated with Lakshadweep; included as a draft nature discovery candidate.,,,,,RENOWNED,Wikipedia/Wikimedia Commons search,,,AI_CURATED_NEEDS_VERIFICATION,2026-09-11,DRAFT_FOR_REVIEW
IN-01074,Bitra Island,Lakshadweep,,,NATURE,INDIA_NATURE,,Famous or notable nature destination associated with Lakshadweep; included as a draft nature discovery candidate.,,,,,RENOWNED,Wikipedia/Wikimedia Commons search,,,AI_CURATED_NEEDS_VERIFICATION,2026-09-11,DRAFT_FOR_REVIEW
IN-01075,Marine lagoons,Lakshadweep,,,NATURE,INDIA_NATURE,,Famous or notable nature destination associated with Lakshadweep; included as a draft nature discovery candidate.,,,,,RENOWNED,Wikipedia/Wikimedia Commons search,,,AI_CURATED_NEEDS_VERIFICATION,2026-09-11,DRAFT_FOR_REVIEW
IN-01076,Coral reefs Lakshadweep,Lakshadweep,,,NATURE,INDIA_NATURE,,Famous or notable nature destination associated with Lakshadweep; included as a draft nature discovery candidate.,,,,,RENOWNED,Wikipedia/Wikimedia Commons search,,,AI_CURATED_NEEDS_VERIFICATION,2026-09-11,DRAFT_FOR_REVIEW
IN-01077,Kavaratti lagoon,Lakshadweep,,,NATURE,INDIA_NATURE,,Famous or notable nature destination associated with Lakshadweep; included as a draft nature discovery candidate.,,,,,NOTABLE,Wikipedia/Wikimedia Commons search,,,AI_CURATED_NEEDS_VERIFICATION,2026-09-11,DRAFT_FOR_REVIEW
IN-01078,Bangaram lagoon,Lakshadweep,,,NATURE,INDIA_NATURE,,Famous or notable nature destination associated with Lakshadweep; included as a draft nature discovery candidate.,,,,,NOTABLE,Wikipedia/Wikimedia Commons search,,,AI_CURATED_NEEDS_VERIFICATION,2026-09-11,DRAFT_FOR_REVIEW
IN-01079,Kalpeni lagoon,Lakshadweep,,,NATURE,INDIA_NATURE,,Famous or notable nature destination associated with Lakshadweep; included as a draft nature discovery candidate.,,,,,NOTABLE,Wikipedia/Wikimedia Commons search,,,AI_CURATED_NEEDS_VERIFICATION,2026-09-11,DRAFT_FOR_REVIEW
IN-01080,Sukhna Lake,Chandigarh,,,NATURE,INDIA_NATURE,,Famous or notable nature destination associated with Chandigarh; included as a draft nature discovery candidate.,,,,,RENOWNED,Wikipedia/Wikimedia Commons search,,,AI_CURATED_NEEDS_VERIFICATION,2026-09-11,DRAFT_FOR_REVIEW
IN-01081,Sukhna Wildlife Sanctuary,Chandigarh,,,NATURE,INDIA_NATURE,,Famous or notable nature destination associated with Chandigarh; included as a draft nature discovery candidate.,,,,,RENOWNED,Wikipedia/Wikimedia Commons search,,,AI_CURATED_NEEDS_VERIFICATION,2026-09-11,DRAFT_FOR_REVIEW
IN-01082,Shivalik foothills,Chandigarh,,,NATURE,INDIA_NATURE,,Famous or notable nature destination associated with Chandigarh; included as a draft nature discovery candidate.,,,,,RENOWNED,Wikipedia/Wikimedia Commons search,,,AI_CURATED_NEEDS_VERIFICATION,2026-09-11,DRAFT_FOR_REVIEW
IN-01083,Dudhni Waterfalls,Dadra and Nagar Haveli and Daman and Diu,,,NATURE,INDIA_NATURE,,Famous or notable nature destination associated with Dadra and Nagar Haveli and Daman and Diu; included as a draft nature discovery candidate.,,,,,RENOWNED,Wikipedia/Wikimedia Commons search,,,AI_CURATED_NEEDS_VERIFICATION,2026-09-11,DRAFT_FOR_REVIEW
IN-01084,Vanganga Lake Garden,Dadra and Nagar Haveli and Daman and Diu,,,NATURE,INDIA_NATURE,,Famous or notable nature destination associated with Dadra and Nagar Haveli and Daman and Diu; included as a draft nature discovery candidate.,,,,,RENOWNED,Wikipedia/Wikimedia Commons search,,,AI_CURATED_NEEDS_VERIFICATION,2026-09-11,DRAFT_FOR_REVIEW
IN-01085,Satmaliya Deer Sanctuary,Dadra and Nagar Haveli and Daman and Diu,,,NATURE,INDIA_NATURE,,Famous or notable nature destination associated with Dadra and Nagar Haveli and Daman and Diu; included as a draft nature discovery candidate.,,,,,RENOWNED,Wikipedia/Wikimedia Commons search,,,AI_CURATED_NEEDS_VERIFICATION,2026-09-11,DRAFT_FOR_REVIEW
IN-01086,Daman Coast,Dadra and Nagar Haveli and Daman and Diu,,,NATURE,INDIA_NATURE,,Famous or notable nature destination associated with Dadra and Nagar Haveli and Daman and Diu; included as a draft nature discovery candidate.,,,,,RENOWNED,Wikipedia/Wikimedia Commons search,,,AI_CURATED_NEEDS_VERIFICATION,2026-09-11,DRAFT_FOR_REVIEW
IN-01087,Devka Beach,Dadra and Nagar Haveli and Daman and Diu,,,NATURE,INDIA_NATURE,,Famous or notable nature destination associated with Dadra and Nagar Haveli and Daman and Diu; included as a draft nature discovery candidate.,,,,,RENOWNED,Wikipedia/Wikimedia Commons search,,,AI_CURATED_NEEDS_VERIFICATION,2026-09-11,DRAFT_FOR_REVIEW
IN-01088,Jampore Beach,Dadra and Nagar Haveli and Daman and Diu,,,NATURE,INDIA_NATURE,,Famous or notable nature destination associated with Dadra and Nagar Haveli and Daman and Diu; included as a draft nature discovery candidate.,,,,,RENOWNED,Wikipedia/Wikimedia Commons search,,,AI_CURATED_NEEDS_VERIFICATION,2026-09-11,DRAFT_FOR_REVIEW
IN-01089,Khanvel forest landscape,Dadra and Nagar Haveli and Daman and Diu,,,NATURE,INDIA_NATURE,,Famous or notable nature destination associated with Dadra and Nagar Haveli and Daman and Diu; included as a draft nature discovery candidate.,,,,,RENOWNED,Wikipedia/Wikimedia Commons search,,,AI_CURATED_NEEDS_VERIFICATION,2026-09-11,DRAFT_FOR_REVIEW
IN-01090,Asola Bhatti Wildlife Sanctuary,Delhi,,,NATURE,INDIA_NATURE,,Famous or notable nature destination associated with Delhi; included as a draft nature discovery candidate.,,,,,RENOWNED,Wikipedia/Wikimedia Commons search,,,AI_CURATED_NEEDS_VERIFICATION,2026-09-11,DRAFT_FOR_REVIEW
IN-01091,Yamuna floodplain,Delhi,,,NATURE,INDIA_NATURE,,Famous or notable nature destination associated with Delhi; included as a draft nature discovery candidate.,,,,,RENOWNED,Wikipedia/Wikimedia Commons search,,,AI_CURATED_NEEDS_VERIFICATION,2026-09-11,DRAFT_FOR_REVIEW
IN-01092,Sanjay Van,Delhi,,,NATURE,INDIA_NATURE,,Famous or notable nature destination associated with Delhi; included as a draft nature discovery candidate.,,,,,RENOWNED,Wikipedia/Wikimedia Commons search,,,AI_CURATED_NEEDS_VERIFICATION,2026-09-11,DRAFT_FOR_REVIEW
IN-01093,Okhla Bird Sanctuary,Delhi,,,NATURE,INDIA_NATURE,,Famous or notable nature destination associated with Delhi; included as a draft nature discovery candidate.,,,,,RENOWNED,Wikipedia/Wikimedia Commons search,,,AI_CURATED_NEEDS_VERIFICATION,2026-09-11,DRAFT_FOR_REVIEW
IN-01094,Aravalli Biodiversity Park,Delhi,,,NATURE,INDIA_NATURE,,Famous or notable nature destination associated with Delhi; included as a draft nature discovery candidate.,,,,,RENOWNED,Wikipedia/Wikimedia Commons search,,,AI_CURATED_NEEDS_VERIFICATION,2026-09-11,DRAFT_FOR_REVIEW
IN-01095,Yamuna biodiversity park,Delhi,,,NATURE,INDIA_NATURE,,Famous or notable nature destination associated with Delhi; included as a draft nature discovery candidate.,,,,,RENOWNED,Wikipedia/Wikimedia Commons search,,,AI_CURATED_NEEDS_VERIFICATION,2026-09-11,DRAFT_FOR_REVIEW
IN-01096,Paradise Beach,Puducherry,,,NATURE,INDIA_NATURE,,Famous or notable nature destination associated with Puducherry; included as a draft nature discovery candidate.,,,,,RENOWNED,Wikipedia/Wikimedia Commons search,,,AI_CURATED_NEEDS_VERIFICATION,2026-09-11,DRAFT_FOR_REVIEW
IN-01097,Promenade Beach,Puducherry,,,NATURE,INDIA_NATURE,,Famous or notable nature destination associated with Puducherry; included as a draft nature discovery candidate.,,,,,RENOWNED,Wikipedia/Wikimedia Commons search,,,AI_CURATED_NEEDS_VERIFICATION,2026-09-11,DRAFT_FOR_REVIEW
IN-01098,Mahe coast,Puducherry,,,NATURE,INDIA_NATURE,,Famous or notable nature destination associated with Puducherry; included as a draft nature discovery candidate.,,,,,RENOWNED,Wikipedia/Wikimedia Commons search,,,AI_CURATED_NEEDS_VERIFICATION,2026-09-11,DRAFT_FOR_REVIEW
IN-01099,Ousteri Lake,Puducherry,,,NATURE,INDIA_NATURE,,Famous or notable nature destination associated with Puducherry; included as a draft nature discovery candidate.,,,,,RENOWNED,Wikipedia/Wikimedia Commons search,,,AI_CURATED_NEEDS_VERIFICATION,2026-09-11,DRAFT_FOR_REVIEW
IN-01100,Pichavaram mangrove approach,Puducherry,,,NATURE,INDIA_NATURE,,Famous or notable nature destination associated with Puducherry; included as a draft nature discovery candidate.,,,,,RENOWNED,Wikipedia/Wikimedia Commons search,,,AI_CURATED_NEEDS_VERIFICATION,2026-09-11,DRAFT_FOR_REVIEW
IN-01101,Sultanpur National Park,Haryana,,,NATURE,INDIA_NATURE,,Famous or notable nature destination associated with Haryana; included as a draft nature discovery candidate.,,,,,RENOWNED,Wikipedia/Wikimedia Commons search,,,AI_CURATED_NEEDS_VERIFICATION,2026-09-11,DRAFT_FOR_REVIEW
IN-01102,Kalesar National Park,Haryana,,,NATURE,INDIA_NATURE,,Famous or notable nature destination associated with Haryana; included as a draft nature discovery candidate.,,,,,RENOWNED,Wikipedia/Wikimedia Commons search,,,AI_CURATED_NEEDS_VERIFICATION,2026-09-11,DRAFT_FOR_REVIEW
IN-01103,Bhindawas Wildlife Sanctuary,Haryana,,,NATURE,INDIA_NATURE,,Famous or notable nature destination associated with Haryana; included as a draft nature discovery candidate.,,,,,RENOWNED,Wikipedia/Wikimedia Commons search,,,AI_CURATED_NEEDS_VERIFICATION,2026-09-11,DRAFT_FOR_REVIEW
IN-01104,Khaparwas Wildlife Sanctuary,Haryana,,,NATURE,INDIA_NATURE,,Famous or notable nature destination associated with Haryana; included as a draft nature discovery candidate.,,,,,RENOWNED,Wikipedia/Wikimedia Commons search,,,AI_CURATED_NEEDS_VERIFICATION,2026-09-11,DRAFT_FOR_REVIEW
IN-01105,Morni Hills,Haryana,,,NATURE,INDIA_NATURE,,Famous or notable nature destination associated with Haryana; included as a draft nature discovery candidate.,,,,,RENOWNED,Wikipedia/Wikimedia Commons search,,,AI_CURATED_NEEDS_VERIFICATION,2026-09-11,DRAFT_FOR_REVIEW
IN-01106,Tikkar Taal,Haryana,,,NATURE,INDIA_NATURE,,Famous or notable nature destination associated with Haryana; included as a draft nature discovery candidate.,,,,,RENOWNED,Wikipedia/Wikimedia Commons search,,,AI_CURATED_NEEDS_VERIFICATION,2026-09-11,DRAFT_FOR_REVIEW
IN-01107,Damdam Lake,Haryana,,,NATURE,INDIA_NATURE,,Famous or notable nature destination associated with Haryana; included as a draft nature discovery candidate.,,,,,RENOWNED,Wikipedia/Wikimedia Commons search,,,AI_CURATED_NEEDS_VERIFICATION,2026-09-11,DRAFT_FOR_REVIEW
IN-01108,Sohna hills,Haryana,,,NATURE,INDIA_NATURE,,Famous or notable nature destination associated with Haryana; included as a draft nature discovery candidate.,,,,,RENOWNED,Wikipedia/Wikimedia Commons search,,,AI_CURATED_NEEDS_VERIFICATION,2026-09-11,DRAFT_FOR_REVIEW
IN-01109,Aravalli hills Haryana,Haryana,,,NATURE,INDIA_NATURE,,Famous or notable nature destination associated with Haryana; included as a draft nature discovery candidate.,,,,,RENOWNED,Wikipedia/Wikimedia Commons search,,,AI_CURATED_NEEDS_VERIFICATION,2026-09-11,DRAFT_FOR_REVIEW
IN-01110,Dhosi Hill,Haryana,,,NATURE,INDIA_NATURE,,Famous or notable nature destination associated with Haryana; included as a draft nature discovery candidate.,,,,,RENOWNED,Wikipedia/Wikimedia Commons search,,,AI_CURATED_NEEDS_VERIFICATION,2026-09-11,DRAFT_FOR_REVIEW
IN-01111,Western Ghats,Multi-state,,,Mountain landscape,INDIA_NATURE,,Major Indian natural landscape; useful for regional discovery and route planning.,,,,,ICONIC,Wikipedia/Wikimedia Commons search,,,AI_CURATED_NEEDS_VERIFICATION,2026-09-11,DRAFT_FOR_REVIEW
IN-01112,Himalayan Range India,Multi-state,,,Mountain landscape,INDIA_NATURE,,Major Indian natural landscape; useful for regional discovery and route planning.,,,,,ICONIC,Wikipedia/Wikimedia Commons search,,,AI_CURATED_NEEDS_VERIFICATION,2026-09-11,DRAFT_FOR_REVIEW
IN-01113,Eastern Himalaya,Multi-state,,,Mountain landscape,INDIA_NATURE,,Major Indian natural landscape; useful for regional discovery and route planning.,,,,,ICONIC,Wikipedia/Wikimedia Commons search,,,AI_CURATED_NEEDS_VERIFICATION,2026-09-11,DRAFT_FOR_REVIEW
IN-01114,Aravalli Range,Multi-state,,,Mountain landscape,INDIA_NATURE,,Major Indian natural landscape; useful for regional discovery and route planning.,,,,,ICONIC,Wikipedia/Wikimedia Commons search,,,AI_CURATED_NEEDS_VERIFICATION,2026-09-11,DRAFT_FOR_REVIEW
IN-01115,Eastern Ghats,Multi-state,,,Mountain landscape,INDIA_NATURE,,Major Indian natural landscape; useful for regional discovery and route planning.,,,,,ICONIC,Wikipedia/Wikimedia Commons search,,,AI_CURATED_NEEDS_VERIFICATION,2026-09-11,DRAFT_FOR_REVIEW
IN-01116,Deccan Plateau,Multi-state,,,Plateau landscape,INDIA_NATURE,,Major Indian natural landscape; useful for regional discovery and route planning.,,,,,ICONIC,Wikipedia/Wikimedia Commons search,,,AI_CURATED_NEEDS_VERIFICATION,2026-09-11,DRAFT_FOR_REVIEW
IN-01117,Rann of Kutch,Gujarat,,,Salt desert,INDIA_NATURE,,Major Indian natural landscape; useful for regional discovery and route planning.,,,,,ICONIC,Wikipedia/Wikimedia Commons search,,,AI_CURATED_NEEDS_VERIFICATION,2026-09-11,DRAFT_FOR_REVIEW
IN-01118,Sundarbans Delta,West Bengal,,,Mangrove delta,INDIA_NATURE,,Major Indian natural landscape; useful for regional discovery and route planning.,,,,,ICONIC,Wikipedia/Wikimedia Commons search,,,AI_CURATED_NEEDS_VERIFICATION,2026-09-11,DRAFT_FOR_REVIEW
IN-01119,Ganges Delta,West Bengal/Bihar/Uttar Pradesh,,,River delta,INDIA_NATURE,,Major Indian natural landscape; useful for regional discovery and route planning.,,,,,ICONIC,Wikipedia/Wikimedia Commons search,,,AI_CURATED_NEEDS_VERIFICATION,2026-09-11,DRAFT_FOR_REVIEW
IN-01120,Brahmaputra Valley,Assam,,,River valley,INDIA_NATURE,,Major Indian natural landscape; useful for regional discovery and route planning.,,,,,ICONIC,Wikipedia/Wikimedia Commons search,,,AI_CURATED_NEEDS_VERIFICATION,2026-09-11,DRAFT_FOR_REVIEW
IN-01121,Narmada Valley,Madhya Pradesh/Gujarat,,,River valley,INDIA_NATURE,,Major Indian natural landscape; useful for regional discovery and route planning.,,,,,ICONIC,Wikipedia/Wikimedia Commons search,,,AI_CURATED_NEEDS_VERIFICATION,2026-09-11,DRAFT_FOR_REVIEW
IN-01122,Godavari Valley,Maharashtra/Telangana/Andhra Pradesh,,,River valley,INDIA_NATURE,,Major Indian natural landscape; useful for regional discovery and route planning.,,,,,ICONIC,Wikipedia/Wikimedia Commons search,,,AI_CURATED_NEEDS_VERIFICATION,2026-09-11,DRAFT_FOR_REVIEW
IN-01123,Krishna Valley,Maharashtra/Karnataka/Telangana/Andhra Pradesh,,,River valley,INDIA_NATURE,,Major Indian natural landscape; useful for regional discovery and route planning.,,,,,ICONIC,Wikipedia/Wikimedia Commons search,,,AI_CURATED_NEEDS_VERIFICATION,2026-09-11,DRAFT_FOR_REVIEW
IN-01124,Konkan Coast,Maharashtra/Goa/Karnataka,,,Coast,INDIA_NATURE,,Major Indian natural landscape; useful for regional discovery and route planning.,,,,,ICONIC,Wikipedia/Wikimedia Commons search,,,AI_CURATED_NEEDS_VERIFICATION,2026-09-11,DRAFT_FOR_REVIEW
IN-01125,Malabar Coast,Kerala/Karnataka,,,Coast,INDIA_NATURE,,Major Indian natural landscape; useful for regional discovery and route planning.,,,,,ICONIC,Wikipedia/Wikimedia Commons search,,,AI_CURATED_NEEDS_VERIFICATION,2026-09-11,DRAFT_FOR_REVIEW
IN-01126,Coromandel Coast,Tamil Nadu/Andhra Pradesh,,,Coast,INDIA_NATURE,,Major Indian natural landscape; useful for regional discovery and route planning.,,,,,ICONIC,Wikipedia/Wikimedia Commons search,,,AI_CURATED_NEEDS_VERIFICATION,2026-09-11,DRAFT_FOR_REVIEW
IN-01127,Andaman Sea islands,Andaman and Nicobar Islands,,,Marine landscape,INDIA_NATURE,,Major Indian natural landscape; useful for regional discovery and route planning.,,,,,ICONIC,Wikipedia/Wikimedia Commons search,,,AI_CURATED_NEEDS_VERIFICATION,2026-09-11,DRAFT_FOR_REVIEW
IN-01128,Arabian Sea coast India,Multiple states,,,Coast,INDIA_NATURE,,Major Indian natural landscape; useful for regional discovery and route planning.,,,,,ICONIC,Wikipedia/Wikimedia Commons search,,,AI_CURATED_NEEDS_VERIFICATION,2026-09-11,DRAFT_FOR_REVIEW
IN-01129,Bay of Bengal coast India,Multiple states,,,Coast,INDIA_NATURE,,Major Indian natural landscape; useful for regional discovery and route planning.,,,,,ICONIC,Wikipedia/Wikimedia Commons search,,,AI_CURATED_NEEDS_VERIFICATION,2026-09-11,DRAFT_FOR_REVIEW
IN-01130,Pune Nature & Scenic Region,Maharashtra,Pune,,NATURE_REGION,INDIA_NATURE,,Regional nature/scenic discovery hub. Exact attraction matching is resolved separately; this row is a draft regional candidate.,,,,,CANDIDATE,AI-curated regional discovery candidate; verify against authoritative local source,,,AI_CURATED_REGION_CANDIDATE,2026-09-11,DRAFT_FOR_REVIEW
IN-01131,Pune Nature & Scenic Region,Maharashtra,Pune,,NATURE_REGION,INDIA_NATURE,,Regional nature/scenic discovery hub. Exact attraction matching is resolved separately; this row is a draft regional candidate.,,,,,CANDIDATE,AI-curated regional discovery candidate; verify against authoritative local source,,,AI_CURATED_REGION_CANDIDATE,2026-09-11,DRAFT_FOR_REVIEW
IN-01132,Nashik Nature & Scenic Region,Maharashtra,Nashik,,NATURE_REGION,INDIA_NATURE,,Regional nature/scenic discovery hub. Exact attraction matching is resolved separately; this row is a draft regional candidate.,,,,,CANDIDATE,AI-curated regional discovery candidate; verify against authoritative local source,,,AI_CURATED_REGION_CANDIDATE,2026-09-11,DRAFT_FOR_REVIEW
IN-01133,Nashik Nature & Scenic Region,Maharashtra,Nashik,,NATURE_REGION,INDIA_NATURE,,Regional nature/scenic discovery hub. Exact attraction matching is resolved separately; this row is a draft regional candidate.,,,,,CANDIDATE,AI-curated regional discovery candidate; verify against authoritative local source,,,AI_CURATED_REGION_CANDIDATE,2026-09-11,DRAFT_FOR_REVIEW
IN-01134,Satara Nature & Scenic Region,Maharashtra,Satara,,NATURE_REGION,INDIA_NATURE,,Regional nature/scenic discovery hub. Exact attraction matching is resolved separately; this row is a draft regional candidate.,,,,,CANDIDATE,AI-curated regional discovery candidate; verify against authoritative local source,,,AI_CURATED_REGION_CANDIDATE,2026-09-11,DRAFT_FOR_REVIEW
IN-01135,Satara Nature & Scenic Region,Maharashtra,Satara,,NATURE_REGION,INDIA_NATURE,,Regional nature/scenic discovery hub. Exact attraction matching is resolved separately; this row is a draft regional candidate.,,,,,CANDIDATE,AI-curated regional discovery candidate; verify against authoritative local source,,,AI_CURATED_REGION_CANDIDATE,2026-09-11,DRAFT_FOR_REVIEW
IN-01136,Raigad Nature & Scenic Region,Maharashtra,Raigad,,NATURE_REGION,INDIA_NATURE,,Regional nature/scenic discovery hub. Exact attraction matching is resolved separately; this row is a draft regional candidate.,,,,,CANDIDATE,AI-curated regional discovery candidate; verify against authoritative local source,,,AI_CURATED_REGION_CANDIDATE,2026-09-11,DRAFT_FOR_REVIEW
IN-01137,Raigad Nature & Scenic Region,Maharashtra,Raigad,,NATURE_REGION,INDIA_NATURE,,Regional nature/scenic discovery hub. Exact attraction matching is resolved separately; this row is a draft regional candidate.,,,,,CANDIDATE,AI-curated regional discovery candidate; verify against authoritative local source,,,AI_CURATED_REGION_CANDIDATE,2026-09-11,DRAFT_FOR_REVIEW
IN-01138,Ratnagiri Nature & Scenic Region,Maharashtra,Ratnagiri,,NATURE_REGION,INDIA_NATURE,,Regional nature/scenic discovery hub. Exact attraction matching is resolved separately; this row is a draft regional candidate.,,,,,CANDIDATE,AI-curated regional discovery candidate; verify against authoritative local source,,,AI_CURATED_REGION_CANDIDATE,2026-09-11,DRAFT_FOR_REVIEW
IN-01139,Ratnagiri Nature & Scenic Region,Maharashtra,Ratnagiri,,NATURE_REGION,INDIA_NATURE,,Regional nature/scenic discovery hub. Exact attraction matching is resolved separately; this row is a draft regional candidate.,,,,,CANDIDATE,AI-curated regional discovery candidate; verify against authoritative local source,,,AI_CURATED_REGION_CANDIDATE,2026-09-11,DRAFT_FOR_REVIEW
IN-01140,Sindhudurg Nature & Scenic Region,Maharashtra,Sindhudurg,,NATURE_REGION,INDIA_NATURE,,Regional nature/scenic discovery hub. Exact attraction matching is resolved separately; this row is a draft regional candidate.,,,,,CANDIDATE,AI-curated regional discovery candidate; verify against authoritative local source,,,AI_CURATED_REGION_CANDIDATE,2026-09-11,DRAFT_FOR_REVIEW
IN-01141,Sindhudurg Nature & Scenic Region,Maharashtra,Sindhudurg,,NATURE_REGION,INDIA_NATURE,,Regional nature/scenic discovery hub. Exact attraction matching is resolved separately; this row is a draft regional candidate.,,,,,CANDIDATE,AI-curated regional discovery candidate; verify against authoritative local source,,,AI_CURATED_REGION_CANDIDATE,2026-09-11,DRAFT_FOR_REVIEW
IN-01142,Kolhapur Nature & Scenic Region,Maharashtra,Kolhapur,,NATURE_REGION,INDIA_NATURE,,Regional nature/scenic discovery hub. Exact attraction matching is resolved separately; this row is a draft regional candidate.,,,,,CANDIDATE,AI-curated regional discovery candidate; verify against authoritative local source,,,AI_CURATED_REGION_CANDIDATE,2026-09-11,DRAFT_FOR_REVIEW
IN-01143,Kolhapur Nature & Scenic Region,Maharashtra,Kolhapur,,NATURE_REGION,INDIA_NATURE,,Regional nature/scenic discovery hub. Exact attraction matching is resolved separately; this row is a draft regional candidate.,,,,,CANDIDATE,AI-curated regional discovery candidate; verify against authoritative local source,,,AI_CURATED_REGION_CANDIDATE,2026-09-11,DRAFT_FOR_REVIEW
IN-01144,Palghar Nature & Scenic Region,Maharashtra,Palghar,,NATURE_REGION,INDIA_NATURE,,Regional nature/scenic discovery hub. Exact attraction matching is resolved separately; this row is a draft regional candidate.,,,,,CANDIDATE,AI-curated regional discovery candidate; verify against authoritative local source,,,AI_CURATED_REGION_CANDIDATE,2026-09-11,DRAFT_FOR_REVIEW
IN-01145,Palghar Nature & Scenic Region,Maharashtra,Palghar,,NATURE_REGION,INDIA_NATURE,,Regional nature/scenic discovery hub. Exact attraction matching is resolved separately; this row is a draft regional candidate.,,,,,CANDIDATE,AI-curated regional discovery candidate; verify against authoritative local source,,,AI_CURATED_REGION_CANDIDATE,2026-09-11,DRAFT_FOR_REVIEW
IN-01146,Thane Nature & Scenic Region,Maharashtra,Thane,,NATURE_REGION,INDIA_NATURE,,Regional nature/scenic discovery hub. Exact attraction matching is resolved separately; this row is a draft regional candidate.,,,,,CANDIDATE,AI-curated regional discovery candidate; verify against authoritative local source,,,AI_CURATED_REGION_CANDIDATE,2026-09-11,DRAFT_FOR_REVIEW
IN-01147,Thane Nature & Scenic Region,Maharashtra,Thane,,NATURE_REGION,INDIA_NATURE,,Regional nature/scenic discovery hub. Exact attraction matching is resolved separately; this row is a draft regional candidate.,,,,,CANDIDATE,AI-curated regional discovery candidate; verify against authoritative local source,,,AI_CURATED_REGION_CANDIDATE,2026-09-11,DRAFT_FOR_REVIEW
IN-01148,Ahmednagar Nature & Scenic Region,Maharashtra,Ahmednagar,,NATURE_REGION,INDIA_NATURE,,Regional nature/scenic discovery hub. Exact attraction matching is resolved separately; this row is a draft regional candidate.,,,,,CANDIDATE,AI-curated regional discovery candidate; verify against authoritative local source,,,AI_CURATED_REGION_CANDIDATE,2026-09-11,DRAFT_FOR_REVIEW
IN-01149,Ahmednagar Nature & Scenic Region,Maharashtra,Ahmednagar,,NATURE_REGION,INDIA_NATURE,,Regional nature/scenic discovery hub. Exact attraction matching is resolved separately; this row is a draft regional candidate.,,,,,CANDIDATE,AI-curated regional discovery candidate; verify against authoritative local source,,,AI_CURATED_REGION_CANDIDATE,2026-09-11,DRAFT_FOR_REVIEW
IN-01150,Dhule Nature & Scenic Region,Maharashtra,Dhule,,NATURE_REGION,INDIA_NATURE,,Regional nature/scenic discovery hub. Exact attraction matching is resolved separately; this row is a draft regional candidate.,,,,,CANDIDATE,AI-curated regional discovery candidate; verify against authoritative local source,,,AI_CURATED_REGION_CANDIDATE,2026-09-11,DRAFT_FOR_REVIEW
IN-01151,Dhule Nature & Scenic Region,Maharashtra,Dhule,,NATURE_REGION,INDIA_NATURE,,Regional nature/scenic discovery hub. Exact attraction matching is resolved separately; this row is a draft regional candidate.,,,,,CANDIDATE,AI-curated regional discovery candidate; verify against authoritative local source,,,AI_CURATED_REGION_CANDIDATE,2026-09-11,DRAFT_FOR_REVIEW
IN-01152,Nandurbar Nature & Scenic Region,Maharashtra,Nandurbar,,NATURE_REGION,INDIA_NATURE,,Regional nature/scenic discovery hub. Exact attraction matching is resolved separately; this row is a draft regional candidate.,,,,,CANDIDATE,AI-curated regional discovery candidate; verify against authoritative local source,,,AI_CURATED_REGION_CANDIDATE,2026-09-11,DRAFT_FOR_REVIEW
IN-01153,Nandurbar Nature & Scenic Region,Maharashtra,Nandurbar,,NATURE_REGION,INDIA_NATURE,,Regional nature/scenic discovery hub. Exact attraction matching is resolved separately; this row is a draft regional candidate.,,,,,CANDIDATE,AI-curated regional discovery candidate; verify against authoritative local source,,,AI_CURATED_REGION_CANDIDATE,2026-09-11,DRAFT_FOR_REVIEW
IN-01154,Nanded Nature & Scenic Region,Maharashtra,Nanded,,NATURE_REGION,INDIA_NATURE,,Regional nature/scenic discovery hub. Exact attraction matching is resolved separately; this row is a draft regional candidate.,,,,,CANDIDATE,AI-curated regional discovery candidate; verify against authoritative local source,,,AI_CURATED_REGION_CANDIDATE,2026-09-11,DRAFT_FOR_REVIEW
IN-01155,Nanded Nature & Scenic Region,Maharashtra,Nanded,,NATURE_REGION,INDIA_NATURE,,Regional nature/scenic discovery hub. Exact attraction matching is resolved separately; this row is a draft regional candidate.,,,,,CANDIDATE,AI-curated regional discovery candidate; verify against authoritative local source,,,AI_CURATED_REGION_CANDIDATE,2026-09-11,DRAFT_FOR_REVIEW
IN-01156,Latur Nature & Scenic Region,Maharashtra,Latur,,NATURE_REGION,INDIA_NATURE,,Regional nature/scenic discovery hub. Exact attraction matching is resolved separately; this row is a draft regional candidate.,,,,,CANDIDATE,AI-curated regional discovery candidate; verify against authoritative local source,,,AI_CURATED_REGION_CANDIDATE,2026-09-11,DRAFT_FOR_REVIEW
IN-01157,Latur Nature & Scenic Region,Maharashtra,Latur,,NATURE_REGION,INDIA_NATURE,,Regional nature/scenic discovery hub. Exact attraction matching is resolved separately; this row is a draft regional candidate.,,,,,CANDIDATE,AI-curated regional discovery candidate; verify against authoritative local source,,,AI_CURATED_REGION_CANDIDATE,2026-09-11,DRAFT_FOR_REVIEW
IN-01158,Aurangabad Nature & Scenic Region,Maharashtra,Aurangabad,,NATURE_REGION,INDIA_NATURE,,Regional nature/scenic discovery hub. Exact attraction matching is resolved separately; this row is a draft regional candidate.,,,,,CANDIDATE,AI-curated regional discovery candidate; verify against authoritative local source,,,AI_CURATED_REGION_CANDIDATE,2026-09-11,DRAFT_FOR_REVIEW
IN-01159,Aurangabad Nature & Scenic Region,Maharashtra,Aurangabad,,NATURE_REGION,INDIA_NATURE,,Regional nature/scenic discovery hub. Exact attraction matching is resolved separately; this row is a draft regional candidate.,,,,,CANDIDATE,AI-curated regional discovery candidate; verify against authoritative local source,,,AI_CURATED_REGION_CANDIDATE,2026-09-11,DRAFT_FOR_REVIEW
IN-01160,Jalna Nature & Scenic Region,Maharashtra,Jalna,,NATURE_REGION,INDIA_NATURE,,Regional nature/scenic discovery hub. Exact attraction matching is resolved separately; this row is a draft regional candidate.,,,,,CANDIDATE,AI-curated regional discovery candidate; verify against authoritative local source,,,AI_CURATED_REGION_CANDIDATE,2026-09-11,DRAFT_FOR_REVIEW
IN-01161,Jalna Nature & Scenic Region,Maharashtra,Jalna,,NATURE_REGION,INDIA_NATURE,,Regional nature/scenic discovery hub. Exact attraction matching is resolved separately; this row is a draft regional candidate.,,,,,CANDIDATE,AI-curated regional discovery candidate; verify against authoritative local source,,,AI_CURATED_REGION_CANDIDATE,2026-09-11,DRAFT_FOR_REVIEW
IN-01162,Buldhana Nature & Scenic Region,Maharashtra,Buldhana,,NATURE_REGION,INDIA_NATURE,,Regional nature/scenic discovery hub. Exact attraction matching is resolved separately; this row is a draft regional candidate.,,,,,CANDIDATE,AI-curated regional discovery candidate; verify against authoritative local source,,,AI_CURATED_REGION_CANDIDATE,2026-09-11,DRAFT_FOR_REVIEW
IN-01163,Buldhana Nature & Scenic Region,Maharashtra,Buldhana,,NATURE_REGION,INDIA_NATURE,,Regional nature/scenic discovery hub. Exact attraction matching is resolved separately; this row is a draft regional candidate.,,,,,CANDIDATE,AI-curated regional discovery candidate; verify against authoritative local source,,,AI_CURATED_REGION_CANDIDATE,2026-09-11,DRAFT_FOR_REVIEW
IN-01164,Akola Nature & Scenic Region,Maharashtra,Akola,,NATURE_REGION,INDIA_NATURE,,Regional nature/scenic discovery hub. Exact attraction matching is resolved separately; this row is a draft regional candidate.,,,,,CANDIDATE,AI-curated regional discovery candidate; verify against authoritative local source,,,AI_CURATED_REGION_CANDIDATE,2026-09-11,DRAFT_FOR_REVIEW
IN-01165,Akola Nature & Scenic Region,Maharashtra,Akola,,NATURE_REGION,INDIA_NATURE,,Regional nature/scenic discovery hub. Exact attraction matching is resolved separately; this row is a draft regional candidate.,,,,,CANDIDATE,AI-curated regional discovery candidate; verify against authoritative local source,,,AI_CURATED_REGION_CANDIDATE,2026-09-11,DRAFT_FOR_REVIEW
IN-01166,Amravati Nature & Scenic Region,Maharashtra,Amravati,,NATURE_REGION,INDIA_NATURE,,Regional nature/scenic discovery hub. Exact attraction matching is resolved separately; this row is a draft regional candidate.,,,,,CANDIDATE,AI-curated regional discovery candidate; verify against authoritative local source,,,AI_CURATED_REGION_CANDIDATE,2026-09-11,DRAFT_FOR_REVIEW
IN-01167,Amravati Nature & Scenic Region,Maharashtra,Amravati,,NATURE_REGION,INDIA_NATURE,,Regional nature/scenic discovery hub. Exact attraction matching is resolved separately; this row is a draft regional candidate.,,,,,CANDIDATE,AI-curated regional discovery candidate; verify against authoritative local source,,,AI_CURATED_REGION_CANDIDATE,2026-09-11,DRAFT_FOR_REVIEW
IN-01168,Yavatmal Nature & Scenic Region,Maharashtra,Yavatmal,,NATURE_REGION,INDIA_NATURE,,Regional nature/scenic discovery hub. Exact attraction matching is resolved separately; this row is a draft regional candidate.,,,,,CANDIDATE,AI-curated regional discovery candidate; verify against authoritative local source,,,AI_CURATED_REGION_CANDIDATE,2026-09-11,DRAFT_FOR_REVIEW
IN-01169,Yavatmal Nature & Scenic Region,Maharashtra,Yavatmal,,NATURE_REGION,INDIA_NATURE,,Regional nature/scenic discovery hub. Exact attraction matching is resolved separately; this row is a draft regional candidate.,,,,,CANDIDATE,AI-curated regional discovery candidate; verify against authoritative local source,,,AI_CURATED_REGION_CANDIDATE,2026-09-11,DRAFT_FOR_REVIEW
IN-01170,Nagpur Nature & Scenic Region,Maharashtra,Nagpur,,NATURE_REGION,INDIA_NATURE,,Regional nature/scenic discovery hub. Exact attraction matching is resolved separately; this row is a draft regional candidate.,,,,,CANDIDATE,AI-curated regional discovery candidate; verify against authoritative local source,,,AI_CURATED_REGION_CANDIDATE,2026-09-11,DRAFT_FOR_REVIEW
IN-01171,Nagpur Nature & Scenic Region,Maharashtra,Nagpur,,NATURE_REGION,INDIA_NATURE,,Regional nature/scenic discovery hub. Exact attraction matching is resolved separately; this row is a draft regional candidate.,,,,,CANDIDATE,AI-curated regional discovery candidate; verify against authoritative local source,,,AI_CURATED_REGION_CANDIDATE,2026-09-11,DRAFT_FOR_REVIEW
IN-01172,Wardha Nature & Scenic Region,Maharashtra,Wardha,,NATURE_REGION,INDIA_NATURE,,Regional nature/scenic discovery hub. Exact attraction matching is resolved separately; this row is a draft regional candidate.,,,,,CANDIDATE,AI-curated regional discovery candidate; verify against authoritative local source,,,AI_CURATED_REGION_CANDIDATE,2026-09-11,DRAFT_FOR_REVIEW
IN-01173,Wardha Nature & Scenic Region,Maharashtra,Wardha,,NATURE_REGION,INDIA_NATURE,,Regional nature/scenic discovery hub. Exact attraction matching is resolved separately; this row is a draft regional candidate.,,,,,CANDIDATE,AI-curated regional discovery candidate; verify against authoritative local source,,,AI_CURATED_REGION_CANDIDATE,2026-09-11,DRAFT_FOR_REVIEW
IN-01174,Bhandara Nature & Scenic Region,Maharashtra,Bhandara,,NATURE_REGION,INDIA_NATURE,,Regional nature/scenic discovery hub. Exact attraction matching is resolved separately; this row is a draft regional candidate.,,,,,CANDIDATE,AI-curated regional discovery candidate; verify against authoritative local source,,,AI_CURATED_REGION_CANDIDATE,2026-09-11,DRAFT_FOR_REVIEW
IN-01175,Bhandara Nature & Scenic Region,Maharashtra,Bhandara,,NATURE_REGION,INDIA_NATURE,,Regional nature/scenic discovery hub. Exact attraction matching is resolved separately; this row is a draft regional candidate.,,,,,CANDIDATE,AI-curated regional discovery candidate; verify against authoritative local source,,,AI_CURATED_REGION_CANDIDATE,2026-09-11,DRAFT_FOR_REVIEW
IN-01176,Gondia Nature & Scenic Region,Maharashtra,Gondia,,NATURE_REGION,INDIA_NATURE,,Regional nature/scenic discovery hub. Exact attraction matching is resolved separately; this row is a draft regional candidate.,,,,,CANDIDATE,AI-curated regional discovery candidate; verify against authoritative local source,,,AI_CURATED_REGION_CANDIDATE,2026-09-11,DRAFT_FOR_REVIEW
IN-01177,Gondia Nature & Scenic Region,Maharashtra,Gondia,,NATURE_REGION,INDIA_NATURE,,Regional nature/scenic discovery hub. Exact attraction matching is resolved separately; this row is a draft regional candidate.,,,,,CANDIDATE,AI-curated regional discovery candidate; verify against authoritative local source,,,AI_CURATED_REGION_CANDIDATE,2026-09-11,DRAFT_FOR_REVIEW
IN-01178,Chandrapur Nature & Scenic Region,Maharashtra,Chandrapur,,NATURE_REGION,INDIA_NATURE,,Regional nature/scenic discovery hub. Exact attraction matching is resolved separately; this row is a draft regional candidate.,,,,,CANDIDATE,AI-curated regional discovery candidate; verify against authoritative local source,,,AI_CURATED_REGION_CANDIDATE,2026-09-11,DRAFT_FOR_REVIEW
IN-01179,Chandrapur Nature & Scenic Region,Maharashtra,Chandrapur,,NATURE_REGION,INDIA_NATURE,,Regional nature/scenic discovery hub. Exact attraction matching is resolved separately; this row is a draft regional candidate.,,,,,CANDIDATE,AI-curated regional discovery candidate; verify against authoritative local source,,,AI_CURATED_REGION_CANDIDATE,2026-09-11,DRAFT_FOR_REVIEW
IN-01180,Gadchiroli Nature & Scenic Region,Maharashtra,Gadchiroli,,NATURE_REGION,INDIA_NATURE,,Regional nature/scenic discovery hub. Exact attraction matching is resolved separately; this row is a draft regional candidate.,,,,,CANDIDATE,AI-curated regional discovery candidate; verify against authoritative local source,,,AI_CURATED_REGION_CANDIDATE,2026-09-11,DRAFT_FOR_REVIEW
IN-01181,Gadchiroli Nature & Scenic Region,Maharashtra,Gadchiroli,,NATURE_REGION,INDIA_NATURE,,Regional nature/scenic discovery hub. Exact attraction matching is resolved separately; this row is a draft regional candidate.,,,,,CANDIDATE,AI-curated regional discovery candidate; verify against authoritative local source,,,AI_CURATED_REGION_CANDIDATE,2026-09-11,DRAFT_FOR_REVIEW
IN-01182,Kodagu Nature & Scenic Region,Karnataka,Kodagu,,NATURE_REGION,INDIA_NATURE,,Regional nature/scenic discovery hub. Exact attraction matching is resolved separately; this row is a draft regional candidate.,,,,,CANDIDATE,AI-curated regional discovery candidate; verify against authoritative local source,,,AI_CURATED_REGION_CANDIDATE,2026-09-11,DRAFT_FOR_REVIEW
IN-01183,Kodagu Nature & Scenic Region,Karnataka,Kodagu,,NATURE_REGION,INDIA_NATURE,,Regional nature/scenic discovery hub. Exact attraction matching is resolved separately; this row is a draft regional candidate.,,,,,CANDIDATE,AI-curated regional discovery candidate; verify against authoritative local source,,,AI_CURATED_REGION_CANDIDATE,2026-09-11,DRAFT_FOR_REVIEW
IN-01184,Udupi Nature & Scenic Region,Karnataka,Udupi,,NATURE_REGION,INDIA_NATURE,,Regional nature/scenic discovery hub. Exact attraction matching is resolved separately; this row is a draft regional candidate.,,,,,CANDIDATE,AI-curated regional discovery candidate; verify against authoritative local source,,,AI_CURATED_REGION_CANDIDATE,2026-09-11,DRAFT_FOR_REVIEW
IN-01185,Udupi Nature & Scenic Region,Karnataka,Udupi,,NATURE_REGION,INDIA_NATURE,,Regional nature/scenic discovery hub. Exact attraction matching is resolved separately; this row is a draft regional candidate.,,,,,CANDIDATE,AI-curated regional discovery candidate; verify against authoritative local source,,,AI_CURATED_REGION_CANDIDATE,2026-09-11,DRAFT_FOR_REVIEW
IN-01186,Dakshina Kannada Nature & Scenic Region,Karnataka,Dakshina Kannada,,NATURE_REGION,INDIA_NATURE,,Regional nature/scenic discovery hub. Exact attraction matching is resolved separately; this row is a draft regional candidate.,,,,,CANDIDATE,AI-curated regional discovery candidate; verify against authoritative local source,,,AI_CURATED_REGION_CANDIDATE,2026-09-11,DRAFT_FOR_REVIEW
IN-01187,Dakshina Kannada Nature & Scenic Region,Karnataka,Dakshina Kannada,,NATURE_REGION,INDIA_NATURE,,Regional nature/scenic discovery hub. Exact attraction matching is resolved separately; this row is a draft regional candidate.,,,,,CANDIDATE,AI-curated regional discovery candidate; verify against authoritative local source,,,AI_CURATED_REGION_CANDIDATE,2026-09-11,DRAFT_FOR_REVIEW
IN-01188,Uttara Kannada Nature & Scenic Region,Karnataka,Uttara Kannada,,NATURE_REGION,INDIA_NATURE,,Regional nature/scenic discovery hub. Exact attraction matching is resolved separately; this row is a draft regional candidate.,,,,,CANDIDATE,AI-curated regional discovery candidate; verify against authoritative local source,,,AI_CURATED_REGION_CANDIDATE,2026-09-11,DRAFT_FOR_REVIEW
IN-01189,Uttara Kannada Nature & Scenic Region,Karnataka,Uttara Kannada,,NATURE_REGION,INDIA_NATURE,,Regional nature/scenic discovery hub. Exact attraction matching is resolved separately; this row is a draft regional candidate.,,,,,CANDIDATE,AI-curated regional discovery candidate; verify against authoritative local source,,,AI_CURATED_REGION_CANDIDATE,2026-09-11,DRAFT_FOR_REVIEW
IN-01190,Shivamogga Nature & Scenic Region,Karnataka,Shivamogga,,NATURE_REGION,INDIA_NATURE,,Regional nature/scenic discovery hub. Exact attraction matching is resolved separately; this row is a draft regional candidate.,,,,,CANDIDATE,AI-curated regional discovery candidate; verify against authoritative local source,,,AI_CURATED_REGION_CANDIDATE,2026-09-11,DRAFT_FOR_REVIEW
IN-01191,Shivamogga Nature & Scenic Region,Karnataka,Shivamogga,,NATURE_REGION,INDIA_NATURE,,Regional nature/scenic discovery hub. Exact attraction matching is resolved separately; this row is a draft regional candidate.,,,,,CANDIDATE,AI-curated regional discovery candidate; verify against authoritative local source,,,AI_CURATED_REGION_CANDIDATE,2026-09-11,DRAFT_FOR_REVIEW
IN-01192,Chikkamagaluru Nature & Scenic Region,Karnataka,Chikkamagaluru,,NATURE_REGION,INDIA_NATURE,,Regional nature/scenic discovery hub. Exact attraction matching is resolved separately; this row is a draft regional candidate.,,,,,CANDIDATE,AI-curated regional discovery candidate; verify against authoritative local source,,,AI_CURATED_REGION_CANDIDATE,2026-09-11,DRAFT_FOR_REVIEW
IN-01193,Chikkamagaluru Nature & Scenic Region,Karnataka,Chikkamagaluru,,NATURE_REGION,INDIA_NATURE,,Regional nature/scenic discovery hub. Exact attraction matching is resolved separately; this row is a draft regional candidate.,,,,,CANDIDATE,AI-curated regional discovery candidate; verify against authoritative local source,,,AI_CURATED_REGION_CANDIDATE,2026-09-11,DRAFT_FOR_REVIEW
IN-01194,Hassan Nature & Scenic Region,Karnataka,Hassan,,NATURE_REGION,INDIA_NATURE,,Regional nature/scenic discovery hub. Exact attraction matching is resolved separately; this row is a draft regional candidate.,,,,,CANDIDATE,AI-curated regional discovery candidate; verify against authoritative local source,,,AI_CURATED_REGION_CANDIDATE,2026-09-11,DRAFT_FOR_REVIEW
IN-01195,Hassan Nature & Scenic Region,Karnataka,Hassan,,NATURE_REGION,INDIA_NATURE,,Regional nature/scenic discovery hub. Exact attraction matching is resolved separately; this row is a draft regional candidate.,,,,,CANDIDATE,AI-curated regional discovery candidate; verify against authoritative local source,,,AI_CURATED_REGION_CANDIDATE,2026-09-11,DRAFT_FOR_REVIEW
IN-01196,Chamarajanagar Nature & Scenic Region,Karnataka,Chamarajanagar,,NATURE_REGION,INDIA_NATURE,,Regional nature/scenic discovery hub. Exact attraction matching is resolved separately; this row is a draft regional candidate.,,,,,CANDIDATE,AI-curated regional discovery candidate; verify against authoritative local source,,,AI_CURATED_REGION_CANDIDATE,2026-09-11,DRAFT_FOR_REVIEW
IN-01197,Chamarajanagar Nature & Scenic Region,Karnataka,Chamarajanagar,,NATURE_REGION,INDIA_NATURE,,Regional nature/scenic discovery hub. Exact attraction matching is resolved separately; this row is a draft regional candidate.,,,,,CANDIDATE,AI-curated regional discovery candidate; verify against authoritative local source,,,AI_CURATED_REGION_CANDIDATE,2026-09-11,DRAFT_FOR_REVIEW
IN-01198,Mysuru Nature & Scenic Region,Karnataka,Mysuru,,NATURE_REGION,INDIA_NATURE,,Regional nature/scenic discovery hub. Exact attraction matching is resolved separately; this row is a draft regional candidate.,,,,,CANDIDATE,AI-curated regional discovery candidate; verify against authoritative local source,,,AI_CURATED_REGION_CANDIDATE,2026-09-11,DRAFT_FOR_REVIEW
IN-01199,Mysuru Nature & Scenic Region,Karnataka,Mysuru,,NATURE_REGION,INDIA_NATURE,,Regional nature/scenic discovery hub. Exact attraction matching is resolved separately; this row is a draft regional candidate.,,,,,CANDIDATE,AI-curated regional discovery candidate; verify against authoritative local source,,,AI_CURATED_REGION_CANDIDATE,2026-09-11,DRAFT_FOR_REVIEW
IN-01200,Belagavi Nature & Scenic Region,Karnataka,Belagavi,,NATURE_REGION,INDIA_NATURE,,Regional nature/scenic discovery hub. Exact attraction matching is resolved separately; this row is a draft regional candidate.,,,,,CANDIDATE,AI-curated regional discovery candidate; verify against authoritative local source,,,AI_CURATED_REGION_CANDIDATE,2026-09-11,DRAFT_FOR_REVIEW
IN-01201,Belagavi Nature & Scenic Region,Karnataka,Belagavi,,NATURE_REGION,INDIA_NATURE,,Regional nature/scenic discovery hub. Exact attraction matching is resolved separately; this row is a draft regional candidate.,,,,,CANDIDATE,AI-curated regional discovery candidate; verify against authoritative local source,,,AI_CURATED_REGION_CANDIDATE,2026-09-11,DRAFT_FOR_REVIEW
IN-01202,Vijayapura Nature & Scenic Region,Karnataka,Vijayapura,,NATURE_REGION,INDIA_NATURE,,Regional nature/scenic discovery hub. Exact attraction matching is resolved separately; this row is a draft regional candidate.,,,,,CANDIDATE,AI-curated regional discovery candidate; verify against authoritative local source,,,AI_CURATED_REGION_CANDIDATE,2026-09-11,DRAFT_FOR_REVIEW
IN-01203,Vijayapura Nature & Scenic Region,Karnataka,Vijayapura,,NATURE_REGION,INDIA_NATURE,,Regional nature/scenic discovery hub. Exact attraction matching is resolved separately; this row is a draft regional candidate.,,,,,CANDIDATE,AI-curated regional discovery candidate; verify against authoritative local source,,,AI_CURATED_REGION_CANDIDATE,2026-09-11,DRAFT_FOR_REVIEW
IN-01204,Bagalkot Nature & Scenic Region,Karnataka,Bagalkot,,NATURE_REGION,INDIA_NATURE,,Regional nature/scenic discovery hub. Exact attraction matching is resolved separately; this row is a draft regional candidate.,,,,,CANDIDATE,AI-curated regional discovery candidate; verify against authoritative local source,,,AI_CURATED_REGION_CANDIDATE,2026-09-11,DRAFT_FOR_REVIEW
IN-01205,Bagalkot Nature & Scenic Region,Karnataka,Bagalkot,,NATURE_REGION,INDIA_NATURE,,Regional nature/scenic discovery hub. Exact attraction matching is resolved separately; this row is a draft regional candidate.,,,,,CANDIDATE,AI-curated regional discovery candidate; verify against authoritative local source,,,AI_CURATED_REGION_CANDIDATE,2026-09-11,DRAFT_FOR_REVIEW
IN-01206,Kalaburagi Nature & Scenic Region,Karnataka,Kalaburagi,,NATURE_REGION,INDIA_NATURE,,Regional nature/scenic discovery hub. Exact attraction matching is resolved separately; this row is a draft regional candidate.,,,,,CANDIDATE,AI-curated regional discovery candidate; verify against authoritative local source,,,AI_CURATED_REGION_CANDIDATE,2026-09-11,DRAFT_FOR_REVIEW
IN-01207,Kalaburagi Nature & Scenic Region,Karnataka,Kalaburagi,,NATURE_REGION,INDIA_NATURE,,Regional nature/scenic discovery hub. Exact attraction matching is resolved separately; this row is a draft regional candidate.,,,,,CANDIDATE,AI-curated regional discovery candidate; verify against authoritative local source,,,AI_CURATED_REGION_CANDIDATE,2026-09-11,DRAFT_FOR_REVIEW
IN-01208,Ballari Nature & Scenic Region,Karnataka,Ballari,,NATURE_REGION,INDIA_NATURE,,Regional nature/scenic discovery hub. Exact attraction matching is resolved separately; this row is a draft regional candidate.,,,,,CANDIDATE,AI-curated regional discovery candidate; verify against authoritative local source,,,AI_CURATED_REGION_CANDIDATE,2026-09-11,DRAFT_FOR_REVIEW
IN-01209,Ballari Nature & Scenic Region,Karnataka,Ballari,,NATURE_REGION,INDIA_NATURE,,Regional nature/scenic discovery hub. Exact attraction matching is resolved separately; this row is a draft regional candidate.,,,,,CANDIDATE,AI-curated regional discovery candidate; verify against authoritative local source,,,AI_CURATED_REGION_CANDIDATE,2026-09-11,DRAFT_FOR_REVIEW
IN-01210,Koppal Nature & Scenic Region,Karnataka,Koppal,,NATURE_REGION,INDIA_NATURE,,Regional nature/scenic discovery hub. Exact attraction matching is resolved separately; this row is a draft regional candidate.,,,,,CANDIDATE,AI-curated regional discovery candidate; verify against authoritative local source,,,AI_CURATED_REGION_CANDIDATE,2026-09-11,DRAFT_FOR_REVIEW
IN-01211,Koppal Nature & Scenic Region,Karnataka,Koppal,,NATURE_REGION,INDIA_NATURE,,Regional nature/scenic discovery hub. Exact attraction matching is resolved separately; this row is a draft regional candidate.,,,,,CANDIDATE,AI-curated regional discovery candidate; verify against authoritative local source,,,AI_CURATED_REGION_CANDIDATE,2026-09-11,DRAFT_FOR_REVIEW
IN-01212,Raichur Nature & Scenic Region,Karnataka,Raichur,,NATURE_REGION,INDIA_NATURE,,Regional nature/scenic discovery hub. Exact attraction matching is resolved separately; this row is a draft regional candidate.,,,,,CANDIDATE,AI-curated regional discovery candidate; verify against authoritative local source,,,AI_CURATED_REGION_CANDIDATE,2026-09-11,DRAFT_FOR_REVIEW
IN-01213,Raichur Nature & Scenic Region,Karnataka,Raichur,,NATURE_REGION,INDIA_NATURE,,Regional nature/scenic discovery hub. Exact attraction matching is resolved separately; this row is a draft regional candidate.,,,,,CANDIDATE,AI-curated regional discovery candidate; verify against authoritative local source,,,AI_CURATED_REGION_CANDIDATE,2026-09-11,DRAFT_FOR_REVIEW
IN-01214,Idukki Nature & Scenic Region,Kerala,Idukki,,NATURE_REGION,INDIA_NATURE,,Regional nature/scenic discovery hub. Exact attraction matching is resolved separately; this row is a draft regional candidate.,,,,,CANDIDATE,AI-curated regional discovery candidate; verify against authoritative local source,,,AI_CURATED_REGION_CANDIDATE,2026-09-11,DRAFT_FOR_REVIEW
IN-01215,Idukki Nature & Scenic Region,Kerala,Idukki,,NATURE_REGION,INDIA_NATURE,,Regional nature/scenic discovery hub. Exact attraction matching is resolved separately; this row is a draft regional candidate.,,,,,CANDIDATE,AI-curated regional discovery candidate; verify against authoritative local source,,,AI_CURATED_REGION_CANDIDATE,2026-09-11,DRAFT_FOR_REVIEW
IN-01216,Wayanad Nature & Scenic Region,Kerala,Wayanad,,NATURE_REGION,INDIA_NATURE,,Regional nature/scenic discovery hub. Exact attraction matching is resolved separately; this row is a draft regional candidate.,,,,,CANDIDATE,AI-curated regional discovery candidate; verify against authoritative local source,,,AI_CURATED_REGION_CANDIDATE,2026-09-11,DRAFT_FOR_REVIEW
IN-01217,Wayanad Nature & Scenic Region,Kerala,Wayanad,,NATURE_REGION,INDIA_NATURE,,Regional nature/scenic discovery hub. Exact attraction matching is resolved separately; this row is a draft regional candidate.,,,,,CANDIDATE,AI-curated regional discovery candidate; verify against authoritative local source,,,AI_CURATED_REGION_CANDIDATE,2026-09-11,DRAFT_FOR_REVIEW
IN-01218,Kozhikode Nature & Scenic Region,Kerala,Kozhikode,,NATURE_REGION,INDIA_NATURE,,Regional nature/scenic discovery hub. Exact attraction matching is resolved separately; this row is a draft regional candidate.,,,,,CANDIDATE,AI-curated regional discovery candidate; verify against authoritative local source,,,AI_CURATED_REGION_CANDIDATE,2026-09-11,DRAFT_FOR_REVIEW
IN-01219,Kozhikode Nature & Scenic Region,Kerala,Kozhikode,,NATURE_REGION,INDIA_NATURE,,Regional nature/scenic discovery hub. Exact attraction matching is resolved separately; this row is a draft regional candidate.,,,,,CANDIDATE,AI-curated regional discovery candidate; verify against authoritative local source,,,AI_CURATED_REGION_CANDIDATE,2026-09-11,DRAFT_FOR_REVIEW
IN-01220,Kannur Nature & Scenic Region,Kerala,Kannur,,NATURE_REGION,INDIA_NATURE,,Regional nature/scenic discovery hub. Exact attraction matching is resolved separately; this row is a draft regional candidate.,,,,,CANDIDATE,AI-curated regional discovery candidate; verify against authoritative local source,,,AI_CURATED_REGION_CANDIDATE,2026-09-11,DRAFT_FOR_REVIEW
IN-01221,Kannur Nature & Scenic Region,Kerala,Kannur,,NATURE_REGION,INDIA_NATURE,,Regional nature/scenic discovery hub. Exact attraction matching is resolved separately; this row is a draft regional candidate.,,,,,CANDIDATE,AI-curated regional discovery candidate; verify against authoritative local source,,,AI_CURATED_REGION_CANDIDATE,2026-09-11,DRAFT_FOR_REVIEW
IN-01222,Kasaragod Nature & Scenic Region,Kerala,Kasaragod,,NATURE_REGION,INDIA_NATURE,,Regional nature/scenic discovery hub. Exact attraction matching is resolved separately; this row is a draft regional candidate.,,,,,CANDIDATE,AI-curated regional discovery candidate; verify against authoritative local source,,,AI_CURATED_REGION_CANDIDATE,2026-09-11,DRAFT_FOR_REVIEW
IN-01223,Kasaragod Nature & Scenic Region,Kerala,Kasaragod,,NATURE_REGION,INDIA_NATURE,,Regional nature/scenic discovery hub. Exact attraction matching is resolved separately; this row is a draft regional candidate.,,,,,CANDIDATE,AI-curated regional discovery candidate; verify against authoritative local source,,,AI_CURATED_REGION_CANDIDATE,2026-09-11,DRAFT_FOR_REVIEW
IN-01224,Palakkad Nature & Scenic Region,Kerala,Palakkad,,NATURE_REGION,INDIA_NATURE,,Regional nature/scenic discovery hub. Exact attraction matching is resolved separately; this row is a draft regional candidate.,,,,,CANDIDATE,AI-curated regional discovery candidate; verify against authoritative local source,,,AI_CURATED_REGION_CANDIDATE,2026-09-11,DRAFT_FOR_REVIEW
IN-01225,Palakkad Nature & Scenic Region,Kerala,Palakkad,,NATURE_REGION,INDIA_NATURE,,Regional nature/scenic discovery hub. Exact attraction matching is resolved separately; this row is a draft regional candidate.,,,,,CANDIDATE,AI-curated regional discovery candidate; verify against authoritative local source,,,AI_CURATED_REGION_CANDIDATE,2026-09-11,DRAFT_FOR_REVIEW
IN-01226,Malappuram Nature & Scenic Region,Kerala,Malappuram,,NATURE_REGION,INDIA_NATURE,,Regional nature/scenic discovery hub. Exact attraction matching is resolved separately; this row is a draft regional candidate.,,,,,CANDIDATE,AI-curated regional discovery candidate; verify against authoritative local source,,,AI_CURATED_REGION_CANDIDATE,2026-09-11,DRAFT_FOR_REVIEW
IN-01227,Malappuram Nature & Scenic Region,Kerala,Malappuram,,NATURE_REGION,INDIA_NATURE,,Regional nature/scenic discovery hub. Exact attraction matching is resolved separately; this row is a draft regional candidate.,,,,,CANDIDATE,AI-curated regional discovery candidate; verify against authoritative local source,,,AI_CURATED_REGION_CANDIDATE,2026-09-11,DRAFT_FOR_REVIEW
IN-01228,Thrissur Nature & Scenic Region,Kerala,Thrissur,,NATURE_REGION,INDIA_NATURE,,Regional nature/scenic discovery hub. Exact attraction matching is resolved separately; this row is a draft regional candidate.,,,,,CANDIDATE,AI-curated regional discovery candidate; verify against authoritative local source,,,AI_CURATED_REGION_CANDIDATE,2026-09-11,DRAFT_FOR_REVIEW
IN-01229,Thrissur Nature & Scenic Region,Kerala,Thrissur,,NATURE_REGION,INDIA_NATURE,,Regional nature/scenic discovery hub. Exact attraction matching is resolved separately; this row is a draft regional candidate.,,,,,CANDIDATE,AI-curated regional discovery candidate; verify against authoritative local source,,,AI_CURATED_REGION_CANDIDATE,2026-09-11,DRAFT_FOR_REVIEW
IN-01230,Ernakulam Nature & Scenic Region,Kerala,Ernakulam,,NATURE_REGION,INDIA_NATURE,,Regional nature/scenic discovery hub. Exact attraction matching is resolved separately; this row is a draft regional candidate.,,,,,CANDIDATE,AI-curated regional discovery candidate; verify against authoritative local source,,,AI_CURATED_REGION_CANDIDATE,2026-09-11,DRAFT_FOR_REVIEW
IN-01231,Ernakulam Nature & Scenic Region,Kerala,Ernakulam,,NATURE_REGION,INDIA_NATURE,,Regional nature/scenic discovery hub. Exact attraction matching is resolved separately; this row is a draft regional candidate.,,,,,CANDIDATE,AI-curated regional discovery candidate; verify against authoritative local source,,,AI_CURATED_REGION_CANDIDATE,2026-09-11,DRAFT_FOR_REVIEW
IN-01232,Kottayam Nature & Scenic Region,Kerala,Kottayam,,NATURE_REGION,INDIA_NATURE,,Regional nature/scenic discovery hub. Exact attraction matching is resolved separately; this row is a draft regional candidate.,,,,,CANDIDATE,AI-curated regional discovery candidate; verify against authoritative local source,,,AI_CURATED_REGION_CANDIDATE,2026-09-11,DRAFT_FOR_REVIEW
IN-01233,Kottayam Nature & Scenic Region,Kerala,Kottayam,,NATURE_REGION,INDIA_NATURE,,Regional nature/scenic discovery hub. Exact attraction matching is resolved separately; this row is a draft regional candidate.,,,,,CANDIDATE,AI-curated regional discovery candidate; verify against authoritative local source,,,AI_CURATED_REGION_CANDIDATE,2026-09-11,DRAFT_FOR_REVIEW
IN-01234,Pathanamthitta Nature & Scenic Region,Kerala,Pathanamthitta,,NATURE_REGION,INDIA_NATURE,,Regional nature/scenic discovery hub. Exact attraction matching is resolved separately; this row is a draft regional candidate.,,,,,CANDIDATE,AI-curated regional discovery candidate; verify against authoritative local source,,,AI_CURATED_REGION_CANDIDATE,2026-09-11,DRAFT_FOR_REVIEW
IN-01235,Pathanamthitta Nature & Scenic Region,Kerala,Pathanamthitta,,NATURE_REGION,INDIA_NATURE,,Regional nature/scenic discovery hub. Exact attraction matching is resolved separately; this row is a draft regional candidate.,,,,,CANDIDATE,AI-curated regional discovery candidate; verify against authoritative local source,,,AI_CURATED_REGION_CANDIDATE,2026-09-11,DRAFT_FOR_REVIEW
IN-01236,Kollam Nature & Scenic Region,Kerala,Kollam,,NATURE_REGION,INDIA_NATURE,,Regional nature/scenic discovery hub. Exact attraction matching is resolved separately; this row is a draft regional candidate.,,,,,CANDIDATE,AI-curated regional discovery candidate; verify against authoritative local source,,,AI_CURATED_REGION_CANDIDATE,2026-09-11,DRAFT_FOR_REVIEW
IN-01237,Kollam Nature & Scenic Region,Kerala,Kollam,,NATURE_REGION,INDIA_NATURE,,Regional nature/scenic discovery hub. Exact attraction matching is resolved separately; this row is a draft regional candidate.,,,,,CANDIDATE,AI-curated regional discovery candidate; verify against authoritative local source,,,AI_CURATED_REGION_CANDIDATE,2026-09-11,DRAFT_FOR_REVIEW
IN-01238,Thiruvananthapuram Nature & Scenic Region,Kerala,Thiruvananthapuram,,NATURE_REGION,INDIA_NATURE,,Regional nature/scenic discovery hub. Exact attraction matching is resolved separately; this row is a draft regional candidate.,,,,,CANDIDATE,AI-curated regional discovery candidate; verify against authoritative local source,,,AI_CURATED_REGION_CANDIDATE,2026-09-11,DRAFT_FOR_REVIEW
IN-01239,Thiruvananthapuram Nature & Scenic Region,Kerala,Thiruvananthapuram,,NATURE_REGION,INDIA_NATURE,,Regional nature/scenic discovery hub. Exact attraction matching is resolved separately; this row is a draft regional candidate.,,,,,CANDIDATE,AI-curated regional discovery candidate; verify against authoritative local source,,,AI_CURATED_REGION_CANDIDATE,2026-09-11,DRAFT_FOR_REVIEW
IN-01240,Kullu Nature & Scenic Region,Himachal Pradesh,Kullu,,NATURE_REGION,INDIA_NATURE,,Regional nature/scenic discovery hub. Exact attraction matching is resolved separately; this row is a draft regional candidate.,,,,,CANDIDATE,AI-curated regional discovery candidate; verify against authoritative local source,,,AI_CURATED_REGION_CANDIDATE,2026-09-11,DRAFT_FOR_REVIEW
IN-01241,Kullu Nature & Scenic Region,Himachal Pradesh,Kullu,,NATURE_REGION,INDIA_NATURE,,Regional nature/scenic discovery hub. Exact attraction matching is resolved separately; this row is a draft regional candidate.,,,,,CANDIDATE,AI-curated regional discovery candidate; verify against authoritative local source,,,AI_CURATED_REGION_CANDIDATE,2026-09-11,DRAFT_FOR_REVIEW
IN-01242,Kinnaur Nature & Scenic Region,Himachal Pradesh,Kinnaur,,NATURE_REGION,INDIA_NATURE,,Regional nature/scenic discovery hub. Exact attraction matching is resolved separately; this row is a draft regional candidate.,,,,,CANDIDATE,AI-curated regional discovery candidate; verify against authoritative local source,,,AI_CURATED_REGION_CANDIDATE,2026-09-11,DRAFT_FOR_REVIEW
IN-01243,Kinnaur Nature & Scenic Region,Himachal Pradesh,Kinnaur,,NATURE_REGION,INDIA_NATURE,,Regional nature/scenic discovery hub. Exact attraction matching is resolved separately; this row is a draft regional candidate.,,,,,CANDIDATE,AI-curated regional discovery candidate; verify against authoritative local source,,,AI_CURATED_REGION_CANDIDATE,2026-09-11,DRAFT_FOR_REVIEW
IN-01244,Lahaul and Spiti Nature & Scenic Region,Himachal Pradesh,Lahaul and Spiti,,NATURE_REGION,INDIA_NATURE,,Regional nature/scenic discovery hub. Exact attraction matching is resolved separately; this row is a draft regional candidate.,,,,,CANDIDATE,AI-curated regional discovery candidate; verify against authoritative local source,,,AI_CURATED_REGION_CANDIDATE,2026-09-11,DRAFT_FOR_REVIEW
IN-01245,Lahaul and Spiti Nature & Scenic Region,Himachal Pradesh,Lahaul and Spiti,,NATURE_REGION,INDIA_NATURE,,Regional nature/scenic discovery hub. Exact attraction matching is resolved separately; this row is a draft regional candidate.,,,,,CANDIDATE,AI-curated regional discovery candidate; verify against authoritative local source,,,AI_CURATED_REGION_CANDIDATE,2026-09-11,DRAFT_FOR_REVIEW
IN-01246,Chamba Nature & Scenic Region,Himachal Pradesh,Chamba,,NATURE_REGION,INDIA_NATURE,,Regional nature/scenic discovery hub. Exact attraction matching is resolved separately; this row is a draft regional candidate.,,,,,CANDIDATE,AI-curated regional discovery candidate; verify against authoritative local source,,,AI_CURATED_REGION_CANDIDATE,2026-09-11,DRAFT_FOR_REVIEW
IN-01247,Chamba Nature & Scenic Region,Himachal Pradesh,Chamba,,NATURE_REGION,INDIA_NATURE,,Regional nature/scenic discovery hub. Exact attraction matching is resolved separately; this row is a draft regional candidate.,,,,,CANDIDATE,AI-curated regional discovery candidate; verify against authoritative local source,,,AI_CURATED_REGION_CANDIDATE,2026-09-11,DRAFT_FOR_REVIEW
IN-01248,Kangra Nature & Scenic Region,Himachal Pradesh,Kangra,,NATURE_REGION,INDIA_NATURE,,Regional nature/scenic discovery hub. Exact attraction matching is resolved separately; this row is a draft regional candidate.,,,,,CANDIDATE,AI-curated regional discovery candidate; verify against authoritative local source,,,AI_CURATED_REGION_CANDIDATE,2026-09-11,DRAFT_FOR_REVIEW
IN-01249,Kangra Nature & Scenic Region,Himachal Pradesh,Kangra,,NATURE_REGION,INDIA_NATURE,,Regional nature/scenic discovery hub. Exact attraction matching is resolved separately; this row is a draft regional candidate.,,,,,CANDIDATE,AI-curated regional discovery candidate; verify against authoritative local source,,,AI_CURATED_REGION_CANDIDATE,2026-09-11,DRAFT_FOR_REVIEW
IN-01250,Shimla Nature & Scenic Region,Himachal Pradesh,Shimla,,NATURE_REGION,INDIA_NATURE,,Regional nature/scenic discovery hub. Exact attraction matching is resolved separately; this row is a draft regional candidate.,,,,,CANDIDATE,AI-curated regional discovery candidate; verify against authoritative local source,,,AI_CURATED_REGION_CANDIDATE,2026-09-11,DRAFT_FOR_REVIEW
IN-01251,Shimla Nature & Scenic Region,Himachal Pradesh,Shimla,,NATURE_REGION,INDIA_NATURE,,Regional nature/scenic discovery hub. Exact attraction matching is resolved separately; this row is a draft regional candidate.,,,,,CANDIDATE,AI-curated regional discovery candidate; verify against authoritative local source,,,AI_CURATED_REGION_CANDIDATE,2026-09-11,DRAFT_FOR_REVIEW
IN-01252,Mandi Nature & Scenic Region,Himachal Pradesh,Mandi,,NATURE_REGION,INDIA_NATURE,,Regional nature/scenic discovery hub. Exact attraction matching is resolved separately; this row is a draft regional candidate.,,,,,CANDIDATE,AI-curated regional discovery candidate; verify against authoritative local source,,,AI_CURATED_REGION_CANDIDATE,2026-09-11,DRAFT_FOR_REVIEW
IN-01253,Mandi Nature & Scenic Region,Himachal Pradesh,Mandi,,NATURE_REGION,INDIA_NATURE,,Regional nature/scenic discovery hub. Exact attraction matching is resolved separately; this row is a draft regional candidate.,,,,,CANDIDATE,AI-curated regional discovery candidate; verify against authoritative local source,,,AI_CURATED_REGION_CANDIDATE,2026-09-11,DRAFT_FOR_REVIEW
IN-01254,Sirmaur Nature & Scenic Region,Himachal Pradesh,Sirmaur,,NATURE_REGION,INDIA_NATURE,,Regional nature/scenic discovery hub. Exact attraction matching is resolved separately; this row is a draft regional candidate.,,,,,CANDIDATE,AI-curated regional discovery candidate; verify against authoritative local source,,,AI_CURATED_REGION_CANDIDATE,2026-09-11,DRAFT_FOR_REVIEW
IN-01255,Sirmaur Nature & Scenic Region,Himachal Pradesh,Sirmaur,,NATURE_REGION,INDIA_NATURE,,Regional nature/scenic discovery hub. Exact attraction matching is resolved separately; this row is a draft regional candidate.,,,,,CANDIDATE,AI-curated regional discovery candidate; verify against authoritative local source,,,AI_CURATED_REGION_CANDIDATE,2026-09-11,DRAFT_FOR_REVIEW
IN-01256,Solan Nature & Scenic Region,Himachal Pradesh,Solan,,NATURE_REGION,INDIA_NATURE,,Regional nature/scenic discovery hub. Exact attraction matching is resolved separately; this row is a draft regional candidate.,,,,,CANDIDATE,AI-curated regional discovery candidate; verify against authoritative local source,,,AI_CURATED_REGION_CANDIDATE,2026-09-11,DRAFT_FOR_REVIEW
IN-01257,Solan Nature & Scenic Region,Himachal Pradesh,Solan,,NATURE_REGION,INDIA_NATURE,,Regional nature/scenic discovery hub. Exact attraction matching is resolved separately; this row is a draft regional candidate.,,,,,CANDIDATE,AI-curated regional discovery candidate; verify against authoritative local source,,,AI_CURATED_REGION_CANDIDATE,2026-09-11,DRAFT_FOR_REVIEW
IN-01258,Bilaspur Nature & Scenic Region,Himachal Pradesh,Bilaspur,,NATURE_REGION,INDIA_NATURE,,Regional nature/scenic discovery hub. Exact attraction matching is resolved separately; this row is a draft regional candidate.,,,,,CANDIDATE,AI-curated regional discovery candidate; verify against authoritative local source,,,AI_CURATED_REGION_CANDIDATE,2026-09-11,DRAFT_FOR_REVIEW
IN-01259,Bilaspur Nature & Scenic Region,Himachal Pradesh,Bilaspur,,NATURE_REGION,INDIA_NATURE,,Regional nature/scenic discovery hub. Exact attraction matching is resolved separately; this row is a draft regional candidate.,,,,,CANDIDATE,AI-curated regional discovery candidate; verify against authoritative local source,,,AI_CURATED_REGION_CANDIDATE,2026-09-11,DRAFT_FOR_REVIEW
IN-01260,Una Nature & Scenic Region,Himachal Pradesh,Una,,NATURE_REGION,INDIA_NATURE,,Regional nature/scenic discovery hub. Exact attraction matching is resolved separately; this row is a draft regional candidate.,,,,,CANDIDATE,AI-curated regional discovery candidate; verify against authoritative local source,,,AI_CURATED_REGION_CANDIDATE,2026-09-11,DRAFT_FOR_REVIEW
IN-01261,Una Nature & Scenic Region,Himachal Pradesh,Una,,NATURE_REGION,INDIA_NATURE,,Regional nature/scenic discovery hub. Exact attraction matching is resolved separately; this row is a draft regional candidate.,,,,,CANDIDATE,AI-curated regional discovery candidate; verify against authoritative local source,,,AI_CURATED_REGION_CANDIDATE,2026-09-11,DRAFT_FOR_REVIEW
IN-01262,Hamirpur Nature & Scenic Region,Himachal Pradesh,Hamirpur,,NATURE_REGION,INDIA_NATURE,,Regional nature/scenic discovery hub. Exact attraction matching is resolved separately; this row is a draft regional candidate.,,,,,CANDIDATE,AI-curated regional discovery candidate; verify against authoritative local source,,,AI_CURATED_REGION_CANDIDATE,2026-09-11,DRAFT_FOR_REVIEW
IN-01263,Hamirpur Nature & Scenic Region,Himachal Pradesh,Hamirpur,,NATURE_REGION,INDIA_NATURE,,Regional nature/scenic discovery hub. Exact attraction matching is resolved separately; this row is a draft regional candidate.,,,,,CANDIDATE,AI-curated regional discovery candidate; verify against authoritative local source,,,AI_CURATED_REGION_CANDIDATE,2026-09-11,DRAFT_FOR_REVIEW
IN-01264,Chamoli Nature & Scenic Region,Uttarakhand,Chamoli,,NATURE_REGION,INDIA_NATURE,,Regional nature/scenic discovery hub. Exact attraction matching is resolved separately; this row is a draft regional candidate.,,,,,CANDIDATE,AI-curated regional discovery candidate; verify against authoritative local source,,,AI_CURATED_REGION_CANDIDATE,2026-09-11,DRAFT_FOR_REVIEW
IN-01265,Chamoli Nature & Scenic Region,Uttarakhand,Chamoli,,NATURE_REGION,INDIA_NATURE,,Regional nature/scenic discovery hub. Exact attraction matching is resolved separately; this row is a draft regional candidate.,,,,,CANDIDATE,AI-curated regional discovery candidate; verify against authoritative local source,,,AI_CURATED_REGION_CANDIDATE,2026-09-11,DRAFT_FOR_REVIEW
IN-01266,Rudraprayag Nature & Scenic Region,Uttarakhand,Rudraprayag,,NATURE_REGION,INDIA_NATURE,,Regional nature/scenic discovery hub. Exact attraction matching is resolved separately; this row is a draft regional candidate.,,,,,CANDIDATE,AI-curated regional discovery candidate; verify against authoritative local source,,,AI_CURATED_REGION_CANDIDATE,2026-09-11,DRAFT_FOR_REVIEW
IN-01267,Rudraprayag Nature & Scenic Region,Uttarakhand,Rudraprayag,,NATURE_REGION,INDIA_NATURE,,Regional nature/scenic discovery hub. Exact attraction matching is resolved separately; this row is a draft regional candidate.,,,,,CANDIDATE,AI-curated regional discovery candidate; verify against authoritative local source,,,AI_CURATED_REGION_CANDIDATE,2026-09-11,DRAFT_FOR_REVIEW
IN-01268,Uttarkashi Nature & Scenic Region,Uttarakhand,Uttarkashi,,NATURE_REGION,INDIA_NATURE,,Regional nature/scenic discovery hub. Exact attraction matching is resolved separately; this row is a draft regional candidate.,,,,,CANDIDATE,AI-curated regional discovery candidate; verify against authoritative local source,,,AI_CURATED_REGION_CANDIDATE,2026-09-11,DRAFT_FOR_REVIEW
IN-01269,Uttarkashi Nature & Scenic Region,Uttarakhand,Uttarkashi,,NATURE_REGION,INDIA_NATURE,,Regional nature/scenic discovery hub. Exact attraction matching is resolved separately; this row is a draft regional candidate.,,,,,CANDIDATE,AI-curated regional discovery candidate; verify against authoritative local source,,,AI_CURATED_REGION_CANDIDATE,2026-09-11,DRAFT_FOR_REVIEW
IN-01270,Pithoragarh Nature & Scenic Region,Uttarakhand,Pithoragarh,,NATURE_REGION,INDIA_NATURE,,Regional nature/scenic discovery hub. Exact attraction matching is resolved separately; this row is a draft regional candidate.,,,,,CANDIDATE,AI-curated regional discovery candidate; verify against authoritative local source,,,AI_CURATED_REGION_CANDIDATE,2026-09-11,DRAFT_FOR_REVIEW
IN-01271,Pithoragarh Nature & Scenic Region,Uttarakhand,Pithoragarh,,NATURE_REGION,INDIA_NATURE,,Regional nature/scenic discovery hub. Exact attraction matching is resolved separately; this row is a draft regional candidate.,,,,,CANDIDATE,AI-curated regional discovery candidate; verify against authoritative local source,,,AI_CURATED_REGION_CANDIDATE,2026-09-11,DRAFT_FOR_REVIEW
IN-01272,Bageshwar Nature & Scenic Region,Uttarakhand,Bageshwar,,NATURE_REGION,INDIA_NATURE,,Regional nature/scenic discovery hub. Exact attraction matching is resolved separately; this row is a draft regional candidate.,,,,,CANDIDATE,AI-curated regional discovery candidate; verify against authoritative local source,,,AI_CURATED_REGION_CANDIDATE,2026-09-11,DRAFT_FOR_REVIEW
IN-01273,Bageshwar Nature & Scenic Region,Uttarakhand,Bageshwar,,NATURE_REGION,INDIA_NATURE,,Regional nature/scenic discovery hub. Exact attraction matching is resolved separately; this row is a draft regional candidate.,,,,,CANDIDATE,AI-curated regional discovery candidate; verify against authoritative local source,,,AI_CURATED_REGION_CANDIDATE,2026-09-11,DRAFT_FOR_REVIEW
IN-01274,Almora Nature & Scenic Region,Uttarakhand,Almora,,NATURE_REGION,INDIA_NATURE,,Regional nature/scenic discovery hub. Exact attraction matching is resolved separately; this row is a draft regional candidate.,,,,,CANDIDATE,AI-curated regional discovery candidate; verify against authoritative local source,,,AI_CURATED_REGION_CANDIDATE,2026-09-11,DRAFT_FOR_REVIEW
IN-01275,Almora Nature & Scenic Region,Uttarakhand,Almora,,NATURE_REGION,INDIA_NATURE,,Regional nature/scenic discovery hub. Exact attraction matching is resolved separately; this row is a draft regional candidate.,,,,,CANDIDATE,AI-curated regional discovery candidate; verify against authoritative local source,,,AI_CURATED_REGION_CANDIDATE,2026-09-11,DRAFT_FOR_REVIEW
IN-01276,Nainital Nature & Scenic Region,Uttarakhand,Nainital,,NATURE_REGION,INDIA_NATURE,,Regional nature/scenic discovery hub. Exact attraction matching is resolved separately; this row is a draft regional candidate.,,,,,CANDIDATE,AI-curated regional discovery candidate; verify against authoritative local source,,,AI_CURATED_REGION_CANDIDATE,2026-09-11,DRAFT_FOR_REVIEW
IN-01277,Nainital Nature & Scenic Region,Uttarakhand,Nainital,,NATURE_REGION,INDIA_NATURE,,Regional nature/scenic discovery hub. Exact attraction matching is resolved separately; this row is a draft regional candidate.,,,,,CANDIDATE,AI-curated regional discovery candidate; verify against authoritative local source,,,AI_CURATED_REGION_CANDIDATE,2026-09-11,DRAFT_FOR_REVIEW
IN-01278,Pauri Garhwal Nature & Scenic Region,Uttarakhand,Pauri Garhwal,,NATURE_REGION,INDIA_NATURE,,Regional nature/scenic discovery hub. Exact attraction matching is resolved separately; this row is a draft regional candidate.,,,,,CANDIDATE,AI-curated regional discovery candidate; verify against authoritative local source,,,AI_CURATED_REGION_CANDIDATE,2026-09-11,DRAFT_FOR_REVIEW
IN-01279,Pauri Garhwal Nature & Scenic Region,Uttarakhand,Pauri Garhwal,,NATURE_REGION,INDIA_NATURE,,Regional nature/scenic discovery hub. Exact attraction matching is resolved separately; this row is a draft regional candidate.,,,,,CANDIDATE,AI-curated regional discovery candidate; verify against authoritative local source,,,AI_CURATED_REGION_CANDIDATE,2026-09-11,DRAFT_FOR_REVIEW
IN-01280,Tehri Garhwal Nature & Scenic Region,Uttarakhand,Tehri Garhwal,,NATURE_REGION,INDIA_NATURE,,Regional nature/scenic discovery hub. Exact attraction matching is resolved separately; this row is a draft regional candidate.,,,,,CANDIDATE,AI-curated regional discovery candidate; verify against authoritative local source,,,AI_CURATED_REGION_CANDIDATE,2026-09-11,DRAFT_FOR_REVIEW
IN-01281,Tehri Garhwal Nature & Scenic Region,Uttarakhand,Tehri Garhwal,,NATURE_REGION,INDIA_NATURE,,Regional nature/scenic discovery hub. Exact attraction matching is resolved separately; this row is a draft regional candidate.,,,,,CANDIDATE,AI-curated regional discovery candidate; verify against authoritative local source,,,AI_CURATED_REGION_CANDIDATE,2026-09-11,DRAFT_FOR_REVIEW
IN-01282,Dehradun Nature & Scenic Region,Uttarakhand,Dehradun,,NATURE_REGION,INDIA_NATURE,,Regional nature/scenic discovery hub. Exact attraction matching is resolved separately; this row is a draft regional candidate.,,,,,CANDIDATE,AI-curated regional discovery candidate; verify against authoritative local source,,,AI_CURATED_REGION_CANDIDATE,2026-09-11,DRAFT_FOR_REVIEW
IN-01283,Dehradun Nature & Scenic Region,Uttarakhand,Dehradun,,NATURE_REGION,INDIA_NATURE,,Regional nature/scenic discovery hub. Exact attraction matching is resolved separately; this row is a draft regional candidate.,,,,,CANDIDATE,AI-curated regional discovery candidate; verify against authoritative local source,,,AI_CURATED_REGION_CANDIDATE,2026-09-11,DRAFT_FOR_REVIEW
IN-01284,Haridwar Nature & Scenic Region,Uttarakhand,Haridwar,,NATURE_REGION,INDIA_NATURE,,Regional nature/scenic discovery hub. Exact attraction matching is resolved separately; this row is a draft regional candidate.,,,,,CANDIDATE,AI-curated regional discovery candidate; verify against authoritative local source,,,AI_CURATED_REGION_CANDIDATE,2026-09-11,DRAFT_FOR_REVIEW
IN-01285,Haridwar Nature & Scenic Region,Uttarakhand,Haridwar,,NATURE_REGION,INDIA_NATURE,,Regional nature/scenic discovery hub. Exact attraction matching is resolved separately; this row is a draft regional candidate.,,,,,CANDIDATE,AI-curated regional discovery candidate; verify against authoritative local source,,,AI_CURATED_REGION_CANDIDATE,2026-09-11,DRAFT_FOR_REVIEW
IN-01286,Champawat Nature & Scenic Region,Uttarakhand,Champawat,,NATURE_REGION,INDIA_NATURE,,Regional nature/scenic discovery hub. Exact attraction matching is resolved separately; this row is a draft regional candidate.,,,,,CANDIDATE,AI-curated regional discovery candidate; verify against authoritative local source,,,AI_CURATED_REGION_CANDIDATE,2026-09-11,DRAFT_FOR_REVIEW
IN-01287,Champawat Nature & Scenic Region,Uttarakhand,Champawat,,NATURE_REGION,INDIA_NATURE,,Regional nature/scenic discovery hub. Exact attraction matching is resolved separately; this row is a draft regional candidate.,,,,,CANDIDATE,AI-curated regional discovery candidate; verify against authoritative local source,,,AI_CURATED_REGION_CANDIDATE,2026-09-11,DRAFT_FOR_REVIEW
IN-01288,Nilgiris Nature & Scenic Region,Tamil Nadu,Nilgiris,,NATURE_REGION,INDIA_NATURE,,Regional nature/scenic discovery hub. Exact attraction matching is resolved separately; this row is a draft regional candidate.,,,,,CANDIDATE,AI-curated regional discovery candidate; verify against authoritative local source,,,AI_CURATED_REGION_CANDIDATE,2026-09-11,DRAFT_FOR_REVIEW
IN-01289,Nilgiris Nature & Scenic Region,Tamil Nadu,Nilgiris,,NATURE_REGION,INDIA_NATURE,,Regional nature/scenic discovery hub. Exact attraction matching is resolved separately; this row is a draft regional candidate.,,,,,CANDIDATE,AI-curated regional discovery candidate; verify against authoritative local source,,,AI_CURATED_REGION_CANDIDATE,2026-09-11,DRAFT_FOR_REVIEW
IN-01290,Dindigul Nature & Scenic Region,Tamil Nadu,Dindigul,,NATURE_REGION,INDIA_NATURE,,Regional nature/scenic discovery hub. Exact attraction matching is resolved separately; this row is a draft regional candidate.,,,,,CANDIDATE,AI-curated regional discovery candidate; verify against authoritative local source,,,AI_CURATED_REGION_CANDIDATE,2026-09-11,DRAFT_FOR_REVIEW
IN-01291,Dindigul Nature & Scenic Region,Tamil Nadu,Dindigul,,NATURE_REGION,INDIA_NATURE,,Regional nature/scenic discovery hub. Exact attraction matching is resolved separately; this row is a draft regional candidate.,,,,,CANDIDATE,AI-curated regional discovery candidate; verify against authoritative local source,,,AI_CURATED_REGION_CANDIDATE,2026-09-11,DRAFT_FOR_REVIEW
IN-01292,Tirunelveli Nature & Scenic Region,Tamil Nadu,Tirunelveli,,NATURE_REGION,INDIA_NATURE,,Regional nature/scenic discovery hub. Exact attraction matching is resolved separately; this row is a draft regional candidate.,,,,,CANDIDATE,AI-curated regional discovery candidate; verify against authoritative local source,,,AI_CURATED_REGION_CANDIDATE,2026-09-11,DRAFT_FOR_REVIEW
IN-01293,Tirunelveli Nature & Scenic Region,Tamil Nadu,Tirunelveli,,NATURE_REGION,INDIA_NATURE,,Regional nature/scenic discovery hub. Exact attraction matching is resolved separately; this row is a draft regional candidate.,,,,,CANDIDATE,AI-curated regional discovery candidate; verify against authoritative local source,,,AI_CURATED_REGION_CANDIDATE,2026-09-11,DRAFT_FOR_REVIEW
IN-01294,Tenkasi Nature & Scenic Region,Tamil Nadu,Tenkasi,,NATURE_REGION,INDIA_NATURE,,Regional nature/scenic discovery hub. Exact attraction matching is resolved separately; this row is a draft regional candidate.,,,,,CANDIDATE,AI-curated regional discovery candidate; verify against authoritative local source,,,AI_CURATED_REGION_CANDIDATE,2026-09-11,DRAFT_FOR_REVIEW
IN-01295,Tenkasi Nature & Scenic Region,Tamil Nadu,Tenkasi,,NATURE_REGION,INDIA_NATURE,,Regional nature/scenic discovery hub. Exact attraction matching is resolved separately; this row is a draft regional candidate.,,,,,CANDIDATE,AI-curated regional discovery candidate; verify against authoritative local source,,,AI_CURATED_REGION_CANDIDATE,2026-09-11,DRAFT_FOR_REVIEW
IN-01296,Kanyakumari Nature & Scenic Region,Tamil Nadu,Kanyakumari,,NATURE_REGION,INDIA_NATURE,,Regional nature/scenic discovery hub. Exact attraction matching is resolved separately; this row is a draft regional candidate.,,,,,CANDIDATE,AI-curated regional discovery candidate; verify against authoritative local source,,,AI_CURATED_REGION_CANDIDATE,2026-09-11,DRAFT_FOR_REVIEW
IN-01297,Kanyakumari Nature & Scenic Region,Tamil Nadu,Kanyakumari,,NATURE_REGION,INDIA_NATURE,,Regional nature/scenic discovery hub. Exact attraction matching is resolved separately; this row is a draft regional candidate.,,,,,CANDIDATE,AI-curated regional discovery candidate; verify against authoritative local source,,,AI_CURATED_REGION_CANDIDATE,2026-09-11,DRAFT_FOR_REVIEW
IN-01298,Coimbatore Nature & Scenic Region,Tamil Nadu,Coimbatore,,NATURE_REGION,INDIA_NATURE,,Regional nature/scenic discovery hub. Exact attraction matching is resolved separately; this row is a draft regional candidate.,,,,,CANDIDATE,AI-curated regional discovery candidate; verify against authoritative local source,,,AI_CURATED_REGION_CANDIDATE,2026-09-11,DRAFT_FOR_REVIEW
IN-01299,Coimbatore Nature & Scenic Region,Tamil Nadu,Coimbatore,,NATURE_REGION,INDIA_NATURE,,Regional nature/scenic discovery hub. Exact attraction matching is resolved separately; this row is a draft regional candidate.,,,,,CANDIDATE,AI-curated regional discovery candidate; verify against authoritative local source,,,AI_CURATED_REGION_CANDIDATE,2026-09-11,DRAFT_FOR_REVIEW
IN-01300,Salem Nature & Scenic Region,Tamil Nadu,Salem,,NATURE_REGION,INDIA_NATURE,,Regional nature/scenic discovery hub. Exact attraction matching is resolved separately; this row is a draft regional candidate.,,,,,CANDIDATE,AI-curated regional discovery candidate; verify against authoritative local source,,,AI_CURATED_REGION_CANDIDATE,2026-09-11,DRAFT_FOR_REVIEW
IN-01301,Salem Nature & Scenic Region,Tamil Nadu,Salem,,NATURE_REGION,INDIA_NATURE,,Regional nature/scenic discovery hub. Exact attraction matching is resolved separately; this row is a draft regional candidate.,,,,,CANDIDATE,AI-curated regional discovery candidate; verify against authoritative local source,,,AI_CURATED_REGION_CANDIDATE,2026-09-11,DRAFT_FOR_REVIEW
IN-01302,Namakkal Nature & Scenic Region,Tamil Nadu,Namakkal,,NATURE_REGION,INDIA_NATURE,,Regional nature/scenic discovery hub. Exact attraction matching is resolved separately; this row is a draft regional candidate.,,,,,CANDIDATE,AI-curated regional discovery candidate; verify against authoritative local source,,,AI_CURATED_REGION_CANDIDATE,2026-09-11,DRAFT_FOR_REVIEW
IN-01303,Namakkal Nature & Scenic Region,Tamil Nadu,Namakkal,,NATURE_REGION,INDIA_NATURE,,Regional nature/scenic discovery hub. Exact attraction matching is resolved separately; this row is a draft regional candidate.,,,,,CANDIDATE,AI-curated regional discovery candidate; verify against authoritative local source,,,AI_CURATED_REGION_CANDIDATE,2026-09-11,DRAFT_FOR_REVIEW
IN-01304,Krishnagiri Nature & Scenic Region,Tamil Nadu,Krishnagiri,,NATURE_REGION,INDIA_NATURE,,Regional nature/scenic discovery hub. Exact attraction matching is resolved separately; this row is a draft regional candidate.,,,,,CANDIDATE,AI-curated regional discovery candidate; verify against authoritative local source,,,AI_CURATED_REGION_CANDIDATE,2026-09-11,DRAFT_FOR_REVIEW
IN-01305,Krishnagiri Nature & Scenic Region,Tamil Nadu,Krishnagiri,,NATURE_REGION,INDIA_NATURE,,Regional nature/scenic discovery hub. Exact attraction matching is resolved separately; this row is a draft regional candidate.,,,,,CANDIDATE,AI-curated regional discovery candidate; verify against authoritative local source,,,AI_CURATED_REGION_CANDIDATE,2026-09-11,DRAFT_FOR_REVIEW
IN-01306,Dharmapuri Nature & Scenic Region,Tamil Nadu,Dharmapuri,,NATURE_REGION,INDIA_NATURE,,Regional nature/scenic discovery hub. Exact attraction matching is resolved separately; this row is a draft regional candidate.,,,,,CANDIDATE,AI-curated regional discovery candidate; verify against authoritative local source,,,AI_CURATED_REGION_CANDIDATE,2026-09-11,DRAFT_FOR_REVIEW
IN-01307,Dharmapuri Nature & Scenic Region,Tamil Nadu,Dharmapuri,,NATURE_REGION,INDIA_NATURE,,Regional nature/scenic discovery hub. Exact attraction matching is resolved separately; this row is a draft regional candidate.,,,,,CANDIDATE,AI-curated regional discovery candidate; verify against authoritative local source,,,AI_CURATED_REGION_CANDIDATE,2026-09-11,DRAFT_FOR_REVIEW
IN-01308,Theni Nature & Scenic Region,Tamil Nadu,Theni,,NATURE_REGION,INDIA_NATURE,,Regional nature/scenic discovery hub. Exact attraction matching is resolved separately; this row is a draft regional candidate.,,,,,CANDIDATE,AI-curated regional discovery candidate; verify against authoritative local source,,,AI_CURATED_REGION_CANDIDATE,2026-09-11,DRAFT_FOR_REVIEW
IN-01309,Theni Nature & Scenic Region,Tamil Nadu,Theni,,NATURE_REGION,INDIA_NATURE,,Regional nature/scenic discovery hub. Exact attraction matching is resolved separately; this row is a draft regional candidate.,,,,,CANDIDATE,AI-curated regional discovery candidate; verify against authoritative local source,,,AI_CURATED_REGION_CANDIDATE,2026-09-11,DRAFT_FOR_REVIEW
IN-01310,Madurai Nature & Scenic Region,Tamil Nadu,Madurai,,NATURE_REGION,INDIA_NATURE,,Regional nature/scenic discovery hub. Exact attraction matching is resolved separately; this row is a draft regional candidate.,,,,,CANDIDATE,AI-curated regional discovery candidate; verify against authoritative local source,,,AI_CURATED_REGION_CANDIDATE,2026-09-11,DRAFT_FOR_REVIEW
IN-01311,Madurai Nature & Scenic Region,Tamil Nadu,Madurai,,NATURE_REGION,INDIA_NATURE,,Regional nature/scenic discovery hub. Exact attraction matching is resolved separately; this row is a draft regional candidate.,,,,,CANDIDATE,AI-curated regional discovery candidate; verify against authoritative local source,,,AI_CURATED_REGION_CANDIDATE,2026-09-11,DRAFT_FOR_REVIEW
IN-01312,Virudhunagar Nature & Scenic Region,Tamil Nadu,Virudhunagar,,NATURE_REGION,INDIA_NATURE,,Regional nature/scenic discovery hub. Exact attraction matching is resolved separately; this row is a draft regional candidate.,,,,,CANDIDATE,AI-curated regional discovery candidate; verify against authoritative local source,,,AI_CURATED_REGION_CANDIDATE,2026-09-11,DRAFT_FOR_REVIEW
IN-01313,Virudhunagar Nature & Scenic Region,Tamil Nadu,Virudhunagar,,NATURE_REGION,INDIA_NATURE,,Regional nature/scenic discovery hub. Exact attraction matching is resolved separately; this row is a draft regional candidate.,,,,,CANDIDATE,AI-curated regional discovery candidate; verify against authoritative local source,,,AI_CURATED_REGION_CANDIDATE,2026-09-11,DRAFT_FOR_REVIEW
IN-01314,Mayurbhanj Nature & Scenic Region,Odisha,Mayurbhanj,,NATURE_REGION,INDIA_NATURE,,Regional nature/scenic discovery hub. Exact attraction matching is resolved separately; this row is a draft regional candidate.,,,,,CANDIDATE,AI-curated regional discovery candidate; verify against authoritative local source,,,AI_CURATED_REGION_CANDIDATE,2026-09-11,DRAFT_FOR_REVIEW
IN-01315,Mayurbhanj Nature & Scenic Region,Odisha,Mayurbhanj,,NATURE_REGION,INDIA_NATURE,,Regional nature/scenic discovery hub. Exact attraction matching is resolved separately; this row is a draft regional candidate.,,,,,CANDIDATE,AI-curated regional discovery candidate; verify against authoritative local source,,,AI_CURATED_REGION_CANDIDATE,2026-09-11,DRAFT_FOR_REVIEW
IN-01316,Koraput Nature & Scenic Region,Odisha,Koraput,,NATURE_REGION,INDIA_NATURE,,Regional nature/scenic discovery hub. Exact attraction matching is resolved separately; this row is a draft regional candidate.,,,,,CANDIDATE,AI-curated regional discovery candidate; verify against authoritative local source,,,AI_CURATED_REGION_CANDIDATE,2026-09-11,DRAFT_FOR_REVIEW
IN-01317,Koraput Nature & Scenic Region,Odisha,Koraput,,NATURE_REGION,INDIA_NATURE,,Regional nature/scenic discovery hub. Exact attraction matching is resolved separately; this row is a draft regional candidate.,,,,,CANDIDATE,AI-curated regional discovery candidate; verify against authoritative local source,,,AI_CURATED_REGION_CANDIDATE,2026-09-11,DRAFT_FOR_REVIEW
IN-01318,Rayagada Nature & Scenic Region,Odisha,Rayagada,,NATURE_REGION,INDIA_NATURE,,Regional nature/scenic discovery hub. Exact attraction matching is resolved separately; this row is a draft regional candidate.,,,,,CANDIDATE,AI-curated regional discovery candidate; verify against authoritative local source,,,AI_CURATED_REGION_CANDIDATE,2026-09-11,DRAFT_FOR_REVIEW
IN-01319,Rayagada Nature & Scenic Region,Odisha,Rayagada,,NATURE_REGION,INDIA_NATURE,,Regional nature/scenic discovery hub. Exact attraction matching is resolved separately; this row is a draft regional candidate.,,,,,CANDIDATE,AI-curated regional discovery candidate; verify against authoritative local source,,,AI_CURATED_REGION_CANDIDATE,2026-09-11,DRAFT_FOR_REVIEW
IN-01320,Kandhamal Nature & Scenic Region,Odisha,Kandhamal,,NATURE_REGION,INDIA_NATURE,,Regional nature/scenic discovery hub. Exact attraction matching is resolved separately; this row is a draft regional candidate.,,,,,CANDIDATE,AI-curated regional discovery candidate; verify against authoritative local source,,,AI_CURATED_REGION_CANDIDATE,2026-09-11,DRAFT_FOR_REVIEW
IN-01321,Kandhamal Nature & Scenic Region,Odisha,Kandhamal,,NATURE_REGION,INDIA_NATURE,,Regional nature/scenic discovery hub. Exact attraction matching is resolved separately; this row is a draft regional candidate.,,,,,CANDIDATE,AI-curated regional discovery candidate; verify against authoritative local source,,,AI_CURATED_REGION_CANDIDATE,2026-09-11,DRAFT_FOR_REVIEW
IN-01322,Kalahandi Nature & Scenic Region,Odisha,Kalahandi,,NATURE_REGION,INDIA_NATURE,,Regional nature/scenic discovery hub. Exact attraction matching is resolved separately; this row is a draft regional candidate.,,,,,CANDIDATE,AI-curated regional discovery candidate; verify against authoritative local source,,,AI_CURATED_REGION_CANDIDATE,2026-09-11,DRAFT_FOR_REVIEW
IN-01323,Kalahandi Nature & Scenic Region,Odisha,Kalahandi,,NATURE_REGION,INDIA_NATURE,,Regional nature/scenic discovery hub. Exact attraction matching is resolved separately; this row is a draft regional candidate.,,,,,CANDIDATE,AI-curated regional discovery candidate; verify against authoritative local source,,,AI_CURATED_REGION_CANDIDATE,2026-09-11,DRAFT_FOR_REVIEW
IN-01324,Keonjhar Nature & Scenic Region,Odisha,Keonjhar,,NATURE_REGION,INDIA_NATURE,,Regional nature/scenic discovery hub. Exact attraction matching is resolved separately; this row is a draft regional candidate.,,,,,CANDIDATE,AI-curated regional discovery candidate; verify against authoritative local source,,,AI_CURATED_REGION_CANDIDATE,2026-09-11,DRAFT_FOR_REVIEW
IN-01325,Keonjhar Nature & Scenic Region,Odisha,Keonjhar,,NATURE_REGION,INDIA_NATURE,,Regional nature/scenic discovery hub. Exact attraction matching is resolved separately; this row is a draft regional candidate.,,,,,CANDIDATE,AI-curated regional discovery candidate; verify against authoritative local source,,,AI_CURATED_REGION_CANDIDATE,2026-09-11,DRAFT_FOR_REVIEW
IN-01326,Sundargarh Nature & Scenic Region,Odisha,Sundargarh,,NATURE_REGION,INDIA_NATURE,,Regional nature/scenic discovery hub. Exact attraction matching is resolved separately; this row is a draft regional candidate.,,,,,CANDIDATE,AI-curated regional discovery candidate; verify against authoritative local source,,,AI_CURATED_REGION_CANDIDATE,2026-09-11,DRAFT_FOR_REVIEW
IN-01327,Sundargarh Nature & Scenic Region,Odisha,Sundargarh,,NATURE_REGION,INDIA_NATURE,,Regional nature/scenic discovery hub. Exact attraction matching is resolved separately; this row is a draft regional candidate.,,,,,CANDIDATE,AI-curated regional discovery candidate; verify against authoritative local source,,,AI_CURATED_REGION_CANDIDATE,2026-09-11,DRAFT_FOR_REVIEW
IN-01328,Gajapati Nature & Scenic Region,Odisha,Gajapati,,NATURE_REGION,INDIA_NATURE,,Regional nature/scenic discovery hub. Exact attraction matching is resolved separately; this row is a draft regional candidate.,,,,,CANDIDATE,AI-curated regional discovery candidate; verify against authoritative local source,,,AI_CURATED_REGION_CANDIDATE,2026-09-11,DRAFT_FOR_REVIEW
IN-01329,Gajapati Nature & Scenic Region,Odisha,Gajapati,,NATURE_REGION,INDIA_NATURE,,Regional nature/scenic discovery hub. Exact attraction matching is resolved separately; this row is a draft regional candidate.,,,,,CANDIDATE,AI-curated regional discovery candidate; verify against authoritative local source,,,AI_CURATED_REGION_CANDIDATE,2026-09-11,DRAFT_FOR_REVIEW
IN-01330,Ganjam Nature & Scenic Region,Odisha,Ganjam,,NATURE_REGION,INDIA_NATURE,,Regional nature/scenic discovery hub. Exact attraction matching is resolved separately; this row is a draft regional candidate.,,,,,CANDIDATE,AI-curated regional discovery candidate; verify against authoritative local source,,,AI_CURATED_REGION_CANDIDATE,2026-09-11,DRAFT_FOR_REVIEW
IN-01331,Ganjam Nature & Scenic Region,Odisha,Ganjam,,NATURE_REGION,INDIA_NATURE,,Regional nature/scenic discovery hub. Exact attraction matching is resolved separately; this row is a draft regional candidate.,,,,,CANDIDATE,AI-curated regional discovery candidate; verify against authoritative local source,,,AI_CURATED_REGION_CANDIDATE,2026-09-11,DRAFT_FOR_REVIEW
IN-01332,Deogarh Nature & Scenic Region,Odisha,Deogarh,,NATURE_REGION,INDIA_NATURE,,Regional nature/scenic discovery hub. Exact attraction matching is resolved separately; this row is a draft regional candidate.,,,,,CANDIDATE,AI-curated regional discovery candidate; verify against authoritative local source,,,AI_CURATED_REGION_CANDIDATE,2026-09-11,DRAFT_FOR_REVIEW
IN-01333,Deogarh Nature & Scenic Region,Odisha,Deogarh,,NATURE_REGION,INDIA_NATURE,,Regional nature/scenic discovery hub. Exact attraction matching is resolved separately; this row is a draft regional candidate.,,,,,CANDIDATE,AI-curated regional discovery candidate; verify against authoritative local source,,,AI_CURATED_REGION_CANDIDATE,2026-09-11,DRAFT_FOR_REVIEW
IN-01334,Nuapada Nature & Scenic Region,Odisha,Nuapada,,NATURE_REGION,INDIA_NATURE,,Regional nature/scenic discovery hub. Exact attraction matching is resolved separately; this row is a draft regional candidate.,,,,,CANDIDATE,AI-curated regional discovery candidate; verify against authoritative local source,,,AI_CURATED_REGION_CANDIDATE,2026-09-11,DRAFT_FOR_REVIEW
IN-01335,Nuapada Nature & Scenic Region,Odisha,Nuapada,,NATURE_REGION,INDIA_NATURE,,Regional nature/scenic discovery hub. Exact attraction matching is resolved separately; this row is a draft regional candidate.,,,,,CANDIDATE,AI-curated regional discovery candidate; verify against authoritative local source,,,AI_CURATED_REGION_CANDIDATE,2026-09-11,DRAFT_FOR_REVIEW
IN-01336,Jharsuguda Nature & Scenic Region,Odisha,Jharsuguda,,NATURE_REGION,INDIA_NATURE,,Regional nature/scenic discovery hub. Exact attraction matching is resolved separately; this row is a draft regional candidate.,,,,,CANDIDATE,AI-curated regional discovery candidate; verify against authoritative local source,,,AI_CURATED_REGION_CANDIDATE,2026-09-11,DRAFT_FOR_REVIEW
IN-01337,Jharsuguda Nature & Scenic Region,Odisha,Jharsuguda,,NATURE_REGION,INDIA_NATURE,,Regional nature/scenic discovery hub. Exact attraction matching is resolved separately; this row is a draft regional candidate.,,,,,CANDIDATE,AI-curated regional discovery candidate; verify against authoritative local source,,,AI_CURATED_REGION_CANDIDATE,2026-09-11,DRAFT_FOR_REVIEW
IN-01338,Jabalpur Nature & Scenic Region,Madhya Pradesh,Jabalpur,,NATURE_REGION,INDIA_NATURE,,Regional nature/scenic discovery hub. Exact attraction matching is resolved separately; this row is a draft regional candidate.,,,,,CANDIDATE,AI-curated regional discovery candidate; verify against authoritative local source,,,AI_CURATED_REGION_CANDIDATE,2026-09-11,DRAFT_FOR_REVIEW
IN-01339,Jabalpur Nature & Scenic Region,Madhya Pradesh,Jabalpur,,NATURE_REGION,INDIA_NATURE,,Regional nature/scenic discovery hub. Exact attraction matching is resolved separately; this row is a draft regional candidate.,,,,,CANDIDATE,AI-curated regional discovery candidate; verify against authoritative local source,,,AI_CURATED_REGION_CANDIDATE,2026-09-11,DRAFT_FOR_REVIEW
IN-01340,Rewa Nature & Scenic Region,Madhya Pradesh,Rewa,,NATURE_REGION,INDIA_NATURE,,Regional nature/scenic discovery hub. Exact attraction matching is resolved separately; this row is a draft regional candidate.,,,,,CANDIDATE,AI-curated regional discovery candidate; verify against authoritative local source,,,AI_CURATED_REGION_CANDIDATE,2026-09-11,DRAFT_FOR_REVIEW
IN-01341,Rewa Nature & Scenic Region,Madhya Pradesh,Rewa,,NATURE_REGION,INDIA_NATURE,,Regional nature/scenic discovery hub. Exact attraction matching is resolved separately; this row is a draft regional candidate.,,,,,CANDIDATE,AI-curated regional discovery candidate; verify against authoritative local source,,,AI_CURATED_REGION_CANDIDATE,2026-09-11,DRAFT_FOR_REVIEW
IN-01342,Satna Nature & Scenic Region,Madhya Pradesh,Satna,,NATURE_REGION,INDIA_NATURE,,Regional nature/scenic discovery hub. Exact attraction matching is resolved separately; this row is a draft regional candidate.,,,,,CANDIDATE,AI-curated regional discovery candidate; verify against authoritative local source,,,AI_CURATED_REGION_CANDIDATE,2026-09-11,DRAFT_FOR_REVIEW
IN-01343,Satna Nature & Scenic Region,Madhya Pradesh,Satna,,NATURE_REGION,INDIA_NATURE,,Regional nature/scenic discovery hub. Exact attraction matching is resolved separately; this row is a draft regional candidate.,,,,,CANDIDATE,AI-curated regional discovery candidate; verify against authoritative local source,,,AI_CURATED_REGION_CANDIDATE,2026-09-11,DRAFT_FOR_REVIEW
IN-01344,Narmadapuram Nature & Scenic Region,Madhya Pradesh,Narmadapuram,,NATURE_REGION,INDIA_NATURE,,Regional nature/scenic discovery hub. Exact attraction matching is resolved separately; this row is a draft regional candidate.,,,,,CANDIDATE,AI-curated regional discovery candidate; verify against authoritative local source,,,AI_CURATED_REGION_CANDIDATE,2026-09-11,DRAFT_FOR_REVIEW
IN-01345,Narmadapuram Nature & Scenic Region,Madhya Pradesh,Narmadapuram,,NATURE_REGION,INDIA_NATURE,,Regional nature/scenic discovery hub. Exact attraction matching is resolved separately; this row is a draft regional candidate.,,,,,CANDIDATE,AI-curated regional discovery candidate; verify against authoritative local source,,,AI_CURATED_REGION_CANDIDATE,2026-09-11,DRAFT_FOR_REVIEW
IN-01346,Chhindwara Nature & Scenic Region,Madhya Pradesh,Chhindwara,,NATURE_REGION,INDIA_NATURE,,Regional nature/scenic discovery hub. Exact attraction matching is resolved separately; this row is a draft regional candidate.,,,,,CANDIDATE,AI-curated regional discovery candidate; verify against authoritative local source,,,AI_CURATED_REGION_CANDIDATE,2026-09-11,DRAFT_FOR_REVIEW
IN-01347,Chhindwara Nature & Scenic Region,Madhya Pradesh,Chhindwara,,NATURE_REGION,INDIA_NATURE,,Regional nature/scenic discovery hub. Exact attraction matching is resolved separately; this row is a draft regional candidate.,,,,,CANDIDATE,AI-curated regional discovery candidate; verify against authoritative local source,,,AI_CURATED_REGION_CANDIDATE,2026-09-11,DRAFT_FOR_REVIEW
IN-01348,Betul Nature & Scenic Region,Madhya Pradesh,Betul,,NATURE_REGION,INDIA_NATURE,,Regional nature/scenic discovery hub. Exact attraction matching is resolved separately; this row is a draft regional candidate.,,,,,CANDIDATE,AI-curated regional discovery candidate; verify against authoritative local source,,,AI_CURATED_REGION_CANDIDATE,2026-09-11,DRAFT_FOR_REVIEW
IN-01349,Betul Nature & Scenic Region,Madhya Pradesh,Betul,,NATURE_REGION,INDIA_NATURE,,Regional nature/scenic discovery hub. Exact attraction matching is resolved separately; this row is a draft regional candidate.,,,,,CANDIDATE,AI-curated regional discovery candidate; verify against authoritative local source,,,AI_CURATED_REGION_CANDIDATE,2026-09-11,DRAFT_FOR_REVIEW
IN-01350,Mandla Nature & Scenic Region,Madhya Pradesh,Mandla,,NATURE_REGION,INDIA_NATURE,,Regional nature/scenic discovery hub. Exact attraction matching is resolved separately; this row is a draft regional candidate.,,,,,CANDIDATE,AI-curated regional discovery candidate; verify against authoritative local source,,,AI_CURATED_REGION_CANDIDATE,2026-09-11,DRAFT_FOR_REVIEW
IN-01351,Mandla Nature & Scenic Region,Madhya Pradesh,Mandla,,NATURE_REGION,INDIA_NATURE,,Regional nature/scenic discovery hub. Exact attraction matching is resolved separately; this row is a draft regional candidate.,,,,,CANDIDATE,AI-curated regional discovery candidate; verify against authoritative local source,,,AI_CURATED_REGION_CANDIDATE,2026-09-11,DRAFT_FOR_REVIEW
IN-01352,Balaghat Nature & Scenic Region,Madhya Pradesh,Balaghat,,NATURE_REGION,INDIA_NATURE,,Regional nature/scenic discovery hub. Exact attraction matching is resolved separately; this row is a draft regional candidate.,,,,,CANDIDATE,AI-curated regional discovery candidate; verify against authoritative local source,,,AI_CURATED_REGION_CANDIDATE,2026-09-11,DRAFT_FOR_REVIEW
IN-01353,Balaghat Nature & Scenic Region,Madhya Pradesh,Balaghat,,NATURE_REGION,INDIA_NATURE,,Regional nature/scenic discovery hub. Exact attraction matching is resolved separately; this row is a draft regional candidate.,,,,,CANDIDATE,AI-curated regional discovery candidate; verify against authoritative local source,,,AI_CURATED_REGION_CANDIDATE,2026-09-11,DRAFT_FOR_REVIEW
IN-01354,Dindori Nature & Scenic Region,Madhya Pradesh,Dindori,,NATURE_REGION,INDIA_NATURE,,Regional nature/scenic discovery hub. Exact attraction matching is resolved separately; this row is a draft regional candidate.,,,,,CANDIDATE,AI-curated regional discovery candidate; verify against authoritative local source,,,AI_CURATED_REGION_CANDIDATE,2026-09-11,DRAFT_FOR_REVIEW
IN-01355,Dindori Nature & Scenic Region,Madhya Pradesh,Dindori,,NATURE_REGION,INDIA_NATURE,,Regional nature/scenic discovery hub. Exact attraction matching is resolved separately; this row is a draft regional candidate.,,,,,CANDIDATE,AI-curated regional discovery candidate; verify against authoritative local source,,,AI_CURATED_REGION_CANDIDATE,2026-09-11,DRAFT_FOR_REVIEW
IN-01356,Anuppur Nature & Scenic Region,Madhya Pradesh,Anuppur,,NATURE_REGION,INDIA_NATURE,,Regional nature/scenic discovery hub. Exact attraction matching is resolved separately; this row is a draft regional candidate.,,,,,CANDIDATE,AI-curated regional discovery candidate; verify against authoritative local source,,,AI_CURATED_REGION_CANDIDATE,2026-09-11,DRAFT_FOR_REVIEW
IN-01357,Anuppur Nature & Scenic Region,Madhya Pradesh,Anuppur,,NATURE_REGION,INDIA_NATURE,,Regional nature/scenic discovery hub. Exact attraction matching is resolved separately; this row is a draft regional candidate.,,,,,CANDIDATE,AI-curated regional discovery candidate; verify against authoritative local source,,,AI_CURATED_REGION_CANDIDATE,2026-09-11,DRAFT_FOR_REVIEW
IN-01358,Shahdol Nature & Scenic Region,Madhya Pradesh,Shahdol,,NATURE_REGION,INDIA_NATURE,,Regional nature/scenic discovery hub. Exact attraction matching is resolved separately; this row is a draft regional candidate.,,,,,CANDIDATE,AI-curated regional discovery candidate; verify against authoritative local source,,,AI_CURATED_REGION_CANDIDATE,2026-09-11,DRAFT_FOR_REVIEW
IN-01359,Shahdol Nature & Scenic Region,Madhya Pradesh,Shahdol,,NATURE_REGION,INDIA_NATURE,,Regional nature/scenic discovery hub. Exact attraction matching is resolved separately; this row is a draft regional candidate.,,,,,CANDIDATE,AI-curated regional discovery candidate; verify against authoritative local source,,,AI_CURATED_REGION_CANDIDATE,2026-09-11,DRAFT_FOR_REVIEW
IN-01360,Umaria Nature & Scenic Region,Madhya Pradesh,Umaria,,NATURE_REGION,INDIA_NATURE,,Regional nature/scenic discovery hub. Exact attraction matching is resolved separately; this row is a draft regional candidate.,,,,,CANDIDATE,AI-curated regional discovery candidate; verify against authoritative local source,,,AI_CURATED_REGION_CANDIDATE,2026-09-11,DRAFT_FOR_REVIEW
IN-01361,Umaria Nature & Scenic Region,Madhya Pradesh,Umaria,,NATURE_REGION,INDIA_NATURE,,Regional nature/scenic discovery hub. Exact attraction matching is resolved separately; this row is a draft regional candidate.,,,,,CANDIDATE,AI-curated regional discovery candidate; verify against authoritative local source,,,AI_CURATED_REGION_CANDIDATE,2026-09-11,DRAFT_FOR_REVIEW
IN-01362,Panna Nature & Scenic Region,Madhya Pradesh,Panna,,NATURE_REGION,INDIA_NATURE,,Regional nature/scenic discovery hub. Exact attraction matching is resolved separately; this row is a draft regional candidate.,,,,,CANDIDATE,AI-curated regional discovery candidate; verify against authoritative local source,,,AI_CURATED_REGION_CANDIDATE,2026-09-11,DRAFT_FOR_REVIEW
IN-01363,Panna Nature & Scenic Region,Madhya Pradesh,Panna,,NATURE_REGION,INDIA_NATURE,,Regional nature/scenic discovery hub. Exact attraction matching is resolved separately; this row is a draft regional candidate.,,,,,CANDIDATE,AI-curated regional discovery candidate; verify against authoritative local source,,,AI_CURATED_REGION_CANDIDATE,2026-09-11,DRAFT_FOR_REVIEW
IN-01364,Chhatarpur Nature & Scenic Region,Madhya Pradesh,Chhatarpur,,NATURE_REGION,INDIA_NATURE,,Regional nature/scenic discovery hub. Exact attraction matching is resolved separately; this row is a draft regional candidate.,,,,,CANDIDATE,AI-curated regional discovery candidate; verify against authoritative local source,,,AI_CURATED_REGION_CANDIDATE,2026-09-11,DRAFT_FOR_REVIEW
IN-01365,Chhatarpur Nature & Scenic Region,Madhya Pradesh,Chhatarpur,,NATURE_REGION,INDIA_NATURE,,Regional nature/scenic discovery hub. Exact attraction matching is resolved separately; this row is a draft regional candidate.,,,,,CANDIDATE,AI-curated regional discovery candidate; verify against authoritative local source,,,AI_CURATED_REGION_CANDIDATE,2026-09-11,DRAFT_FOR_REVIEW
IN-01366,Shivpuri Nature & Scenic Region,Madhya Pradesh,Shivpuri,,NATURE_REGION,INDIA_NATURE,,Regional nature/scenic discovery hub. Exact attraction matching is resolved separately; this row is a draft regional candidate.,,,,,CANDIDATE,AI-curated regional discovery candidate; verify against authoritative local source,,,AI_CURATED_REGION_CANDIDATE,2026-09-11,DRAFT_FOR_REVIEW
IN-01367,Shivpuri Nature & Scenic Region,Madhya Pradesh,Shivpuri,,NATURE_REGION,INDIA_NATURE,,Regional nature/scenic discovery hub. Exact attraction matching is resolved separately; this row is a draft regional candidate.,,,,,CANDIDATE,AI-curated regional discovery candidate; verify against authoritative local source,,,AI_CURATED_REGION_CANDIDATE,2026-09-11,DRAFT_FOR_REVIEW
IN-01368,Sheopur Nature & Scenic Region,Madhya Pradesh,Sheopur,,NATURE_REGION,INDIA_NATURE,,Regional nature/scenic discovery hub. Exact attraction matching is resolved separately; this row is a draft regional candidate.,,,,,CANDIDATE,AI-curated regional discovery candidate; verify against authoritative local source,,,AI_CURATED_REGION_CANDIDATE,2026-09-11,DRAFT_FOR_REVIEW
IN-01369,Sheopur Nature & Scenic Region,Madhya Pradesh,Sheopur,,NATURE_REGION,INDIA_NATURE,,Regional nature/scenic discovery hub. Exact attraction matching is resolved separately; this row is a draft regional candidate.,,,,,CANDIDATE,AI-curated regional discovery candidate; verify against authoritative local source,,,AI_CURATED_REGION_CANDIDATE,2026-09-11,DRAFT_FOR_REVIEW
IN-01370,Kutch Nature & Scenic Region,Gujarat,Kutch,,NATURE_REGION,INDIA_NATURE,,Regional nature/scenic discovery hub. Exact attraction matching is resolved separately; this row is a draft regional candidate.,,,,,CANDIDATE,AI-curated regional discovery candidate; verify against authoritative local source,,,AI_CURATED_REGION_CANDIDATE,2026-09-11,DRAFT_FOR_REVIEW
IN-01371,Kutch Nature & Scenic Region,Gujarat,Kutch,,NATURE_REGION,INDIA_NATURE,,Regional nature/scenic discovery hub. Exact attraction matching is resolved separately; this row is a draft regional candidate.,,,,,CANDIDATE,AI-curated regional discovery candidate; verify against authoritative local source,,,AI_CURATED_REGION_CANDIDATE,2026-09-11,DRAFT_FOR_REVIEW
IN-01372,Dang Nature & Scenic Region,Gujarat,Dang,,NATURE_REGION,INDIA_NATURE,,Regional nature/scenic discovery hub. Exact attraction matching is resolved separately; this row is a draft regional candidate.,,,,,CANDIDATE,AI-curated regional discovery candidate; verify against authoritative local source,,,AI_CURATED_REGION_CANDIDATE,2026-09-11,DRAFT_FOR_REVIEW
IN-01373,Dang Nature & Scenic Region,Gujarat,Dang,,NATURE_REGION,INDIA_NATURE,,Regional nature/scenic discovery hub. Exact attraction matching is resolved separately; this row is a draft regional candidate.,,,,,CANDIDATE,AI-curated regional discovery candidate; verify against authoritative local source,,,AI_CURATED_REGION_CANDIDATE,2026-09-11,DRAFT_FOR_REVIEW
IN-01374,Narmada Nature & Scenic Region,Gujarat,Narmada,,NATURE_REGION,INDIA_NATURE,,Regional nature/scenic discovery hub. Exact attraction matching is resolved separately; this row is a draft regional candidate.,,,,,CANDIDATE,AI-curated regional discovery candidate; verify against authoritative local source,,,AI_CURATED_REGION_CANDIDATE,2026-09-11,DRAFT_FOR_REVIEW
IN-01375,Narmada Nature & Scenic Region,Gujarat,Narmada,,NATURE_REGION,INDIA_NATURE,,Regional nature/scenic discovery hub. Exact attraction matching is resolved separately; this row is a draft regional candidate.,,,,,CANDIDATE,AI-curated regional discovery candidate; verify against authoritative local source,,,AI_CURATED_REGION_CANDIDATE,2026-09-11,DRAFT_FOR_REVIEW
IN-01376,Sabarkantha Nature & Scenic Region,Gujarat,Sabarkantha,,NATURE_REGION,INDIA_NATURE,,Regional nature/scenic discovery hub. Exact attraction matching is resolved separately; this row is a draft regional candidate.,,,,,CANDIDATE,AI-curated regional discovery candidate; verify against authoritative local source,,,AI_CURATED_REGION_CANDIDATE,2026-09-11,DRAFT_FOR_REVIEW
IN-01377,Sabarkantha Nature & Scenic Region,Gujarat,Sabarkantha,,NATURE_REGION,INDIA_NATURE,,Regional nature/scenic discovery hub. Exact attraction matching is resolved separately; this row is a draft regional candidate.,,,,,CANDIDATE,AI-curated regional discovery candidate; verify against authoritative local source,,,AI_CURATED_REGION_CANDIDATE,2026-09-11,DRAFT_FOR_REVIEW
IN-01378,Panchmahal Nature & Scenic Region,Gujarat,Panchmahal,,NATURE_REGION,INDIA_NATURE,,Regional nature/scenic discovery hub. Exact attraction matching is resolved separately; this row is a draft regional candidate.,,,,,CANDIDATE,AI-curated regional discovery candidate; verify against authoritative local source,,,AI_CURATED_REGION_CANDIDATE,2026-09-11,DRAFT_FOR_REVIEW
IN-01379,Panchmahal Nature & Scenic Region,Gujarat,Panchmahal,,NATURE_REGION,INDIA_NATURE,,Regional nature/scenic discovery hub. Exact attraction matching is resolved separately; this row is a draft regional candidate.,,,,,CANDIDATE,AI-curated regional discovery candidate; verify against authoritative local source,,,AI_CURATED_REGION_CANDIDATE,2026-09-11,DRAFT_FOR_REVIEW
IN-01380,Junagadh Nature & Scenic Region,Gujarat,Junagadh,,NATURE_REGION,INDIA_NATURE,,Regional nature/scenic discovery hub. Exact attraction matching is resolved separately; this row is a draft regional candidate.,,,,,CANDIDATE,AI-curated regional discovery candidate; verify against authoritative local source,,,AI_CURATED_REGION_CANDIDATE,2026-09-11,DRAFT_FOR_REVIEW
IN-01381,Junagadh Nature & Scenic Region,Gujarat,Junagadh,,NATURE_REGION,INDIA_NATURE,,Regional nature/scenic discovery hub. Exact attraction matching is resolved separately; this row is a draft regional candidate.,,,,,CANDIDATE,AI-curated regional discovery candidate; verify against authoritative local source,,,AI_CURATED_REGION_CANDIDATE,2026-09-11,DRAFT_FOR_REVIEW
IN-01382,Gir Somnath Nature & Scenic Region,Gujarat,Gir Somnath,,NATURE_REGION,INDIA_NATURE,,Regional nature/scenic discovery hub. Exact attraction matching is resolved separately; this row is a draft regional candidate.,,,,,CANDIDATE,AI-curated regional discovery candidate; verify against authoritative local source,,,AI_CURATED_REGION_CANDIDATE,2026-09-11,DRAFT_FOR_REVIEW
IN-01383,Gir Somnath Nature & Scenic Region,Gujarat,Gir Somnath,,NATURE_REGION,INDIA_NATURE,,Regional nature/scenic discovery hub. Exact attraction matching is resolved separately; this row is a draft regional candidate.,,,,,CANDIDATE,AI-curated regional discovery candidate; verify against authoritative local source,,,AI_CURATED_REGION_CANDIDATE,2026-09-11,DRAFT_FOR_REVIEW
IN-01384,Jamnagar Nature & Scenic Region,Gujarat,Jamnagar,,NATURE_REGION,INDIA_NATURE,,Regional nature/scenic discovery hub. Exact attraction matching is resolved separately; this row is a draft regional candidate.,,,,,CANDIDATE,AI-curated regional discovery candidate; verify against authoritative local source,,,AI_CURATED_REGION_CANDIDATE,2026-09-11,DRAFT_FOR_REVIEW
IN-01385,Jamnagar Nature & Scenic Region,Gujarat,Jamnagar,,NATURE_REGION,INDIA_NATURE,,Regional nature/scenic discovery hub. Exact attraction matching is resolved separately; this row is a draft regional candidate.,,,,,CANDIDATE,AI-curated regional discovery candidate; verify against authoritative local source,,,AI_CURATED_REGION_CANDIDATE,2026-09-11,DRAFT_FOR_REVIEW
IN-01386,Devbhumi Dwarka Nature & Scenic Region,Gujarat,Devbhumi Dwarka,,NATURE_REGION,INDIA_NATURE,,Regional nature/scenic discovery hub. Exact attraction matching is resolved separately; this row is a draft regional candidate.,,,,,CANDIDATE,AI-curated regional discovery candidate; verify against authoritative local source,,,AI_CURATED_REGION_CANDIDATE,2026-09-11,DRAFT_FOR_REVIEW
IN-01387,Devbhumi Dwarka Nature & Scenic Region,Gujarat,Devbhumi Dwarka,,NATURE_REGION,INDIA_NATURE,,Regional nature/scenic discovery hub. Exact attraction matching is resolved separately; this row is a draft regional candidate.,,,,,CANDIDATE,AI-curated regional discovery candidate; verify against authoritative local source,,,AI_CURATED_REGION_CANDIDATE,2026-09-11,DRAFT_FOR_REVIEW
IN-01388,Valsad Nature & Scenic Region,Gujarat,Valsad,,NATURE_REGION,INDIA_NATURE,,Regional nature/scenic discovery hub. Exact attraction matching is resolved separately; this row is a draft regional candidate.,,,,,CANDIDATE,AI-curated regional discovery candidate; verify against authoritative local source,,,AI_CURATED_REGION_CANDIDATE,2026-09-11,DRAFT_FOR_REVIEW
IN-01389,Valsad Nature & Scenic Region,Gujarat,Valsad,,NATURE_REGION,INDIA_NATURE,,Regional nature/scenic discovery hub. Exact attraction matching is resolved separately; this row is a draft regional candidate.,,,,,CANDIDATE,AI-curated regional discovery candidate; verify against authoritative local source,,,AI_CURATED_REGION_CANDIDATE,2026-09-11,DRAFT_FOR_REVIEW
IN-01390,Navsari Nature & Scenic Region,Gujarat,Navsari,,NATURE_REGION,INDIA_NATURE,,Regional nature/scenic discovery hub. Exact attraction matching is resolved separately; this row is a draft regional candidate.,,,,,CANDIDATE,AI-curated regional discovery candidate; verify against authoritative local source,,,AI_CURATED_REGION_CANDIDATE,2026-09-11,DRAFT_FOR_REVIEW
IN-01391,Navsari Nature & Scenic Region,Gujarat,Navsari,,NATURE_REGION,INDIA_NATURE,,Regional nature/scenic discovery hub. Exact attraction matching is resolved separately; this row is a draft regional candidate.,,,,,CANDIDATE,AI-curated regional discovery candidate; verify against authoritative local source,,,AI_CURATED_REGION_CANDIDATE,2026-09-11,DRAFT_FOR_REVIEW
IN-01392,Surat Nature & Scenic Region,Gujarat,Surat,,NATURE_REGION,INDIA_NATURE,,Regional nature/scenic discovery hub. Exact attraction matching is resolved separately; this row is a draft regional candidate.,,,,,CANDIDATE,AI-curated regional discovery candidate; verify against authoritative local source,,,AI_CURATED_REGION_CANDIDATE,2026-09-11,DRAFT_FOR_REVIEW
IN-01393,Surat Nature & Scenic Region,Gujarat,Surat,,NATURE_REGION,INDIA_NATURE,,Regional nature/scenic discovery hub. Exact attraction matching is resolved separately; this row is a draft regional candidate.,,,,,CANDIDATE,AI-curated regional discovery candidate; verify against authoritative local source,,,AI_CURATED_REGION_CANDIDATE,2026-09-11,DRAFT_FOR_REVIEW
IN-01394,Udaipur Nature & Scenic Region,Rajasthan,Udaipur,,NATURE_REGION,INDIA_NATURE,,Regional nature/scenic discovery hub. Exact attraction matching is resolved separately; this row is a draft regional candidate.,,,,,CANDIDATE,AI-curated regional discovery candidate; verify against authoritative local source,,,AI_CURATED_REGION_CANDIDATE,2026-09-11,DRAFT_FOR_REVIEW
IN-01395,Udaipur Nature & Scenic Region,Rajasthan,Udaipur,,NATURE_REGION,INDIA_NATURE,,Regional nature/scenic discovery hub. Exact attraction matching is resolved separately; this row is a draft regional candidate.,,,,,CANDIDATE,AI-curated regional discovery candidate; verify against authoritative local source,,,AI_CURATED_REGION_CANDIDATE,2026-09-11,DRAFT_FOR_REVIEW
IN-01396,Sirohi Nature & Scenic Region,Rajasthan,Sirohi,,NATURE_REGION,INDIA_NATURE,,Regional nature/scenic discovery hub. Exact attraction matching is resolved separately; this row is a draft regional candidate.,,,,,CANDIDATE,AI-curated regional discovery candidate; verify against authoritative local source,,,AI_CURATED_REGION_CANDIDATE,2026-09-11,DRAFT_FOR_REVIEW
IN-01397,Sirohi Nature & Scenic Region,Rajasthan,Sirohi,,NATURE_REGION,INDIA_NATURE,,Regional nature/scenic discovery hub. Exact attraction matching is resolved separately; this row is a draft regional candidate.,,,,,CANDIDATE,AI-curated regional discovery candidate; verify against authoritative local source,,,AI_CURATED_REGION_CANDIDATE,2026-09-11,DRAFT_FOR_REVIEW
IN-01398,Bundi Nature & Scenic Region,Rajasthan,Bundi,,NATURE_REGION,INDIA_NATURE,,Regional nature/scenic discovery hub. Exact attraction matching is resolved separately; this row is a draft regional candidate.,,,,,CANDIDATE,AI-curated regional discovery candidate; verify against authoritative local source,,,AI_CURATED_REGION_CANDIDATE,2026-09-11,DRAFT_FOR_REVIEW
IN-01399,Bundi Nature & Scenic Region,Rajasthan,Bundi,,NATURE_REGION,INDIA_NATURE,,Regional nature/scenic discovery hub. Exact attraction matching is resolved separately; this row is a draft regional candidate.,,,,,CANDIDATE,AI-curated regional discovery candidate; verify against authoritative local source,,,AI_CURATED_REGION_CANDIDATE,2026-09-11,DRAFT_FOR_REVIEW
IN-01400,Kota Nature & Scenic Region,Rajasthan,Kota,,NATURE_REGION,INDIA_NATURE,,Regional nature/scenic discovery hub. Exact attraction matching is resolved separately; this row is a draft regional candidate.,,,,,CANDIDATE,AI-curated regional discovery candidate; verify against authoritative local source,,,AI_CURATED_REGION_CANDIDATE,2026-09-11,DRAFT_FOR_REVIEW
IN-01401,Kota Nature & Scenic Region,Rajasthan,Kota,,NATURE_REGION,INDIA_NATURE,,Regional nature/scenic discovery hub. Exact attraction matching is resolved separately; this row is a draft regional candidate.,,,,,CANDIDATE,AI-curated regional discovery candidate; verify against authoritative local source,,,AI_CURATED_REGION_CANDIDATE,2026-09-11,DRAFT_FOR_REVIEW
IN-01402,Bharatpur Nature & Scenic Region,Rajasthan,Bharatpur,,NATURE_REGION,INDIA_NATURE,,Regional nature/scenic discovery hub. Exact attraction matching is resolved separately; this row is a draft regional candidate.,,,,,CANDIDATE,AI-curated regional discovery candidate; verify against authoritative local source,,,AI_CURATED_REGION_CANDIDATE,2026-09-11,DRAFT_FOR_REVIEW
IN-01403,Bharatpur Nature & Scenic Region,Rajasthan,Bharatpur,,NATURE_REGION,INDIA_NATURE,,Regional nature/scenic discovery hub. Exact attraction matching is resolved separately; this row is a draft regional candidate.,,,,,CANDIDATE,AI-curated regional discovery candidate; verify against authoritative local source,,,AI_CURATED_REGION_CANDIDATE,2026-09-11,DRAFT_FOR_REVIEW
IN-01404,Alwar Nature & Scenic Region,Rajasthan,Alwar,,NATURE_REGION,INDIA_NATURE,,Regional nature/scenic discovery hub. Exact attraction matching is resolved separately; this row is a draft regional candidate.,,,,,CANDIDATE,AI-curated regional discovery candidate; verify against authoritative local source,,,AI_CURATED_REGION_CANDIDATE,2026-09-11,DRAFT_FOR_REVIEW
IN-01405,Alwar Nature & Scenic Region,Rajasthan,Alwar,,NATURE_REGION,INDIA_NATURE,,Regional nature/scenic discovery hub. Exact attraction matching is resolved separately; this row is a draft regional candidate.,,,,,CANDIDATE,AI-curated regional discovery candidate; verify against authoritative local source,,,AI_CURATED_REGION_CANDIDATE,2026-09-11,DRAFT_FOR_REVIEW
IN-01406,Sawai Madhopur Nature & Scenic Region,Rajasthan,Sawai Madhopur,,NATURE_REGION,INDIA_NATURE,,Regional nature/scenic discovery hub. Exact attraction matching is resolved separately; this row is a draft regional candidate.,,,,,CANDIDATE,AI-curated regional discovery candidate; verify against authoritative local source,,,AI_CURATED_REGION_CANDIDATE,2026-09-11,DRAFT_FOR_REVIEW
IN-01407,Sawai Madhopur Nature & Scenic Region,Rajasthan,Sawai Madhopur,,NATURE_REGION,INDIA_NATURE,,Regional nature/scenic discovery hub. Exact attraction matching is resolved separately; this row is a draft regional candidate.,,,,,CANDIDATE,AI-curated regional discovery candidate; verify against authoritative local source,,,AI_CURATED_REGION_CANDIDATE,2026-09-11,DRAFT_FOR_REVIEW
IN-01408,Jaisalmer Nature & Scenic Region,Rajasthan,Jaisalmer,,NATURE_REGION,INDIA_NATURE,,Regional nature/scenic discovery hub. Exact attraction matching is resolved separately; this row is a draft regional candidate.,,,,,CANDIDATE,AI-curated regional discovery candidate; verify against authoritative local source,,,AI_CURATED_REGION_CANDIDATE,2026-09-11,DRAFT_FOR_REVIEW
IN-01409,Jaisalmer Nature & Scenic Region,Rajasthan,Jaisalmer,,NATURE_REGION,INDIA_NATURE,,Regional nature/scenic discovery hub. Exact attraction matching is resolved separately; this row is a draft regional candidate.,,,,,CANDIDATE,AI-curated regional discovery candidate; verify against authoritative local source,,,AI_CURATED_REGION_CANDIDATE,2026-09-11,DRAFT_FOR_REVIEW
IN-01410,Barmer Nature & Scenic Region,Rajasthan,Barmer,,NATURE_REGION,INDIA_NATURE,,Regional nature/scenic discovery hub. Exact attraction matching is resolved separately; this row is a draft regional candidate.,,,,,CANDIDATE,AI-curated regional discovery candidate; verify against authoritative local source,,,AI_CURATED_REGION_CANDIDATE,2026-09-11,DRAFT_FOR_REVIEW
IN-01411,Barmer Nature & Scenic Region,Rajasthan,Barmer,,NATURE_REGION,INDIA_NATURE,,Regional nature/scenic discovery hub. Exact attraction matching is resolved separately; this row is a draft regional candidate.,,,,,CANDIDATE,AI-curated regional discovery candidate; verify against authoritative local source,,,AI_CURATED_REGION_CANDIDATE,2026-09-11,DRAFT_FOR_REVIEW
IN-01412,Jodhpur Nature & Scenic Region,Rajasthan,Jodhpur,,NATURE_REGION,INDIA_NATURE,,Regional nature/scenic discovery hub. Exact attraction matching is resolved separately; this row is a draft regional candidate.,,,,,CANDIDATE,AI-curated regional discovery candidate; verify against authoritative local source,,,AI_CURATED_REGION_CANDIDATE,2026-09-11,DRAFT_FOR_REVIEW
IN-01413,Jodhpur Nature & Scenic Region,Rajasthan,Jodhpur,,NATURE_REGION,INDIA_NATURE,,Regional nature/scenic discovery hub. Exact attraction matching is resolved separately; this row is a draft regional candidate.,,,,,CANDIDATE,AI-curated regional discovery candidate; verify against authoritative local source,,,AI_CURATED_REGION_CANDIDATE,2026-09-11,DRAFT_FOR_REVIEW
IN-01414,Bikaner Nature & Scenic Region,Rajasthan,Bikaner,,NATURE_REGION,INDIA_NATURE,,Regional nature/scenic discovery hub. Exact attraction matching is resolved separately; this row is a draft regional candidate.,,,,,CANDIDATE,AI-curated regional discovery candidate; verify against authoritative local source,,,AI_CURATED_REGION_CANDIDATE,2026-09-11,DRAFT_FOR_REVIEW
IN-01415,Bikaner Nature & Scenic Region,Rajasthan,Bikaner,,NATURE_REGION,INDIA_NATURE,,Regional nature/scenic discovery hub. Exact attraction matching is resolved separately; this row is a draft regional candidate.,,,,,CANDIDATE,AI-curated regional discovery candidate; verify against authoritative local source,,,AI_CURATED_REGION_CANDIDATE,2026-09-11,DRAFT_FOR_REVIEW
IN-01416,Chittorgarh Nature & Scenic Region,Rajasthan,Chittorgarh,,NATURE_REGION,INDIA_NATURE,,Regional nature/scenic discovery hub. Exact attraction matching is resolved separately; this row is a draft regional candidate.,,,,,CANDIDATE,AI-curated regional discovery candidate; verify against authoritative local source,,,AI_CURATED_REGION_CANDIDATE,2026-09-11,DRAFT_FOR_REVIEW
IN-01417,Chittorgarh Nature & Scenic Region,Rajasthan,Chittorgarh,,NATURE_REGION,INDIA_NATURE,,Regional nature/scenic discovery hub. Exact attraction matching is resolved separately; this row is a draft regional candidate.,,,,,CANDIDATE,AI-curated regional discovery candidate; verify against authoritative local source,,,AI_CURATED_REGION_CANDIDATE,2026-09-11,DRAFT_FOR_REVIEW
IN-01418,Rajsamand Nature & Scenic Region,Rajasthan,Rajsamand,,NATURE_REGION,INDIA_NATURE,,Regional nature/scenic discovery hub. Exact attraction matching is resolved separately; this row is a draft regional candidate.,,,,,CANDIDATE,AI-curated regional discovery candidate; verify against authoritative local source,,,AI_CURATED_REGION_CANDIDATE,2026-09-11,DRAFT_FOR_REVIEW
IN-01419,Rajsamand Nature & Scenic Region,Rajasthan,Rajsamand,,NATURE_REGION,INDIA_NATURE,,Regional nature/scenic discovery hub. Exact attraction matching is resolved separately; this row is a draft regional candidate.,,,,,CANDIDATE,AI-curated regional discovery candidate; verify against authoritative local source,,,AI_CURATED_REGION_CANDIDATE,2026-09-11,DRAFT_FOR_REVIEW
IN-01420,Dausa Nature & Scenic Region,Rajasthan,Dausa,,NATURE_REGION,INDIA_NATURE,,Regional nature/scenic discovery hub. Exact attraction matching is resolved separately; this row is a draft regional candidate.,,,,,CANDIDATE,AI-curated regional discovery candidate; verify against authoritative local source,,,AI_CURATED_REGION_CANDIDATE,2026-09-11,DRAFT_FOR_REVIEW
IN-01421,Dausa Nature & Scenic Region,Rajasthan,Dausa,,NATURE_REGION,INDIA_NATURE,,Regional nature/scenic discovery hub. Exact attraction matching is resolved separately; this row is a draft regional candidate.,,,,,CANDIDATE,AI-curated regional discovery candidate; verify against authoritative local source,,,AI_CURATED_REGION_CANDIDATE,2026-09-11,DRAFT_FOR_REVIEW
IN-01422,Dholpur Nature & Scenic Region,Rajasthan,Dholpur,,NATURE_REGION,INDIA_NATURE,,Regional nature/scenic discovery hub. Exact attraction matching is resolved separately; this row is a draft regional candidate.,,,,,CANDIDATE,AI-curated regional discovery candidate; verify against authoritative local source,,,AI_CURATED_REGION_CANDIDATE,2026-09-11,DRAFT_FOR_REVIEW
IN-01423,Dholpur Nature & Scenic Region,Rajasthan,Dholpur,,NATURE_REGION,INDIA_NATURE,,Regional nature/scenic discovery hub. Exact attraction matching is resolved separately; this row is a draft regional candidate.,,,,,CANDIDATE,AI-curated regional discovery candidate; verify against authoritative local source,,,AI_CURATED_REGION_CANDIDATE,2026-09-11,DRAFT_FOR_REVIEW
IN-01424,Darjeeling Nature & Scenic Region,West Bengal,Darjeeling,,NATURE_REGION,INDIA_NATURE,,Regional nature/scenic discovery hub. Exact attraction matching is resolved separately; this row is a draft regional candidate.,,,,,CANDIDATE,AI-curated regional discovery candidate; verify against authoritative local source,,,AI_CURATED_REGION_CANDIDATE,2026-09-11,DRAFT_FOR_REVIEW
IN-01425,Darjeeling Nature & Scenic Region,West Bengal,Darjeeling,,NATURE_REGION,INDIA_NATURE,,Regional nature/scenic discovery hub. Exact attraction matching is resolved separately; this row is a draft regional candidate.,,,,,CANDIDATE,AI-curated regional discovery candidate; verify against authoritative local source,,,AI_CURATED_REGION_CANDIDATE,2026-09-11,DRAFT_FOR_REVIEW
IN-01426,Kalimpong Nature & Scenic Region,West Bengal,Kalimpong,,NATURE_REGION,INDIA_NATURE,,Regional nature/scenic discovery hub. Exact attraction matching is resolved separately; this row is a draft regional candidate.,,,,,CANDIDATE,AI-curated regional discovery candidate; verify against authoritative local source,,,AI_CURATED_REGION_CANDIDATE,2026-09-11,DRAFT_FOR_REVIEW
IN-01427,Kalimpong Nature & Scenic Region,West Bengal,Kalimpong,,NATURE_REGION,INDIA_NATURE,,Regional nature/scenic discovery hub. Exact attraction matching is resolved separately; this row is a draft regional candidate.,,,,,CANDIDATE,AI-curated regional discovery candidate; verify against authoritative local source,,,AI_CURATED_REGION_CANDIDATE,2026-09-11,DRAFT_FOR_REVIEW
IN-01428,Alipurduar Nature & Scenic Region,West Bengal,Alipurduar,,NATURE_REGION,INDIA_NATURE,,Regional nature/scenic discovery hub. Exact attraction matching is resolved separately; this row is a draft regional candidate.,,,,,CANDIDATE,AI-curated regional discovery candidate; verify against authoritative local source,,,AI_CURATED_REGION_CANDIDATE,2026-09-11,DRAFT_FOR_REVIEW
IN-01429,Alipurduar Nature & Scenic Region,West Bengal,Alipurduar,,NATURE_REGION,INDIA_NATURE,,Regional nature/scenic discovery hub. Exact attraction matching is resolved separately; this row is a draft regional candidate.,,,,,CANDIDATE,AI-curated regional discovery candidate; verify against authoritative local source,,,AI_CURATED_REGION_CANDIDATE,2026-09-11,DRAFT_FOR_REVIEW
IN-01430,Jalpaiguri Nature & Scenic Region,West Bengal,Jalpaiguri,,NATURE_REGION,INDIA_NATURE,,Regional nature/scenic discovery hub. Exact attraction matching is resolved separately; this row is a draft regional candidate.,,,,,CANDIDATE,AI-curated regional discovery candidate; verify against authoritative local source,,,AI_CURATED_REGION_CANDIDATE,2026-09-11,DRAFT_FOR_REVIEW
IN-01431,Jalpaiguri Nature & Scenic Region,West Bengal,Jalpaiguri,,NATURE_REGION,INDIA_NATURE,,Regional nature/scenic discovery hub. Exact attraction matching is resolved separately; this row is a draft regional candidate.,,,,,CANDIDATE,AI-curated regional discovery candidate; verify against authoritative local source,,,AI_CURATED_REGION_CANDIDATE,2026-09-11,DRAFT_FOR_REVIEW
IN-01432,Cooch Behar Nature & Scenic Region,West Bengal,Cooch Behar,,NATURE_REGION,INDIA_NATURE,,Regional nature/scenic discovery hub. Exact attraction matching is resolved separately; this row is a draft regional candidate.,,,,,CANDIDATE,AI-curated regional discovery candidate; verify against authoritative local source,,,AI_CURATED_REGION_CANDIDATE,2026-09-11,DRAFT_FOR_REVIEW
IN-01433,Cooch Behar Nature & Scenic Region,West Bengal,Cooch Behar,,NATURE_REGION,INDIA_NATURE,,Regional nature/scenic discovery hub. Exact attraction matching is resolved separately; this row is a draft regional candidate.,,,,,CANDIDATE,AI-curated regional discovery candidate; verify against authoritative local source,,,AI_CURATED_REGION_CANDIDATE,2026-09-11,DRAFT_FOR_REVIEW
IN-01434,Bankura Nature & Scenic Region,West Bengal,Bankura,,NATURE_REGION,INDIA_NATURE,,Regional nature/scenic discovery hub. Exact attraction matching is resolved separately; this row is a draft regional candidate.,,,,,CANDIDATE,AI-curated regional discovery candidate; verify against authoritative local source,,,AI_CURATED_REGION_CANDIDATE,2026-09-11,DRAFT_FOR_REVIEW
IN-01435,Bankura Nature & Scenic Region,West Bengal,Bankura,,NATURE_REGION,INDIA_NATURE,,Regional nature/scenic discovery hub. Exact attraction matching is resolved separately; this row is a draft regional candidate.,,,,,CANDIDATE,AI-curated regional discovery candidate; verify against authoritative local source,,,AI_CURATED_REGION_CANDIDATE,2026-09-11,DRAFT_FOR_REVIEW
IN-01436,Purulia Nature & Scenic Region,West Bengal,Purulia,,NATURE_REGION,INDIA_NATURE,,Regional nature/scenic discovery hub. Exact attraction matching is resolved separately; this row is a draft regional candidate.,,,,,CANDIDATE,AI-curated regional discovery candidate; verify against authoritative local source,,,AI_CURATED_REGION_CANDIDATE,2026-09-11,DRAFT_FOR_REVIEW
IN-01437,Purulia Nature & Scenic Region,West Bengal,Purulia,,NATURE_REGION,INDIA_NATURE,,Regional nature/scenic discovery hub. Exact attraction matching is resolved separately; this row is a draft regional candidate.,,,,,CANDIDATE,AI-curated regional discovery candidate; verify against authoritative local source,,,AI_CURATED_REGION_CANDIDATE,2026-09-11,DRAFT_FOR_REVIEW
IN-01438,South 24 Parganas Nature & Scenic Region,West Bengal,South 24 Parganas,,NATURE_REGION,INDIA_NATURE,,Regional nature/scenic discovery hub. Exact attraction matching is resolved separately; this row is a draft regional candidate.,,,,,CANDIDATE,AI-curated regional discovery candidate; verify against authoritative local source,,,AI_CURATED_REGION_CANDIDATE,2026-09-11,DRAFT_FOR_REVIEW
IN-01439,South 24 Parganas Nature & Scenic Region,West Bengal,South 24 Parganas,,NATURE_REGION,INDIA_NATURE,,Regional nature/scenic discovery hub. Exact attraction matching is resolved separately; this row is a draft regional candidate.,,,,,CANDIDATE,AI-curated regional discovery candidate; verify against authoritative local source,,,AI_CURATED_REGION_CANDIDATE,2026-09-11,DRAFT_FOR_REVIEW
IN-01440,North 24 Parganas Nature & Scenic Region,West Bengal,North 24 Parganas,,NATURE_REGION,INDIA_NATURE,,Regional nature/scenic discovery hub. Exact attraction matching is resolved separately; this row is a draft regional candidate.,,,,,CANDIDATE,AI-curated regional discovery candidate; verify against authoritative local source,,,AI_CURATED_REGION_CANDIDATE,2026-09-11,DRAFT_FOR_REVIEW
IN-01441,North 24 Parganas Nature & Scenic Region,West Bengal,North 24 Parganas,,NATURE_REGION,INDIA_NATURE,,Regional nature/scenic discovery hub. Exact attraction matching is resolved separately; this row is a draft regional candidate.,,,,,CANDIDATE,AI-curated regional discovery candidate; verify against authoritative local source,,,AI_CURATED_REGION_CANDIDATE,2026-09-11,DRAFT_FOR_REVIEW
IN-01442,East Midnapore Nature & Scenic Region,West Bengal,East Midnapore,,NATURE_REGION,INDIA_NATURE,,Regional nature/scenic discovery hub. Exact attraction matching is resolved separately; this row is a draft regional candidate.,,,,,CANDIDATE,AI-curated regional discovery candidate; verify against authoritative local source,,,AI_CURATED_REGION_CANDIDATE,2026-09-11,DRAFT_FOR_REVIEW
IN-01443,East Midnapore Nature & Scenic Region,West Bengal,East Midnapore,,NATURE_REGION,INDIA_NATURE,,Regional nature/scenic discovery hub. Exact attraction matching is resolved separately; this row is a draft regional candidate.,,,,,CANDIDATE,AI-curated regional discovery candidate; verify against authoritative local source,,,AI_CURATED_REGION_CANDIDATE,2026-09-11,DRAFT_FOR_REVIEW
IN-01444,West Midnapore Nature & Scenic Region,West Bengal,West Midnapore,,NATURE_REGION,INDIA_NATURE,,Regional nature/scenic discovery hub. Exact attraction matching is resolved separately; this row is a draft regional candidate.,,,,,CANDIDATE,AI-curated regional discovery candidate; verify against authoritative local source,,,AI_CURATED_REGION_CANDIDATE,2026-09-11,DRAFT_FOR_REVIEW
IN-01445,West Midnapore Nature & Scenic Region,West Bengal,West Midnapore,,NATURE_REGION,INDIA_NATURE,,Regional nature/scenic discovery hub. Exact attraction matching is resolved separately; this row is a draft regional candidate.,,,,,CANDIDATE,AI-curated regional discovery candidate; verify against authoritative local source,,,AI_CURATED_REGION_CANDIDATE,2026-09-11,DRAFT_FOR_REVIEW
IN-01446,Golaghat Nature & Scenic Region,Assam,Golaghat,,NATURE_REGION,INDIA_NATURE,,Regional nature/scenic discovery hub. Exact attraction matching is resolved separately; this row is a draft regional candidate.,,,,,CANDIDATE,AI-curated regional discovery candidate; verify against authoritative local source,,,AI_CURATED_REGION_CANDIDATE,2026-09-11,DRAFT_FOR_REVIEW
IN-01447,Golaghat Nature & Scenic Region,Assam,Golaghat,,NATURE_REGION,INDIA_NATURE,,Regional nature/scenic discovery hub. Exact attraction matching is resolved separately; this row is a draft regional candidate.,,,,,CANDIDATE,AI-curated regional discovery candidate; verify against authoritative local source,,,AI_CURATED_REGION_CANDIDATE,2026-09-11,DRAFT_FOR_REVIEW
IN-01448,Nagaon Nature & Scenic Region,Assam,Nagaon,,NATURE_REGION,INDIA_NATURE,,Regional nature/scenic discovery hub. Exact attraction matching is resolved separately; this row is a draft regional candidate.,,,,,CANDIDATE,AI-curated regional discovery candidate; verify against authoritative local source,,,AI_CURATED_REGION_CANDIDATE,2026-09-11,DRAFT_FOR_REVIEW
IN-01449,Nagaon Nature & Scenic Region,Assam,Nagaon,,NATURE_REGION,INDIA_NATURE,,Regional nature/scenic discovery hub. Exact attraction matching is resolved separately; this row is a draft regional candidate.,,,,,CANDIDATE,AI-curated regional discovery candidate; verify against authoritative local source,,,AI_CURATED_REGION_CANDIDATE,2026-09-11,DRAFT_FOR_REVIEW
IN-01450,Sonitpur Nature & Scenic Region,Assam,Sonitpur,,NATURE_REGION,INDIA_NATURE,,Regional nature/scenic discovery hub. Exact attraction matching is resolved separately; this row is a draft regional candidate.,,,,,CANDIDATE,AI-curated regional discovery candidate; verify against authoritative local source,,,AI_CURATED_REGION_CANDIDATE,2026-09-11,DRAFT_FOR_REVIEW
IN-01451,Sonitpur Nature & Scenic Region,Assam,Sonitpur,,NATURE_REGION,INDIA_NATURE,,Regional nature/scenic discovery hub. Exact attraction matching is resolved separately; this row is a draft regional candidate.,,,,,CANDIDATE,AI-curated regional discovery candidate; verify against authoritative local source,,,AI_CURATED_REGION_CANDIDATE,2026-09-11,DRAFT_FOR_REVIEW
IN-01452,Dibrugarh Nature & Scenic Region,Assam,Dibrugarh,,NATURE_REGION,INDIA_NATURE,,Regional nature/scenic discovery hub. Exact attraction matching is resolved separately; this row is a draft regional candidate.,,,,,CANDIDATE,AI-curated regional discovery candidate; verify against authoritative local source,,,AI_CURATED_REGION_CANDIDATE,2026-09-11,DRAFT_FOR_REVIEW
IN-01453,Dibrugarh Nature & Scenic Region,Assam,Dibrugarh,,NATURE_REGION,INDIA_NATURE,,Regional nature/scenic discovery hub. Exact attraction matching is resolved separately; this row is a draft regional candidate.,,,,,CANDIDATE,AI-curated regional discovery candidate; verify against authoritative local source,,,AI_CURATED_REGION_CANDIDATE,2026-09-11,DRAFT_FOR_REVIEW
IN-01454,Tinsukia Nature & Scenic Region,Assam,Tinsukia,,NATURE_REGION,INDIA_NATURE,,Regional nature/scenic discovery hub. Exact attraction matching is resolved separately; this row is a draft regional candidate.,,,,,CANDIDATE,AI-curated regional discovery candidate; verify against authoritative local source,,,AI_CURATED_REGION_CANDIDATE,2026-09-11,DRAFT_FOR_REVIEW
IN-01455,Tinsukia Nature & Scenic Region,Assam,Tinsukia,,NATURE_REGION,INDIA_NATURE,,Regional nature/scenic discovery hub. Exact attraction matching is resolved separately; this row is a draft regional candidate.,,,,,CANDIDATE,AI-curated regional discovery candidate; verify against authoritative local source,,,AI_CURATED_REGION_CANDIDATE,2026-09-11,DRAFT_FOR_REVIEW
IN-01456,Dima Hasao Nature & Scenic Region,Assam,Dima Hasao,,NATURE_REGION,INDIA_NATURE,,Regional nature/scenic discovery hub. Exact attraction matching is resolved separately; this row is a draft regional candidate.,,,,,CANDIDATE,AI-curated regional discovery candidate; verify against authoritative local source,,,AI_CURATED_REGION_CANDIDATE,2026-09-11,DRAFT_FOR_REVIEW
IN-01457,Dima Hasao Nature & Scenic Region,Assam,Dima Hasao,,NATURE_REGION,INDIA_NATURE,,Regional nature/scenic discovery hub. Exact attraction matching is resolved separately; this row is a draft regional candidate.,,,,,CANDIDATE,AI-curated regional discovery candidate; verify against authoritative local source,,,AI_CURATED_REGION_CANDIDATE,2026-09-11,DRAFT_FOR_REVIEW
IN-01458,Karbi Anglong Nature & Scenic Region,Assam,Karbi Anglong,,NATURE_REGION,INDIA_NATURE,,Regional nature/scenic discovery hub. Exact attraction matching is resolved separately; this row is a draft regional candidate.,,,,,CANDIDATE,AI-curated regional discovery candidate; verify against authoritative local source,,,AI_CURATED_REGION_CANDIDATE,2026-09-11,DRAFT_FOR_REVIEW
IN-01459,Karbi Anglong Nature & Scenic Region,Assam,Karbi Anglong,,NATURE_REGION,INDIA_NATURE,,Regional nature/scenic discovery hub. Exact attraction matching is resolved separately; this row is a draft regional candidate.,,,,,CANDIDATE,AI-curated regional discovery candidate; verify against authoritative local source,,,AI_CURATED_REGION_CANDIDATE,2026-09-11,DRAFT_FOR_REVIEW
IN-01460,Baksa Nature & Scenic Region,Assam,Baksa,,NATURE_REGION,INDIA_NATURE,,Regional nature/scenic discovery hub. Exact attraction matching is resolved separately; this row is a draft regional candidate.,,,,,CANDIDATE,AI-curated regional discovery candidate; verify against authoritative local source,,,AI_CURATED_REGION_CANDIDATE,2026-09-11,DRAFT_FOR_REVIEW
IN-01461,Baksa Nature & Scenic Region,Assam,Baksa,,NATURE_REGION,INDIA_NATURE,,Regional nature/scenic discovery hub. Exact attraction matching is resolved separately; this row is a draft regional candidate.,,,,,CANDIDATE,AI-curated regional discovery candidate; verify against authoritative local source,,,AI_CURATED_REGION_CANDIDATE,2026-09-11,DRAFT_FOR_REVIEW
IN-01462,Barpeta Nature & Scenic Region,Assam,Barpeta,,NATURE_REGION,INDIA_NATURE,,Regional nature/scenic discovery hub. Exact attraction matching is resolved separately; this row is a draft regional candidate.,,,,,CANDIDATE,AI-curated regional discovery candidate; verify against authoritative local source,,,AI_CURATED_REGION_CANDIDATE,2026-09-11,DRAFT_FOR_REVIEW
IN-01463,Barpeta Nature & Scenic Region,Assam,Barpeta,,NATURE_REGION,INDIA_NATURE,,Regional nature/scenic discovery hub. Exact attraction matching is resolved separately; this row is a draft regional candidate.,,,,,CANDIDATE,AI-curated regional discovery candidate; verify against authoritative local source,,,AI_CURATED_REGION_CANDIDATE,2026-09-11,DRAFT_FOR_REVIEW
IN-01464,Cachar Nature & Scenic Region,Assam,Cachar,,NATURE_REGION,INDIA_NATURE,,Regional nature/scenic discovery hub. Exact attraction matching is resolved separately; this row is a draft regional candidate.,,,,,CANDIDATE,AI-curated regional discovery candidate; verify against authoritative local source,,,AI_CURATED_REGION_CANDIDATE,2026-09-11,DRAFT_FOR_REVIEW
IN-01465,Cachar Nature & Scenic Region,Assam,Cachar,,NATURE_REGION,INDIA_NATURE,,Regional nature/scenic discovery hub. Exact attraction matching is resolved separately; this row is a draft regional candidate.,,,,,CANDIDATE,AI-curated regional discovery candidate; verify against authoritative local source,,,AI_CURATED_REGION_CANDIDATE,2026-09-11,DRAFT_FOR_REVIEW
IN-01466,Jorhat Nature & Scenic Region,Assam,Jorhat,,NATURE_REGION,INDIA_NATURE,,Regional nature/scenic discovery hub. Exact attraction matching is resolved separately; this row is a draft regional candidate.,,,,,CANDIDATE,AI-curated regional discovery candidate; verify against authoritative local source,,,AI_CURATED_REGION_CANDIDATE,2026-09-11,DRAFT_FOR_REVIEW
IN-01467,Jorhat Nature & Scenic Region,Assam,Jorhat,,NATURE_REGION,INDIA_NATURE,,Regional nature/scenic discovery hub. Exact attraction matching is resolved separately; this row is a draft regional candidate.,,,,,CANDIDATE,AI-curated regional discovery candidate; verify against authoritative local source,,,AI_CURATED_REGION_CANDIDATE,2026-09-11,DRAFT_FOR_REVIEW
IN-01468,East Khasi Hills Nature & Scenic Region,Meghalaya,East Khasi Hills,,NATURE_REGION,INDIA_NATURE,,Regional nature/scenic discovery hub. Exact attraction matching is resolved separately; this row is a draft regional candidate.,,,,,CANDIDATE,AI-curated regional discovery candidate; verify against authoritative local source,,,AI_CURATED_REGION_CANDIDATE,2026-09-11,DRAFT_FOR_REVIEW
IN-01469,East Khasi Hills Nature & Scenic Region,Meghalaya,East Khasi Hills,,NATURE_REGION,INDIA_NATURE,,Regional nature/scenic discovery hub. Exact attraction matching is resolved separately; this row is a draft regional candidate.,,,,,CANDIDATE,AI-curated regional discovery candidate; verify against authoritative local source,,,AI_CURATED_REGION_CANDIDATE,2026-09-11,DRAFT_FOR_REVIEW
IN-01470,West Khasi Hills Nature & Scenic Region,Meghalaya,West Khasi Hills,,NATURE_REGION,INDIA_NATURE,,Regional nature/scenic discovery hub. Exact attraction matching is resolved separately; this row is a draft regional candidate.,,,,,CANDIDATE,AI-curated regional discovery candidate; verify against authoritative local source,,,AI_CURATED_REGION_CANDIDATE,2026-09-11,DRAFT_FOR_REVIEW
IN-01471,West Khasi Hills Nature & Scenic Region,Meghalaya,West Khasi Hills,,NATURE_REGION,INDIA_NATURE,,Regional nature/scenic discovery hub. Exact attraction matching is resolved separately; this row is a draft regional candidate.,,,,,CANDIDATE,AI-curated regional discovery candidate; verify against authoritative local source,,,AI_CURATED_REGION_CANDIDATE,2026-09-11,DRAFT_FOR_REVIEW
IN-01472,South West Khasi Hills Nature & Scenic Region,Meghalaya,South West Khasi Hills,,NATURE_REGION,INDIA_NATURE,,Regional nature/scenic discovery hub. Exact attraction matching is resolved separately; this row is a draft regional candidate.,,,,,CANDIDATE,AI-curated regional discovery candidate; verify against authoritative local source,,,AI_CURATED_REGION_CANDIDATE,2026-09-11,DRAFT_FOR_REVIEW
IN-01473,South West Khasi Hills Nature & Scenic Region,Meghalaya,South West Khasi Hills,,NATURE_REGION,INDIA_NATURE,,Regional nature/scenic discovery hub. Exact attraction matching is resolved separately; this row is a draft regional candidate.,,,,,CANDIDATE,AI-curated regional discovery candidate; verify against authoritative local source,,,AI_CURATED_REGION_CANDIDATE,2026-09-11,DRAFT_FOR_REVIEW
IN-01474,Jaintia Hills Nature & Scenic Region,Meghalaya,Jaintia Hills,,NATURE_REGION,INDIA_NATURE,,Regional nature/scenic discovery hub. Exact attraction matching is resolved separately; this row is a draft regional candidate.,,,,,CANDIDATE,AI-curated regional discovery candidate; verify against authoritative local source,,,AI_CURATED_REGION_CANDIDATE,2026-09-11,DRAFT_FOR_REVIEW
IN-01475,Jaintia Hills Nature & Scenic Region,Meghalaya,Jaintia Hills,,NATURE_REGION,INDIA_NATURE,,Regional nature/scenic discovery hub. Exact attraction matching is resolved separately; this row is a draft regional candidate.,,,,,CANDIDATE,AI-curated regional discovery candidate; verify against authoritative local source,,,AI_CURATED_REGION_CANDIDATE,2026-09-11,DRAFT_FOR_REVIEW
IN-01476,West Jaintia Hills Nature & Scenic Region,Meghalaya,West Jaintia Hills,,NATURE_REGION,INDIA_NATURE,,Regional nature/scenic discovery hub. Exact attraction matching is resolved separately; this row is a draft regional candidate.,,,,,CANDIDATE,AI-curated regional discovery candidate; verify against authoritative local source,,,AI_CURATED_REGION_CANDIDATE,2026-09-11,DRAFT_FOR_REVIEW
IN-01477,West Jaintia Hills Nature & Scenic Region,Meghalaya,West Jaintia Hills,,NATURE_REGION,INDIA_NATURE,,Regional nature/scenic discovery hub. Exact attraction matching is resolved separately; this row is a draft regional candidate.,,,,,CANDIDATE,AI-curated regional discovery candidate; verify against authoritative local source,,,AI_CURATED_REGION_CANDIDATE,2026-09-11,DRAFT_FOR_REVIEW
IN-01478,East Jaintia Hills Nature & Scenic Region,Meghalaya,East Jaintia Hills,,NATURE_REGION,INDIA_NATURE,,Regional nature/scenic discovery hub. Exact attraction matching is resolved separately; this row is a draft regional candidate.,,,,,CANDIDATE,AI-curated regional discovery candidate; verify against authoritative local source,,,AI_CURATED_REGION_CANDIDATE,2026-09-11,DRAFT_FOR_REVIEW
IN-01479,East Jaintia Hills Nature & Scenic Region,Meghalaya,East Jaintia Hills,,NATURE_REGION,INDIA_NATURE,,Regional nature/scenic discovery hub. Exact attraction matching is resolved separately; this row is a draft regional candidate.,,,,,CANDIDATE,AI-curated regional discovery candidate; verify against authoritative local source,,,AI_CURATED_REGION_CANDIDATE,2026-09-11,DRAFT_FOR_REVIEW
IN-01480,Ri Bhoi Nature & Scenic Region,Meghalaya,Ri Bhoi,,NATURE_REGION,INDIA_NATURE,,Regional nature/scenic discovery hub. Exact attraction matching is resolved separately; this row is a draft regional candidate.,,,,,CANDIDATE,AI-curated regional discovery candidate; verify against authoritative local source,,,AI_CURATED_REGION_CANDIDATE,2026-09-11,DRAFT_FOR_REVIEW
IN-01481,Ri Bhoi Nature & Scenic Region,Meghalaya,Ri Bhoi,,NATURE_REGION,INDIA_NATURE,,Regional nature/scenic discovery hub. Exact attraction matching is resolved separately; this row is a draft regional candidate.,,,,,CANDIDATE,AI-curated regional discovery candidate; verify against authoritative local source,,,AI_CURATED_REGION_CANDIDATE,2026-09-11,DRAFT_FOR_REVIEW
IN-01482,East Garo Hills Nature & Scenic Region,Meghalaya,East Garo Hills,,NATURE_REGION,INDIA_NATURE,,Regional nature/scenic discovery hub. Exact attraction matching is resolved separately; this row is a draft regional candidate.,,,,,CANDIDATE,AI-curated regional discovery candidate; verify against authoritative local source,,,AI_CURATED_REGION_CANDIDATE,2026-09-11,DRAFT_FOR_REVIEW
IN-01483,East Garo Hills Nature & Scenic Region,Meghalaya,East Garo Hills,,NATURE_REGION,INDIA_NATURE,,Regional nature/scenic discovery hub. Exact attraction matching is resolved separately; this row is a draft regional candidate.,,,,,CANDIDATE,AI-curated regional discovery candidate; verify against authoritative local source,,,AI_CURATED_REGION_CANDIDATE,2026-09-11,DRAFT_FOR_REVIEW
IN-01484,West Garo Hills Nature & Scenic Region,Meghalaya,West Garo Hills,,NATURE_REGION,INDIA_NATURE,,Regional nature/scenic discovery hub. Exact attraction matching is resolved separately; this row is a draft regional candidate.,,,,,CANDIDATE,AI-curated regional discovery candidate; verify against authoritative local source,,,AI_CURATED_REGION_CANDIDATE,2026-09-11,DRAFT_FOR_REVIEW
IN-01485,West Garo Hills Nature & Scenic Region,Meghalaya,West Garo Hills,,NATURE_REGION,INDIA_NATURE,,Regional nature/scenic discovery hub. Exact attraction matching is resolved separately; this row is a draft regional candidate.,,,,,CANDIDATE,AI-curated regional discovery candidate; verify against authoritative local source,,,AI_CURATED_REGION_CANDIDATE,2026-09-11,DRAFT_FOR_REVIEW
IN-01486,South Garo Hills Nature & Scenic Region,Meghalaya,South Garo Hills,,NATURE_REGION,INDIA_NATURE,,Regional nature/scenic discovery hub. Exact attraction matching is resolved separately; this row is a draft regional candidate.,,,,,CANDIDATE,AI-curated regional discovery candidate; verify against authoritative local source,,,AI_CURATED_REGION_CANDIDATE,2026-09-11,DRAFT_FOR_REVIEW
IN-01487,South Garo Hills Nature & Scenic Region,Meghalaya,South Garo Hills,,NATURE_REGION,INDIA_NATURE,,Regional nature/scenic discovery hub. Exact attraction matching is resolved separately; this row is a draft regional candidate.,,,,,CANDIDATE,AI-curated regional discovery candidate; verify against authoritative local source,,,AI_CURATED_REGION_CANDIDATE,2026-09-11,DRAFT_FOR_REVIEW
IN-01488,Tawang Nature & Scenic Region,Arunachal Pradesh,Tawang,,NATURE_REGION,INDIA_NATURE,,Regional nature/scenic discovery hub. Exact attraction matching is resolved separately; this row is a draft regional candidate.,,,,,CANDIDATE,AI-curated regional discovery candidate; verify against authoritative local source,,,AI_CURATED_REGION_CANDIDATE,2026-09-11,DRAFT_FOR_REVIEW
IN-01489,Tawang Nature & Scenic Region,Arunachal Pradesh,Tawang,,NATURE_REGION,INDIA_NATURE,,Regional nature/scenic discovery hub. Exact attraction matching is resolved separately; this row is a draft regional candidate.,,,,,CANDIDATE,AI-curated regional discovery candidate; verify against authoritative local source,,,AI_CURATED_REGION_CANDIDATE,2026-09-11,DRAFT_FOR_REVIEW
IN-01490,West Kameng Nature & Scenic Region,Arunachal Pradesh,West Kameng,,NATURE_REGION,INDIA_NATURE,,Regional nature/scenic discovery hub. Exact attraction matching is resolved separately; this row is a draft regional candidate.,,,,,CANDIDATE,AI-curated regional discovery candidate; verify against authoritative local source,,,AI_CURATED_REGION_CANDIDATE,2026-09-11,DRAFT_FOR_REVIEW
IN-01491,West Kameng Nature & Scenic Region,Arunachal Pradesh,West Kameng,,NATURE_REGION,INDIA_NATURE,,Regional nature/scenic discovery hub. Exact attraction matching is resolved separately; this row is a draft regional candidate.,,,,,CANDIDATE,AI-curated regional discovery candidate; verify against authoritative local source,,,AI_CURATED_REGION_CANDIDATE,2026-09-11,DRAFT_FOR_REVIEW
IN-01492,East Kameng Nature & Scenic Region,Arunachal Pradesh,East Kameng,,NATURE_REGION,INDIA_NATURE,,Regional nature/scenic discovery hub. Exact attraction matching is resolved separately; this row is a draft regional candidate.,,,,,CANDIDATE,AI-curated regional discovery candidate; verify against authoritative local source,,,AI_CURATED_REGION_CANDIDATE,2026-09-11,DRAFT_FOR_REVIEW
IN-01493,East Kameng Nature & Scenic Region,Arunachal Pradesh,East Kameng,,NATURE_REGION,INDIA_NATURE,,Regional nature/scenic discovery hub. Exact attraction matching is resolved separately; this row is a draft regional candidate.,,,,,CANDIDATE,AI-curated regional discovery candidate; verify against authoritative local source,,,AI_CURATED_REGION_CANDIDATE,2026-09-11,DRAFT_FOR_REVIEW
IN-01494,Papum Pare Nature & Scenic Region,Arunachal Pradesh,Papum Pare,,NATURE_REGION,INDIA_NATURE,,Regional nature/scenic discovery hub. Exact attraction matching is resolved separately; this row is a draft regional candidate.,,,,,CANDIDATE,AI-curated regional discovery candidate; verify against authoritative local source,,,AI_CURATED_REGION_CANDIDATE,2026-09-11,DRAFT_FOR_REVIEW
IN-01495,Papum Pare Nature & Scenic Region,Arunachal Pradesh,Papum Pare,,NATURE_REGION,INDIA_NATURE,,Regional nature/scenic discovery hub. Exact attraction matching is resolved separately; this row is a draft regional candidate.,,,,,CANDIDATE,AI-curated regional discovery candidate; verify against authoritative local source,,,AI_CURATED_REGION_CANDIDATE,2026-09-11,DRAFT_FOR_REVIEW
IN-01496,Lower Subansiri Nature & Scenic Region,Arunachal Pradesh,Lower Subansiri,,NATURE_REGION,INDIA_NATURE,,Regional nature/scenic discovery hub. Exact attraction matching is resolved separately; this row is a draft regional candidate.,,,,,CANDIDATE,AI-curated regional discovery candidate; verify against authoritative local source,,,AI_CURATED_REGION_CANDIDATE,2026-09-11,DRAFT_FOR_REVIEW
IN-01497,Lower Subansiri Nature & Scenic Region,Arunachal Pradesh,Lower Subansiri,,NATURE_REGION,INDIA_NATURE,,Regional nature/scenic discovery hub. Exact attraction matching is resolved separately; this row is a draft regional candidate.,,,,,CANDIDATE,AI-curated regional discovery candidate; verify against authoritative local source,,,AI_CURATED_REGION_CANDIDATE,2026-09-11,DRAFT_FOR_REVIEW
IN-01498,Upper Subansiri Nature & Scenic Region,Arunachal Pradesh,Upper Subansiri,,NATURE_REGION,INDIA_NATURE,,Regional nature/scenic discovery hub. Exact attraction matching is resolved separately; this row is a draft regional candidate.,,,,,CANDIDATE,AI-curated regional discovery candidate; verify against authoritative local source,,,AI_CURATED_REGION_CANDIDATE,2026-09-11,DRAFT_FOR_REVIEW
IN-01499,Upper Subansiri Nature & Scenic Region,Arunachal Pradesh,Upper Subansiri,,NATURE_REGION,INDIA_NATURE,,Regional nature/scenic discovery hub. Exact attraction matching is resolved separately; this row is a draft regional candidate.,,,,,CANDIDATE,AI-curated regional discovery candidate; verify against authoritative local source,,,AI_CURATED_REGION_CANDIDATE,2026-09-11,DRAFT_FOR_REVIEW
IN-01500,West Siang Nature & Scenic Region,Arunachal Pradesh,West Siang,,NATURE_REGION,INDIA_NATURE,,Regional nature/scenic discovery hub. Exact attraction matching is resolved separately; this row is a draft regional candidate.,,,,,CANDIDATE,AI-curated regional discovery candidate; verify against authoritative local source,,,AI_CURATED_REGION_CANDIDATE,2026-09-11,DRAFT_FOR_REVIEW
IN-01501,West Siang Nature & Scenic Region,Arunachal Pradesh,West Siang,,NATURE_REGION,INDIA_NATURE,,Regional nature/scenic discovery hub. Exact attraction matching is resolved separately; this row is a draft regional candidate.,,,,,CANDIDATE,AI-curated regional discovery candidate; verify against authoritative local source,,,AI_CURATED_REGION_CANDIDATE,2026-09-11,DRAFT_FOR_REVIEW
IN-01502,East Siang Nature & Scenic Region,Arunachal Pradesh,East Siang,,NATURE_REGION,INDIA_NATURE,,Regional nature/scenic discovery hub. Exact attraction matching is resolved separately; this row is a draft regional candidate.,,,,,CANDIDATE,AI-curated regional discovery candidate; verify against authoritative local source,,,AI_CURATED_REGION_CANDIDATE,2026-09-11,DRAFT_FOR_REVIEW
IN-01503,East Siang Nature & Scenic Region,Arunachal Pradesh,East Siang,,NATURE_REGION,INDIA_NATURE,,Regional nature/scenic discovery hub. Exact attraction matching is resolved separately; this row is a draft regional candidate.,,,,,CANDIDATE,AI-curated regional discovery candidate; verify against authoritative local source,,,AI_CURATED_REGION_CANDIDATE,2026-09-11,DRAFT_FOR_REVIEW
IN-01504,Dibang Valley Nature & Scenic Region,Arunachal Pradesh,Dibang Valley,,NATURE_REGION,INDIA_NATURE,,Regional nature/scenic discovery hub. Exact attraction matching is resolved separately; this row is a draft regional candidate.,,,,,CANDIDATE,AI-curated regional discovery candidate; verify against authoritative local source,,,AI_CURATED_REGION_CANDIDATE,2026-09-11,DRAFT_FOR_REVIEW
IN-01505,Dibang Valley Nature & Scenic Region,Arunachal Pradesh,Dibang Valley,,NATURE_REGION,INDIA_NATURE,,Regional nature/scenic discovery hub. Exact attraction matching is resolved separately; this row is a draft regional candidate.,,,,,CANDIDATE,AI-curated regional discovery candidate; verify against authoritative local source,,,AI_CURATED_REGION_CANDIDATE,2026-09-11,DRAFT_FOR_REVIEW
IN-01506,Lower Dibang Valley Nature & Scenic Region,Arunachal Pradesh,Lower Dibang Valley,,NATURE_REGION,INDIA_NATURE,,Regional nature/scenic discovery hub. Exact attraction matching is resolved separately; this row is a draft regional candidate.,,,,,CANDIDATE,AI-curated regional discovery candidate; verify against authoritative local source,,,AI_CURATED_REGION_CANDIDATE,2026-09-11,DRAFT_FOR_REVIEW
IN-01507,Lower Dibang Valley Nature & Scenic Region,Arunachal Pradesh,Lower Dibang Valley,,NATURE_REGION,INDIA_NATURE,,Regional nature/scenic discovery hub. Exact attraction matching is resolved separately; this row is a draft regional candidate.,,,,,CANDIDATE,AI-curated regional discovery candidate; verify against authoritative local source,,,AI_CURATED_REGION_CANDIDATE,2026-09-11,DRAFT_FOR_REVIEW
IN-01508,Lohit Nature & Scenic Region,Arunachal Pradesh,Lohit,,NATURE_REGION,INDIA_NATURE,,Regional nature/scenic discovery hub. Exact attraction matching is resolved separately; this row is a draft regional candidate.,,,,,CANDIDATE,AI-curated regional discovery candidate; verify against authoritative local source,,,AI_CURATED_REGION_CANDIDATE,2026-09-11,DRAFT_FOR_REVIEW
IN-01509,Lohit Nature & Scenic Region,Arunachal Pradesh,Lohit,,NATURE_REGION,INDIA_NATURE,,Regional nature/scenic discovery hub. Exact attraction matching is resolved separately; this row is a draft regional candidate.,,,,,CANDIDATE,AI-curated regional discovery candidate; verify against authoritative local source,,,AI_CURATED_REGION_CANDIDATE,2026-09-11,DRAFT_FOR_REVIEW
IN-01510,Anjaw Nature & Scenic Region,Arunachal Pradesh,Anjaw,,NATURE_REGION,INDIA_NATURE,,Regional nature/scenic discovery hub. Exact attraction matching is resolved separately; this row is a draft regional candidate.,,,,,CANDIDATE,AI-curated regional discovery candidate; verify against authoritative local source,,,AI_CURATED_REGION_CANDIDATE,2026-09-11,DRAFT_FOR_REVIEW
IN-01511,Anjaw Nature & Scenic Region,Arunachal Pradesh,Anjaw,,NATURE_REGION,INDIA_NATURE,,Regional nature/scenic discovery hub. Exact attraction matching is resolved separately; this row is a draft regional candidate.,,,,,CANDIDATE,AI-curated regional discovery candidate; verify against authoritative local source,,,AI_CURATED_REGION_CANDIDATE,2026-09-11,DRAFT_FOR_REVIEW
IN-01512,Changlang Nature & Scenic Region,Arunachal Pradesh,Changlang,,NATURE_REGION,INDIA_NATURE,,Regional nature/scenic discovery hub. Exact attraction matching is resolved separately; this row is a draft regional candidate.,,,,,CANDIDATE,AI-curated regional discovery candidate; verify against authoritative local source,,,AI_CURATED_REGION_CANDIDATE,2026-09-11,DRAFT_FOR_REVIEW
IN-01513,Changlang Nature & Scenic Region,Arunachal Pradesh,Changlang,,NATURE_REGION,INDIA_NATURE,,Regional nature/scenic discovery hub. Exact attraction matching is resolved separately; this row is a draft regional candidate.,,,,,CANDIDATE,AI-curated regional discovery candidate; verify against authoritative local source,,,AI_CURATED_REGION_CANDIDATE,2026-09-11,DRAFT_FOR_REVIEW
IN-01514,Tirap Nature & Scenic Region,Arunachal Pradesh,Tirap,,NATURE_REGION,INDIA_NATURE,,Regional nature/scenic discovery hub. Exact attraction matching is resolved separately; this row is a draft regional candidate.,,,,,CANDIDATE,AI-curated regional discovery candidate; verify against authoritative local source,,,AI_CURATED_REGION_CANDIDATE,2026-09-11,DRAFT_FOR_REVIEW
IN-01515,Tirap Nature & Scenic Region,Arunachal Pradesh,Tirap,,NATURE_REGION,INDIA_NATURE,,Regional nature/scenic discovery hub. Exact attraction matching is resolved separately; this row is a draft regional candidate.,,,,,CANDIDATE,AI-curated regional discovery candidate; verify against authoritative local source,,,AI_CURATED_REGION_CANDIDATE,2026-09-11,DRAFT_FOR_REVIEW
IN-01516,Namsai Nature & Scenic Region,Arunachal Pradesh,Namsai,,NATURE_REGION,INDIA_NATURE,,Regional nature/scenic discovery hub. Exact attraction matching is resolved separately; this row is a draft regional candidate.,,,,,CANDIDATE,AI-curated regional discovery candidate; verify against authoritative local source,,,AI_CURATED_REGION_CANDIDATE,2026-09-11,DRAFT_FOR_REVIEW
IN-01517,Namsai Nature & Scenic Region,Arunachal Pradesh,Namsai,,NATURE_REGION,INDIA_NATURE,,Regional nature/scenic discovery hub. Exact attraction matching is resolved separately; this row is a draft regional candidate.,,,,,CANDIDATE,AI-curated regional discovery candidate; verify against authoritative local source,,,AI_CURATED_REGION_CANDIDATE,2026-09-11,DRAFT_FOR_REVIEW
IN-01518,East Sikkim Nature & Scenic Region,Sikkim,East Sikkim,,NATURE_REGION,INDIA_NATURE,,Regional nature/scenic discovery hub. Exact attraction matching is resolved separately; this row is a draft regional candidate.,,,,,CANDIDATE,AI-curated regional discovery candidate; verify against authoritative local source,,,AI_CURATED_REGION_CANDIDATE,2026-09-11,DRAFT_FOR_REVIEW
IN-01519,East Sikkim Nature & Scenic Region,Sikkim,East Sikkim,,NATURE_REGION,INDIA_NATURE,,Regional nature/scenic discovery hub. Exact attraction matching is resolved separately; this row is a draft regional candidate.,,,,,CANDIDATE,AI-curated regional discovery candidate; verify against authoritative local source,,,AI_CURATED_REGION_CANDIDATE,2026-09-11,DRAFT_FOR_REVIEW
IN-01520,West Sikkim Nature & Scenic Region,Sikkim,West Sikkim,,NATURE_REGION,INDIA_NATURE,,Regional nature/scenic discovery hub. Exact attraction matching is resolved separately; this row is a draft regional candidate.,,,,,CANDIDATE,AI-curated regional discovery candidate; verify against authoritative local source,,,AI_CURATED_REGION_CANDIDATE,2026-09-11,DRAFT_FOR_REVIEW
IN-01521,West Sikkim Nature & Scenic Region,Sikkim,West Sikkim,,NATURE_REGION,INDIA_NATURE,,Regional nature/scenic discovery hub. Exact attraction matching is resolved separately; this row is a draft regional candidate.,,,,,CANDIDATE,AI-curated regional discovery candidate; verify against authoritative local source,,,AI_CURATED_REGION_CANDIDATE,2026-09-11,DRAFT_FOR_REVIEW
IN-01522,North Sikkim Nature & Scenic Region,Sikkim,North Sikkim,,NATURE_REGION,INDIA_NATURE,,Regional nature/scenic discovery hub. Exact attraction matching is resolved separately; this row is a draft regional candidate.,,,,,CANDIDATE,AI-curated regional discovery candidate; verify against authoritative local source,,,AI_CURATED_REGION_CANDIDATE,2026-09-11,DRAFT_FOR_REVIEW
IN-01523,North Sikkim Nature & Scenic Region,Sikkim,North Sikkim,,NATURE_REGION,INDIA_NATURE,,Regional nature/scenic discovery hub. Exact attraction matching is resolved separately; this row is a draft regional candidate.,,,,,CANDIDATE,AI-curated regional discovery candidate; verify against authoritative local source,,,AI_CURATED_REGION_CANDIDATE,2026-09-11,DRAFT_FOR_REVIEW
IN-01524,South Sikkim Nature & Scenic Region,Sikkim,South Sikkim,,NATURE_REGION,INDIA_NATURE,,Regional nature/scenic discovery hub. Exact attraction matching is resolved separately; this row is a draft regional candidate.,,,,,CANDIDATE,AI-curated regional discovery candidate; verify against authoritative local source,,,AI_CURATED_REGION_CANDIDATE,2026-09-11,DRAFT_FOR_REVIEW
IN-01525,South Sikkim Nature & Scenic Region,Sikkim,South Sikkim,,NATURE_REGION,INDIA_NATURE,,Regional nature/scenic discovery hub. Exact attraction matching is resolved separately; this row is a draft regional candidate.,,,,,CANDIDATE,AI-curated regional discovery candidate; verify against authoritative local source,,,AI_CURATED_REGION_CANDIDATE,2026-09-11,DRAFT_FOR_REVIEW
IN-01526,North Goa Nature & Scenic Region,Goa,North Goa,,NATURE_REGION,INDIA_NATURE,,Regional nature/scenic discovery hub. Exact attraction matching is resolved separately; this row is a draft regional candidate.,,,,,CANDIDATE,AI-curated regional discovery candidate; verify against authoritative local source,,,AI_CURATED_REGION_CANDIDATE,2026-09-11,DRAFT_FOR_REVIEW
IN-01527,North Goa Nature & Scenic Region,Goa,North Goa,,NATURE_REGION,INDIA_NATURE,,Regional nature/scenic discovery hub. Exact attraction matching is resolved separately; this row is a draft regional candidate.,,,,,CANDIDATE,AI-curated regional discovery candidate; verify against authoritative local source,,,AI_CURATED_REGION_CANDIDATE,2026-09-11,DRAFT_FOR_REVIEW
IN-01528,South Goa Nature & Scenic Region,Goa,South Goa,,NATURE_REGION,INDIA_NATURE,,Regional nature/scenic discovery hub. Exact attraction matching is resolved separately; this row is a draft regional candidate.,,,,,CANDIDATE,AI-curated regional discovery candidate; verify against authoritative local source,,,AI_CURATED_REGION_CANDIDATE,2026-09-11,DRAFT_FOR_REVIEW
IN-01529,South Goa Nature & Scenic Region,Goa,South Goa,,NATURE_REGION,INDIA_NATURE,,Regional nature/scenic discovery hub. Exact attraction matching is resolved separately; this row is a draft regional candidate.,,,,,CANDIDATE,AI-curated regional discovery candidate; verify against authoritative local source,,,AI_CURATED_REGION_CANDIDATE,2026-09-11,DRAFT_FOR_REVIEW
IN-01530,Ranchi Nature & Scenic Region,Jharkhand,Ranchi,,NATURE_REGION,INDIA_NATURE,,Regional nature/scenic discovery hub. Exact attraction matching is resolved separately; this row is a draft regional candidate.,,,,,CANDIDATE,AI-curated regional discovery candidate; verify against authoritative local source,,,AI_CURATED_REGION_CANDIDATE,2026-09-11,DRAFT_FOR_REVIEW
IN-01531,Ranchi Nature & Scenic Region,Jharkhand,Ranchi,,NATURE_REGION,INDIA_NATURE,,Regional nature/scenic discovery hub. Exact attraction matching is resolved separately; this row is a draft regional candidate.,,,,,CANDIDATE,AI-curated regional discovery candidate; verify against authoritative local source,,,AI_CURATED_REGION_CANDIDATE,2026-09-11,DRAFT_FOR_REVIEW
IN-01532,Latehar Nature & Scenic Region,Jharkhand,Latehar,,NATURE_REGION,INDIA_NATURE,,Regional nature/scenic discovery hub. Exact attraction matching is resolved separately; this row is a draft regional candidate.,,,,,CANDIDATE,AI-curated regional discovery candidate; verify against authoritative local source,,,AI_CURATED_REGION_CANDIDATE,2026-09-11,DRAFT_FOR_REVIEW
IN-01533,Latehar Nature & Scenic Region,Jharkhand,Latehar,,NATURE_REGION,INDIA_NATURE,,Regional nature/scenic discovery hub. Exact attraction matching is resolved separately; this row is a draft regional candidate.,,,,,CANDIDATE,AI-curated regional discovery candidate; verify against authoritative local source,,,AI_CURATED_REGION_CANDIDATE,2026-09-11,DRAFT_FOR_REVIEW
IN-01534,Palamu Nature & Scenic Region,Jharkhand,Palamu,,NATURE_REGION,INDIA_NATURE,,Regional nature/scenic discovery hub. Exact attraction matching is resolved separately; this row is a draft regional candidate.,,,,,CANDIDATE,AI-curated regional discovery candidate; verify against authoritative local source,,,AI_CURATED_REGION_CANDIDATE,2026-09-11,DRAFT_FOR_REVIEW
IN-01535,Palamu Nature & Scenic Region,Jharkhand,Palamu,,NATURE_REGION,INDIA_NATURE,,Regional nature/scenic discovery hub. Exact attraction matching is resolved separately; this row is a draft regional candidate.,,,,,CANDIDATE,AI-curated regional discovery candidate; verify against authoritative local source,,,AI_CURATED_REGION_CANDIDATE,2026-09-11,DRAFT_FOR_REVIEW
IN-01536,West Singhbhum Nature & Scenic Region,Jharkhand,West Singhbhum,,NATURE_REGION,INDIA_NATURE,,Regional nature/scenic discovery hub. Exact attraction matching is resolved separately; this row is a draft regional candidate.,,,,,CANDIDATE,AI-curated regional discovery candidate; verify against authoritative local source,,,AI_CURATED_REGION_CANDIDATE,2026-09-11,DRAFT_FOR_REVIEW
IN-01537,West Singhbhum Nature & Scenic Region,Jharkhand,West Singhbhum,,NATURE_REGION,INDIA_NATURE,,Regional nature/scenic discovery hub. Exact attraction matching is resolved separately; this row is a draft regional candidate.,,,,,CANDIDATE,AI-curated regional discovery candidate; verify against authoritative local source,,,AI_CURATED_REGION_CANDIDATE,2026-09-11,DRAFT_FOR_REVIEW
IN-01538,East Singhbhum Nature & Scenic Region,Jharkhand,East Singhbhum,,NATURE_REGION,INDIA_NATURE,,Regional nature/scenic discovery hub. Exact attraction matching is resolved separately; this row is a draft regional candidate.,,,,,CANDIDATE,AI-curated regional discovery candidate; verify against authoritative local source,,,AI_CURATED_REGION_CANDIDATE,2026-09-11,DRAFT_FOR_REVIEW
IN-01539,East Singhbhum Nature & Scenic Region,Jharkhand,East Singhbhum,,NATURE_REGION,INDIA_NATURE,,Regional nature/scenic discovery hub. Exact attraction matching is resolved separately; this row is a draft regional candidate.,,,,,CANDIDATE,AI-curated regional discovery candidate; verify against authoritative local source,,,AI_CURATED_REGION_CANDIDATE,2026-09-11,DRAFT_FOR_REVIEW
IN-01540,Hazaribagh Nature & Scenic Region,Jharkhand,Hazaribagh,,NATURE_REGION,INDIA_NATURE,,Regional nature/scenic discovery hub. Exact attraction matching is resolved separately; this row is a draft regional candidate.,,,,,CANDIDATE,AI-curated regional discovery candidate; verify against authoritative local source,,,AI_CURATED_REGION_CANDIDATE,2026-09-11,DRAFT_FOR_REVIEW
IN-01541,Hazaribagh Nature & Scenic Region,Jharkhand,Hazaribagh,,NATURE_REGION,INDIA_NATURE,,Regional nature/scenic discovery hub. Exact attraction matching is resolved separately; this row is a draft regional candidate.,,,,,CANDIDATE,AI-curated regional discovery candidate; verify against authoritative local source,,,AI_CURATED_REGION_CANDIDATE,2026-09-11,DRAFT_FOR_REVIEW
IN-01542,Gumla Nature & Scenic Region,Jharkhand,Gumla,,NATURE_REGION,INDIA_NATURE,,Regional nature/scenic discovery hub. Exact attraction matching is resolved separately; this row is a draft regional candidate.,,,,,CANDIDATE,AI-curated regional discovery candidate; verify against authoritative local source,,,AI_CURATED_REGION_CANDIDATE,2026-09-11,DRAFT_FOR_REVIEW
IN-01543,Gumla Nature & Scenic Region,Jharkhand,Gumla,,NATURE_REGION,INDIA_NATURE,,Regional nature/scenic discovery hub. Exact attraction matching is resolved separately; this row is a draft regional candidate.,,,,,CANDIDATE,AI-curated regional discovery candidate; verify against authoritative local source,,,AI_CURATED_REGION_CANDIDATE,2026-09-11,DRAFT_FOR_REVIEW
IN-01544,Simdega Nature & Scenic Region,Jharkhand,Simdega,,NATURE_REGION,INDIA_NATURE,,Regional nature/scenic discovery hub. Exact attraction matching is resolved separately; this row is a draft regional candidate.,,,,,CANDIDATE,AI-curated regional discovery candidate; verify against authoritative local source,,,AI_CURATED_REGION_CANDIDATE,2026-09-11,DRAFT_FOR_REVIEW
IN-01545,Simdega Nature & Scenic Region,Jharkhand,Simdega,,NATURE_REGION,INDIA_NATURE,,Regional nature/scenic discovery hub. Exact attraction matching is resolved separately; this row is a draft regional candidate.,,,,,CANDIDATE,AI-curated regional discovery candidate; verify against authoritative local source,,,AI_CURATED_REGION_CANDIDATE,2026-09-11,DRAFT_FOR_REVIEW
IN-01546,Giridih Nature & Scenic Region,Jharkhand,Giridih,,NATURE_REGION,INDIA_NATURE,,Regional nature/scenic discovery hub. Exact attraction matching is resolved separately; this row is a draft regional candidate.,,,,,CANDIDATE,AI-curated regional discovery candidate; verify against authoritative local source,,,AI_CURATED_REGION_CANDIDATE,2026-09-11,DRAFT_FOR_REVIEW
IN-01547,Giridih Nature & Scenic Region,Jharkhand,Giridih,,NATURE_REGION,INDIA_NATURE,,Regional nature/scenic discovery hub. Exact attraction matching is resolved separately; this row is a draft regional candidate.,,,,,CANDIDATE,AI-curated regional discovery candidate; verify against authoritative local source,,,AI_CURATED_REGION_CANDIDATE,2026-09-11,DRAFT_FOR_REVIEW
IN-01548,Deoghar Nature & Scenic Region,Jharkhand,Deoghar,,NATURE_REGION,INDIA_NATURE,,Regional nature/scenic discovery hub. Exact attraction matching is resolved separately; this row is a draft regional candidate.,,,,,CANDIDATE,AI-curated regional discovery candidate; verify against authoritative local source,,,AI_CURATED_REGION_CANDIDATE,2026-09-11,DRAFT_FOR_REVIEW
IN-01549,Deoghar Nature & Scenic Region,Jharkhand,Deoghar,,NATURE_REGION,INDIA_NATURE,,Regional nature/scenic discovery hub. Exact attraction matching is resolved separately; this row is a draft regional candidate.,,,,,CANDIDATE,AI-curated regional discovery candidate; verify against authoritative local source,,,AI_CURATED_REGION_CANDIDATE,2026-09-11,DRAFT_FOR_REVIEW
IN-01550,Dumka Nature & Scenic Region,Jharkhand,Dumka,,NATURE_REGION,INDIA_NATURE,,Regional nature/scenic discovery hub. Exact attraction matching is resolved separately; this row is a draft regional candidate.,,,,,CANDIDATE,AI-curated regional discovery candidate; verify against authoritative local source,,,AI_CURATED_REGION_CANDIDATE,2026-09-11,DRAFT_FOR_REVIEW
IN-01551,Dumka Nature & Scenic Region,Jharkhand,Dumka,,NATURE_REGION,INDIA_NATURE,,Regional nature/scenic discovery hub. Exact attraction matching is resolved separately; this row is a draft regional candidate.,,,,,CANDIDATE,AI-curated regional discovery candidate; verify against authoritative local source,,,AI_CURATED_REGION_CANDIDATE,2026-09-11,DRAFT_FOR_REVIEW
IN-01552,Bastar Nature & Scenic Region,Chhattisgarh,Bastar,,NATURE_REGION,INDIA_NATURE,,Regional nature/scenic discovery hub. Exact attraction matching is resolved separately; this row is a draft regional candidate.,,,,,CANDIDATE,AI-curated regional discovery candidate; verify against authoritative local source,,,AI_CURATED_REGION_CANDIDATE,2026-09-11,DRAFT_FOR_REVIEW
IN-01553,Bastar Nature & Scenic Region,Chhattisgarh,Bastar,,NATURE_REGION,INDIA_NATURE,,Regional nature/scenic discovery hub. Exact attraction matching is resolved separately; this row is a draft regional candidate.,,,,,CANDIDATE,AI-curated regional discovery candidate; verify against authoritative local source,,,AI_CURATED_REGION_CANDIDATE,2026-09-11,DRAFT_FOR_REVIEW
IN-01554,Dantewada Nature & Scenic Region,Chhattisgarh,Dantewada,,NATURE_REGION,INDIA_NATURE,,Regional nature/scenic discovery hub. Exact attraction matching is resolved separately; this row is a draft regional candidate.,,,,,CANDIDATE,AI-curated regional discovery candidate; verify against authoritative local source,,,AI_CURATED_REGION_CANDIDATE,2026-09-11,DRAFT_FOR_REVIEW
IN-01555,Dantewada Nature & Scenic Region,Chhattisgarh,Dantewada,,NATURE_REGION,INDIA_NATURE,,Regional nature/scenic discovery hub. Exact attraction matching is resolved separately; this row is a draft regional candidate.,,,,,CANDIDATE,AI-curated regional discovery candidate; verify against authoritative local source,,,AI_CURATED_REGION_CANDIDATE,2026-09-11,DRAFT_FOR_REVIEW
IN-01556,Kanker Nature & Scenic Region,Chhattisgarh,Kanker,,NATURE_REGION,INDIA_NATURE,,Regional nature/scenic discovery hub. Exact attraction matching is resolved separately; this row is a draft regional candidate.,,,,,CANDIDATE,AI-curated regional discovery candidate; verify against authoritative local source,,,AI_CURATED_REGION_CANDIDATE,2026-09-11,DRAFT_FOR_REVIEW
IN-01557,Kanker Nature & Scenic Region,Chhattisgarh,Kanker,,NATURE_REGION,INDIA_NATURE,,Regional nature/scenic discovery hub. Exact attraction matching is resolved separately; this row is a draft regional candidate.,,,,,CANDIDATE,AI-curated regional discovery candidate; verify against authoritative local source,,,AI_CURATED_REGION_CANDIDATE,2026-09-11,DRAFT_FOR_REVIEW
IN-01558,Kondagaon Nature & Scenic Region,Chhattisgarh,Kondagaon,,NATURE_REGION,INDIA_NATURE,,Regional nature/scenic discovery hub. Exact attraction matching is resolved separately; this row is a draft regional candidate.,,,,,CANDIDATE,AI-curated regional discovery candidate; verify against authoritative local source,,,AI_CURATED_REGION_CANDIDATE,2026-09-11,DRAFT_FOR_REVIEW
IN-01559,Kondagaon Nature & Scenic Region,Chhattisgarh,Kondagaon,,NATURE_REGION,INDIA_NATURE,,Regional nature/scenic discovery hub. Exact attraction matching is resolved separately; this row is a draft regional candidate.,,,,,CANDIDATE,AI-curated regional discovery candidate; verify against authoritative local source,,,AI_CURATED_REGION_CANDIDATE,2026-09-11,DRAFT_FOR_REVIEW
IN-01560,Bijapur Nature & Scenic Region,Chhattisgarh,Bijapur,,NATURE_REGION,INDIA_NATURE,,Regional nature/scenic discovery hub. Exact attraction matching is resolved separately; this row is a draft regional candidate.,,,,,CANDIDATE,AI-curated regional discovery candidate; verify against authoritative local source,,,AI_CURATED_REGION_CANDIDATE,2026-09-11,DRAFT_FOR_REVIEW
IN-01561,Bijapur Nature & Scenic Region,Chhattisgarh,Bijapur,,NATURE_REGION,INDIA_NATURE,,Regional nature/scenic discovery hub. Exact attraction matching is resolved separately; this row is a draft regional candidate.,,,,,CANDIDATE,AI-curated regional discovery candidate; verify against authoritative local source,,,AI_CURATED_REGION_CANDIDATE,2026-09-11,DRAFT_FOR_REVIEW
IN-01562,Sukma Nature & Scenic Region,Chhattisgarh,Sukma,,NATURE_REGION,INDIA_NATURE,,Regional nature/scenic discovery hub. Exact attraction matching is resolved separately; this row is a draft regional candidate.,,,,,CANDIDATE,AI-curated regional discovery candidate; verify against authoritative local source,,,AI_CURATED_REGION_CANDIDATE,2026-09-11,DRAFT_FOR_REVIEW
IN-01563,Sukma Nature & Scenic Region,Chhattisgarh,Sukma,,NATURE_REGION,INDIA_NATURE,,Regional nature/scenic discovery hub. Exact attraction matching is resolved separately; this row is a draft regional candidate.,,,,,CANDIDATE,AI-curated regional discovery candidate; verify against authoritative local source,,,AI_CURATED_REGION_CANDIDATE,2026-09-11,DRAFT_FOR_REVIEW
IN-01564,Surguja Nature & Scenic Region,Chhattisgarh,Surguja,,NATURE_REGION,INDIA_NATURE,,Regional nature/scenic discovery hub. Exact attraction matching is resolved separately; this row is a draft regional candidate.,,,,,CANDIDATE,AI-curated regional discovery candidate; verify against authoritative local source,,,AI_CURATED_REGION_CANDIDATE,2026-09-11,DRAFT_FOR_REVIEW
IN-01565,Surguja Nature & Scenic Region,Chhattisgarh,Surguja,,NATURE_REGION,INDIA_NATURE,,Regional nature/scenic discovery hub. Exact attraction matching is resolved separately; this row is a draft regional candidate.,,,,,CANDIDATE,AI-curated regional discovery candidate; verify against authoritative local source,,,AI_CURATED_REGION_CANDIDATE,2026-09-11,DRAFT_FOR_REVIEW
IN-01566,Koriya Nature & Scenic Region,Chhattisgarh,Koriya,,NATURE_REGION,INDIA_NATURE,,Regional nature/scenic discovery hub. Exact attraction matching is resolved separately; this row is a draft regional candidate.,,,,,CANDIDATE,AI-curated regional discovery candidate; verify against authoritative local source,,,AI_CURATED_REGION_CANDIDATE,2026-09-11,DRAFT_FOR_REVIEW
IN-01567,Koriya Nature & Scenic Region,Chhattisgarh,Koriya,,NATURE_REGION,INDIA_NATURE,,Regional nature/scenic discovery hub. Exact attraction matching is resolved separately; this row is a draft regional candidate.,,,,,CANDIDATE,AI-curated regional discovery candidate; verify against authoritative local source,,,AI_CURATED_REGION_CANDIDATE,2026-09-11,DRAFT_FOR_REVIEW
IN-01568,Balrampur Nature & Scenic Region,Chhattisgarh,Balrampur,,NATURE_REGION,INDIA_NATURE,,Regional nature/scenic discovery hub. Exact attraction matching is resolved separately; this row is a draft regional candidate.,,,,,CANDIDATE,AI-curated regional discovery candidate; verify against authoritative local source,,,AI_CURATED_REGION_CANDIDATE,2026-09-11,DRAFT_FOR_REVIEW
IN-01569,Balrampur Nature & Scenic Region,Chhattisgarh,Balrampur,,NATURE_REGION,INDIA_NATURE,,Regional nature/scenic discovery hub. Exact attraction matching is resolved separately; this row is a draft regional candidate.,,,,,CANDIDATE,AI-curated regional discovery candidate; verify against authoritative local source,,,AI_CURATED_REGION_CANDIDATE,2026-09-11,DRAFT_FOR_REVIEW
IN-01570,Jashpur Nature & Scenic Region,Chhattisgarh,Jashpur,,NATURE_REGION,INDIA_NATURE,,Regional nature/scenic discovery hub. Exact attraction matching is resolved separately; this row is a draft regional candidate.,,,,,CANDIDATE,AI-curated regional discovery candidate; verify against authoritative local source,,,AI_CURATED_REGION_CANDIDATE,2026-09-11,DRAFT_FOR_REVIEW
IN-01571,Jashpur Nature & Scenic Region,Chhattisgarh,Jashpur,,NATURE_REGION,INDIA_NATURE,,Regional nature/scenic discovery hub. Exact attraction matching is resolved separately; this row is a draft regional candidate.,,,,,CANDIDATE,AI-curated regional discovery candidate; verify against authoritative local source,,,AI_CURATED_REGION_CANDIDATE,2026-09-11,DRAFT_FOR_REVIEW
IN-01572,Kabirdham Nature & Scenic Region,Chhattisgarh,Kabirdham,,NATURE_REGION,INDIA_NATURE,,Regional nature/scenic discovery hub. Exact attraction matching is resolved separately; this row is a draft regional candidate.,,,,,CANDIDATE,AI-curated regional discovery candidate; verify against authoritative local source,,,AI_CURATED_REGION_CANDIDATE,2026-09-11,DRAFT_FOR_REVIEW
IN-01573,Kabirdham Nature & Scenic Region,Chhattisgarh,Kabirdham,,NATURE_REGION,INDIA_NATURE,,Regional nature/scenic discovery hub. Exact attraction matching is resolved separately; this row is a draft regional candidate.,,,,,CANDIDATE,AI-curated regional discovery candidate; verify against authoritative local source,,,AI_CURATED_REGION_CANDIDATE,2026-09-11,DRAFT_FOR_REVIEW
IN-01574,Korba Nature & Scenic Region,Chhattisgarh,Korba,,NATURE_REGION,INDIA_NATURE,,Regional nature/scenic discovery hub. Exact attraction matching is resolved separately; this row is a draft regional candidate.,,,,,CANDIDATE,AI-curated regional discovery candidate; verify against authoritative local source,,,AI_CURATED_REGION_CANDIDATE,2026-09-11,DRAFT_FOR_REVIEW
IN-01575,Korba Nature & Scenic Region,Chhattisgarh,Korba,,NATURE_REGION,INDIA_NATURE,,Regional nature/scenic discovery hub. Exact attraction matching is resolved separately; this row is a draft regional candidate.,,,,,CANDIDATE,AI-curated regional discovery candidate; verify against authoritative local source,,,AI_CURATED_REGION_CANDIDATE,2026-09-11,DRAFT_FOR_REVIEW
IN-01576,Visakhapatnam Nature & Scenic Region,Andhra Pradesh,Visakhapatnam,,NATURE_REGION,INDIA_NATURE,,Regional nature/scenic discovery hub. Exact attraction matching is resolved separately; this row is a draft regional candidate.,,,,,CANDIDATE,AI-curated regional discovery candidate; verify against authoritative local source,,,AI_CURATED_REGION_CANDIDATE,2026-09-11,DRAFT_FOR_REVIEW
IN-01577,Visakhapatnam Nature & Scenic Region,Andhra Pradesh,Visakhapatnam,,NATURE_REGION,INDIA_NATURE,,Regional nature/scenic discovery hub. Exact attraction matching is resolved separately; this row is a draft regional candidate.,,,,,CANDIDATE,AI-curated regional discovery candidate; verify against authoritative local source,,,AI_CURATED_REGION_CANDIDATE,2026-09-11,DRAFT_FOR_REVIEW
IN-01578,Alluri Sitharama Raju Nature & Scenic Region,Andhra Pradesh,Alluri Sitharama Raju,,NATURE_REGION,INDIA_NATURE,,Regional nature/scenic discovery hub. Exact attraction matching is resolved separately; this row is a draft regional candidate.,,,,,CANDIDATE,AI-curated regional discovery candidate; verify against authoritative local source,,,AI_CURATED_REGION_CANDIDATE,2026-09-11,DRAFT_FOR_REVIEW
IN-01579,Alluri Sitharama Raju Nature & Scenic Region,Andhra Pradesh,Alluri Sitharama Raju,,NATURE_REGION,INDIA_NATURE,,Regional nature/scenic discovery hub. Exact attraction matching is resolved separately; this row is a draft regional candidate.,,,,,CANDIDATE,AI-curated regional discovery candidate; verify against authoritative local source,,,AI_CURATED_REGION_CANDIDATE,2026-09-11,DRAFT_FOR_REVIEW
IN-01580,Anakapalli Nature & Scenic Region,Andhra Pradesh,Anakapalli,,NATURE_REGION,INDIA_NATURE,,Regional nature/scenic discovery hub. Exact attraction matching is resolved separately; this row is a draft regional candidate.,,,,,CANDIDATE,AI-curated regional discovery candidate; verify against authoritative local source,,,AI_CURATED_REGION_CANDIDATE,2026-09-11,DRAFT_FOR_REVIEW
IN-01581,Anakapalli Nature & Scenic Region,Andhra Pradesh,Anakapalli,,NATURE_REGION,INDIA_NATURE,,Regional nature/scenic discovery hub. Exact attraction matching is resolved separately; this row is a draft regional candidate.,,,,,CANDIDATE,AI-curated regional discovery candidate; verify against authoritative local source,,,AI_CURATED_REGION_CANDIDATE,2026-09-11,DRAFT_FOR_REVIEW
IN-01582,Chittoor Nature & Scenic Region,Andhra Pradesh,Chittoor,,NATURE_REGION,INDIA_NATURE,,Regional nature/scenic discovery hub. Exact attraction matching is resolved separately; this row is a draft regional candidate.,,,,,CANDIDATE,AI-curated regional discovery candidate; verify against authoritative local source,,,AI_CURATED_REGION_CANDIDATE,2026-09-11,DRAFT_FOR_REVIEW
IN-01583,Chittoor Nature & Scenic Region,Andhra Pradesh,Chittoor,,NATURE_REGION,INDIA_NATURE,,Regional nature/scenic discovery hub. Exact attraction matching is resolved separately; this row is a draft regional candidate.,,,,,CANDIDATE,AI-curated regional discovery candidate; verify against authoritative local source,,,AI_CURATED_REGION_CANDIDATE,2026-09-11,DRAFT_FOR_REVIEW
IN-01584,Tirupati Nature & Scenic Region,Andhra Pradesh,Tirupati,,NATURE_REGION,INDIA_NATURE,,Regional nature/scenic discovery hub. Exact attraction matching is resolved separately; this row is a draft regional candidate.,,,,,CANDIDATE,AI-curated regional discovery candidate; verify against authoritative local source,,,AI_CURATED_REGION_CANDIDATE,2026-09-11,DRAFT_FOR_REVIEW
IN-01585,Tirupati Nature & Scenic Region,Andhra Pradesh,Tirupati,,NATURE_REGION,INDIA_NATURE,,Regional nature/scenic discovery hub. Exact attraction matching is resolved separately; this row is a draft regional candidate.,,,,,CANDIDATE,AI-curated regional discovery candidate; verify against authoritative local source,,,AI_CURATED_REGION_CANDIDATE,2026-09-11,DRAFT_FOR_REVIEW
IN-01586,Nandyal Nature & Scenic Region,Andhra Pradesh,Nandyal,,NATURE_REGION,INDIA_NATURE,,Regional nature/scenic discovery hub. Exact attraction matching is resolved separately; this row is a draft regional candidate.,,,,,CANDIDATE,AI-curated regional discovery candidate; verify against authoritative local source,,,AI_CURATED_REGION_CANDIDATE,2026-09-11,DRAFT_FOR_REVIEW
IN-01587,Nandyal Nature & Scenic Region,Andhra Pradesh,Nandyal,,NATURE_REGION,INDIA_NATURE,,Regional nature/scenic discovery hub. Exact attraction matching is resolved separately; this row is a draft regional candidate.,,,,,CANDIDATE,AI-curated regional discovery candidate; verify against authoritative local source,,,AI_CURATED_REGION_CANDIDATE,2026-09-11,DRAFT_FOR_REVIEW
IN-01588,Kurnool Nature & Scenic Region,Andhra Pradesh,Kurnool,,NATURE_REGION,INDIA_NATURE,,Regional nature/scenic discovery hub. Exact attraction matching is resolved separately; this row is a draft regional candidate.,,,,,CANDIDATE,AI-curated regional discovery candidate; verify against authoritative local source,,,AI_CURATED_REGION_CANDIDATE,2026-09-11,DRAFT_FOR_REVIEW
IN-01589,Kurnool Nature & Scenic Region,Andhra Pradesh,Kurnool,,NATURE_REGION,INDIA_NATURE,,Regional nature/scenic discovery hub. Exact attraction matching is resolved separately; this row is a draft regional candidate.,,,,,CANDIDATE,AI-curated regional discovery candidate; verify against authoritative local source,,,AI_CURATED_REGION_CANDIDATE,2026-09-11,DRAFT_FOR_REVIEW
IN-01590,Prakasam Nature & Scenic Region,Andhra Pradesh,Prakasam,,NATURE_REGION,INDIA_NATURE,,Regional nature/scenic discovery hub. Exact attraction matching is resolved separately; this row is a draft regional candidate.,,,,,CANDIDATE,AI-curated regional discovery candidate; verify against authoritative local source,,,AI_CURATED_REGION_CANDIDATE,2026-09-11,DRAFT_FOR_REVIEW
IN-01591,Prakasam Nature & Scenic Region,Andhra Pradesh,Prakasam,,NATURE_REGION,INDIA_NATURE,,Regional nature/scenic discovery hub. Exact attraction matching is resolved separately; this row is a draft regional candidate.,,,,,CANDIDATE,AI-curated regional discovery candidate; verify against authoritative local source,,,AI_CURATED_REGION_CANDIDATE,2026-09-11,DRAFT_FOR_REVIEW
IN-01592,Nellore Nature & Scenic Region,Andhra Pradesh,Nellore,,NATURE_REGION,INDIA_NATURE,,Regional nature/scenic discovery hub. Exact attraction matching is resolved separately; this row is a draft regional candidate.,,,,,CANDIDATE,AI-curated regional discovery candidate; verify against authoritative local source,,,AI_CURATED_REGION_CANDIDATE,2026-09-11,DRAFT_FOR_REVIEW
IN-01593,Nellore Nature & Scenic Region,Andhra Pradesh,Nellore,,NATURE_REGION,INDIA_NATURE,,Regional nature/scenic discovery hub. Exact attraction matching is resolved separately; this row is a draft regional candidate.,,,,,CANDIDATE,AI-curated regional discovery candidate; verify against authoritative local source,,,AI_CURATED_REGION_CANDIDATE,2026-09-11,DRAFT_FOR_REVIEW
IN-01594,Srikakulam Nature & Scenic Region,Andhra Pradesh,Srikakulam,,NATURE_REGION,INDIA_NATURE,,Regional nature/scenic discovery hub. Exact attraction matching is resolved separately; this row is a draft regional candidate.,,,,,CANDIDATE,AI-curated regional discovery candidate; verify against authoritative local source,,,AI_CURATED_REGION_CANDIDATE,2026-09-11,DRAFT_FOR_REVIEW
IN-01595,Srikakulam Nature & Scenic Region,Andhra Pradesh,Srikakulam,,NATURE_REGION,INDIA_NATURE,,Regional nature/scenic discovery hub. Exact attraction matching is resolved separately; this row is a draft regional candidate.,,,,,CANDIDATE,AI-curated regional discovery candidate; verify against authoritative local source,,,AI_CURATED_REGION_CANDIDATE,2026-09-11,DRAFT_FOR_REVIEW
IN-01596,Vizianagaram Nature & Scenic Region,Andhra Pradesh,Vizianagaram,,NATURE_REGION,INDIA_NATURE,,Regional nature/scenic discovery hub. Exact attraction matching is resolved separately; this row is a draft regional candidate.,,,,,CANDIDATE,AI-curated regional discovery candidate; verify against authoritative local source,,,AI_CURATED_REGION_CANDIDATE,2026-09-11,DRAFT_FOR_REVIEW
IN-01597,Vizianagaram Nature & Scenic Region,Andhra Pradesh,Vizianagaram,,NATURE_REGION,INDIA_NATURE,,Regional nature/scenic discovery hub. Exact attraction matching is resolved separately; this row is a draft regional candidate.,,,,,CANDIDATE,AI-curated regional discovery candidate; verify against authoritative local source,,,AI_CURATED_REGION_CANDIDATE,2026-09-11,DRAFT_FOR_REVIEW
IN-01598,East Godavari Nature & Scenic Region,Andhra Pradesh,East Godavari,,NATURE_REGION,INDIA_NATURE,,Regional nature/scenic discovery hub. Exact attraction matching is resolved separately; this row is a draft regional candidate.,,,,,CANDIDATE,AI-curated regional discovery candidate; verify against authoritative local source,,,AI_CURATED_REGION_CANDIDATE,2026-09-11,DRAFT_FOR_REVIEW
IN-01599,East Godavari Nature & Scenic Region,Andhra Pradesh,East Godavari,,NATURE_REGION,INDIA_NATURE,,Regional nature/scenic discovery hub. Exact attraction matching is resolved separately; this row is a draft regional candidate.,,,,,CANDIDATE,AI-curated regional discovery candidate; verify against authoritative local source,,,AI_CURATED_REGION_CANDIDATE,2026-09-11,DRAFT_FOR_REVIEW
IN-01600,West Godavari Nature & Scenic Region,Andhra Pradesh,West Godavari,,NATURE_REGION,INDIA_NATURE,,Regional nature/scenic discovery hub. Exact attraction matching is resolved separately; this row is a draft regional candidate.,,,,,CANDIDATE,AI-curated regional discovery candidate; verify against authoritative local source,,,AI_CURATED_REGION_CANDIDATE,2026-09-11,DRAFT_FOR_REVIEW
IN-01601,West Godavari Nature & Scenic Region,Andhra Pradesh,West Godavari,,NATURE_REGION,INDIA_NATURE,,Regional nature/scenic discovery hub. Exact attraction matching is resolved separately; this row is a draft regional candidate.,,,,,CANDIDATE,AI-curated regional discovery candidate; verify against authoritative local source,,,AI_CURATED_REGION_CANDIDATE,2026-09-11,DRAFT_FOR_REVIEW
IN-01602,Adilabad Nature & Scenic Region,Telangana,Adilabad,,NATURE_REGION,INDIA_NATURE,,Regional nature/scenic discovery hub. Exact attraction matching is resolved separately; this row is a draft regional candidate.,,,,,CANDIDATE,AI-curated regional discovery candidate; verify against authoritative local source,,,AI_CURATED_REGION_CANDIDATE,2026-09-11,DRAFT_FOR_REVIEW
IN-01603,Adilabad Nature & Scenic Region,Telangana,Adilabad,,NATURE_REGION,INDIA_NATURE,,Regional nature/scenic discovery hub. Exact attraction matching is resolved separately; this row is a draft regional candidate.,,,,,CANDIDATE,AI-curated regional discovery candidate; verify against authoritative local source,,,AI_CURATED_REGION_CANDIDATE,2026-09-11,DRAFT_FOR_REVIEW
IN-01604,Komaram Bheem Nature & Scenic Region,Telangana,Komaram Bheem,,NATURE_REGION,INDIA_NATURE,,Regional nature/scenic discovery hub. Exact attraction matching is resolved separately; this row is a draft regional candidate.,,,,,CANDIDATE,AI-curated regional discovery candidate; verify against authoritative local source,,,AI_CURATED_REGION_CANDIDATE,2026-09-11,DRAFT_FOR_REVIEW
IN-01605,Komaram Bheem Nature & Scenic Region,Telangana,Komaram Bheem,,NATURE_REGION,INDIA_NATURE,,Regional nature/scenic discovery hub. Exact attraction matching is resolved separately; this row is a draft regional candidate.,,,,,CANDIDATE,AI-curated regional discovery candidate; verify against authoritative local source,,,AI_CURATED_REGION_CANDIDATE,2026-09-11,DRAFT_FOR_REVIEW
IN-01606,Nirmal Nature & Scenic Region,Telangana,Nirmal,,NATURE_REGION,INDIA_NATURE,,Regional nature/scenic discovery hub. Exact attraction matching is resolved separately; this row is a draft regional candidate.,,,,,CANDIDATE,AI-curated regional discovery candidate; verify against authoritative local source,,,AI_CURATED_REGION_CANDIDATE,2026-09-11,DRAFT_FOR_REVIEW
IN-01607,Nirmal Nature & Scenic Region,Telangana,Nirmal,,NATURE_REGION,INDIA_NATURE,,Regional nature/scenic discovery hub. Exact attraction matching is resolved separately; this row is a draft regional candidate.,,,,,CANDIDATE,AI-curated regional discovery candidate; verify against authoritative local source,,,AI_CURATED_REGION_CANDIDATE,2026-09-11,DRAFT_FOR_REVIEW
IN-01608,Nizamabad Nature & Scenic Region,Telangana,Nizamabad,,NATURE_REGION,INDIA_NATURE,,Regional nature/scenic discovery hub. Exact attraction matching is resolved separately; this row is a draft regional candidate.,,,,,CANDIDATE,AI-curated regional discovery candidate; verify against authoritative local source,,,AI_CURATED_REGION_CANDIDATE,2026-09-11,DRAFT_FOR_REVIEW
IN-01609,Nizamabad Nature & Scenic Region,Telangana,Nizamabad,,NATURE_REGION,INDIA_NATURE,,Regional nature/scenic discovery hub. Exact attraction matching is resolved separately; this row is a draft regional candidate.,,,,,CANDIDATE,AI-curated regional discovery candidate; verify against authoritative local source,,,AI_CURATED_REGION_CANDIDATE,2026-09-11,DRAFT_FOR_REVIEW
IN-01610,Kamareddy Nature & Scenic Region,Telangana,Kamareddy,,NATURE_REGION,INDIA_NATURE,,Regional nature/scenic discovery hub. Exact attraction matching is resolved separately; this row is a draft regional candidate.,,,,,CANDIDATE,AI-curated regional discovery candidate; verify against authoritative local source,,,AI_CURATED_REGION_CANDIDATE,2026-09-11,DRAFT_FOR_REVIEW
IN-01611,Kamareddy Nature & Scenic Region,Telangana,Kamareddy,,NATURE_REGION,INDIA_NATURE,,Regional nature/scenic discovery hub. Exact attraction matching is resolved separately; this row is a draft regional candidate.,,,,,CANDIDATE,AI-curated regional discovery candidate; verify against authoritative local source,,,AI_CURATED_REGION_CANDIDATE,2026-09-11,DRAFT_FOR_REVIEW
IN-01612,Warangal Nature & Scenic Region,Telangana,Warangal,,NATURE_REGION,INDIA_NATURE,,Regional nature/scenic discovery hub. Exact attraction matching is resolved separately; this row is a draft regional candidate.,,,,,CANDIDATE,AI-curated regional discovery candidate; verify against authoritative local source,,,AI_CURATED_REGION_CANDIDATE,2026-09-11,DRAFT_FOR_REVIEW
IN-01613,Warangal Nature & Scenic Region,Telangana,Warangal,,NATURE_REGION,INDIA_NATURE,,Regional nature/scenic discovery hub. Exact attraction matching is resolved separately; this row is a draft regional candidate.,,,,,CANDIDATE,AI-curated regional discovery candidate; verify against authoritative local source,,,AI_CURATED_REGION_CANDIDATE,2026-09-11,DRAFT_FOR_REVIEW
IN-01614,Mulugu Nature & Scenic Region,Telangana,Mulugu,,NATURE_REGION,INDIA_NATURE,,Regional nature/scenic discovery hub. Exact attraction matching is resolved separately; this row is a draft regional candidate.,,,,,CANDIDATE,AI-curated regional discovery candidate; verify against authoritative local source,,,AI_CURATED_REGION_CANDIDATE,2026-09-11,DRAFT_FOR_REVIEW
IN-01615,Mulugu Nature & Scenic Region,Telangana,Mulugu,,NATURE_REGION,INDIA_NATURE,,Regional nature/scenic discovery hub. Exact attraction matching is resolved separately; this row is a draft regional candidate.,,,,,CANDIDATE,AI-curated regional discovery candidate; verify against authoritative local source,,,AI_CURATED_REGION_CANDIDATE,2026-09-11,DRAFT_FOR_REVIEW
IN-01616,Bhadradri Kothagudem Nature & Scenic Region,Telangana,Bhadradri Kothagudem,,NATURE_REGION,INDIA_NATURE,,Regional nature/scenic discovery hub. Exact attraction matching is resolved separately; this row is a draft regional candidate.,,,,,CANDIDATE,AI-curated regional discovery candidate; verify against authoritative local source,,,AI_CURATED_REGION_CANDIDATE,2026-09-11,DRAFT_FOR_REVIEW
IN-01617,Bhadradri Kothagudem Nature & Scenic Region,Telangana,Bhadradri Kothagudem,,NATURE_REGION,INDIA_NATURE,,Regional nature/scenic discovery hub. Exact attraction matching is resolved separately; this row is a draft regional candidate.,,,,,CANDIDATE,AI-curated regional discovery candidate; verify against authoritative local source,,,AI_CURATED_REGION_CANDIDATE,2026-09-11,DRAFT_FOR_REVIEW
IN-01618,Nagarkurnool Nature & Scenic Region,Telangana,Nagarkurnool,,NATURE_REGION,INDIA_NATURE,,Regional nature/scenic discovery hub. Exact attraction matching is resolved separately; this row is a draft regional candidate.,,,,,CANDIDATE,AI-curated regional discovery candidate; verify against authoritative local source,,,AI_CURATED_REGION_CANDIDATE,2026-09-11,DRAFT_FOR_REVIEW
IN-01619,Nagarkurnool Nature & Scenic Region,Telangana,Nagarkurnool,,NATURE_REGION,INDIA_NATURE,,Regional nature/scenic discovery hub. Exact attraction matching is resolved separately; this row is a draft regional candidate.,,,,,CANDIDATE,AI-curated regional discovery candidate; verify against authoritative local source,,,AI_CURATED_REGION_CANDIDATE,2026-09-11,DRAFT_FOR_REVIEW
IN-01620,Nalgonda Nature & Scenic Region,Telangana,Nalgonda,,NATURE_REGION,INDIA_NATURE,,Regional nature/scenic discovery hub. Exact attraction matching is resolved separately; this row is a draft regional candidate.,,,,,CANDIDATE,AI-curated regional discovery candidate; verify against authoritative local source,,,AI_CURATED_REGION_CANDIDATE,2026-09-11,DRAFT_FOR_REVIEW
IN-01621,Nalgonda Nature & Scenic Region,Telangana,Nalgonda,,NATURE_REGION,INDIA_NATURE,,Regional nature/scenic discovery hub. Exact attraction matching is resolved separately; this row is a draft regional candidate.,,,,,CANDIDATE,AI-curated regional discovery candidate; verify against authoritative local source,,,AI_CURATED_REGION_CANDIDATE,2026-09-11,DRAFT_FOR_REVIEW
IN-01622,Jayashankar Bhupalpally Nature & Scenic Region,Telangana,Jayashankar Bhupalpally,,NATURE_REGION,INDIA_NATURE,,Regional nature/scenic discovery hub. Exact attraction matching is resolved separately; this row is a draft regional candidate.,,,,,CANDIDATE,AI-curated regional discovery candidate; verify against authoritative local source,,,AI_CURATED_REGION_CANDIDATE,2026-09-11,DRAFT_FOR_REVIEW
IN-01623,Jayashankar Bhupalpally Nature & Scenic Region,Telangana,Jayashankar Bhupalpally,,NATURE_REGION,INDIA_NATURE,,Regional nature/scenic discovery hub. Exact attraction matching is resolved separately; this row is a draft regional candidate.,,,,,CANDIDATE,AI-curated regional discovery candidate; verify against authoritative local source,,,AI_CURATED_REGION_CANDIDATE,2026-09-11,DRAFT_FOR_REVIEW
IN-01624,Anantnag Nature & Scenic Region,Jammu and Kashmir,Anantnag,,NATURE_REGION,INDIA_NATURE,,Regional nature/scenic discovery hub. Exact attraction matching is resolved separately; this row is a draft regional candidate.,,,,,CANDIDATE,AI-curated regional discovery candidate; verify against authoritative local source,,,AI_CURATED_REGION_CANDIDATE,2026-09-11,DRAFT_FOR_REVIEW
IN-01625,Anantnag Nature & Scenic Region,Jammu and Kashmir,Anantnag,,NATURE_REGION,INDIA_NATURE,,Regional nature/scenic discovery hub. Exact attraction matching is resolved separately; this row is a draft regional candidate.,,,,,CANDIDATE,AI-curated regional discovery candidate; verify against authoritative local source,,,AI_CURATED_REGION_CANDIDATE,2026-09-11,DRAFT_FOR_REVIEW
IN-01626,Kulgam Nature & Scenic Region,Jammu and Kashmir,Kulgam,,NATURE_REGION,INDIA_NATURE,,Regional nature/scenic discovery hub. Exact attraction matching is resolved separately; this row is a draft regional candidate.,,,,,CANDIDATE,AI-curated regional discovery candidate; verify against authoritative local source,,,AI_CURATED_REGION_CANDIDATE,2026-09-11,DRAFT_FOR_REVIEW
IN-01627,Kulgam Nature & Scenic Region,Jammu and Kashmir,Kulgam,,NATURE_REGION,INDIA_NATURE,,Regional nature/scenic discovery hub. Exact attraction matching is resolved separately; this row is a draft regional candidate.,,,,,CANDIDATE,AI-curated regional discovery candidate; verify against authoritative local source,,,AI_CURATED_REGION_CANDIDATE,2026-09-11,DRAFT_FOR_REVIEW
IN-01628,Pulwama Nature & Scenic Region,Jammu and Kashmir,Pulwama,,NATURE_REGION,INDIA_NATURE,,Regional nature/scenic discovery hub. Exact attraction matching is resolved separately; this row is a draft regional candidate.,,,,,CANDIDATE,AI-curated regional discovery candidate; verify against authoritative local source,,,AI_CURATED_REGION_CANDIDATE,2026-09-11,DRAFT_FOR_REVIEW
IN-01629,Pulwama Nature & Scenic Region,Jammu and Kashmir,Pulwama,,NATURE_REGION,INDIA_NATURE,,Regional nature/scenic discovery hub. Exact attraction matching is resolved separately; this row is a draft regional candidate.,,,,,CANDIDATE,AI-curated regional discovery candidate; verify against authoritative local source,,,AI_CURATED_REGION_CANDIDATE,2026-09-11,DRAFT_FOR_REVIEW
IN-01630,Shopian Nature & Scenic Region,Jammu and Kashmir,Shopian,,NATURE_REGION,INDIA_NATURE,,Regional nature/scenic discovery hub. Exact attraction matching is resolved separately; this row is a draft regional candidate.,,,,,CANDIDATE,AI-curated regional discovery candidate; verify against authoritative local source,,,AI_CURATED_REGION_CANDIDATE,2026-09-11,DRAFT_FOR_REVIEW
IN-01631,Shopian Nature & Scenic Region,Jammu and Kashmir,Shopian,,NATURE_REGION,INDIA_NATURE,,Regional nature/scenic discovery hub. Exact attraction matching is resolved separately; this row is a draft regional candidate.,,,,,CANDIDATE,AI-curated regional discovery candidate; verify against authoritative local source,,,AI_CURATED_REGION_CANDIDATE,2026-09-11,DRAFT_FOR_REVIEW
IN-01632,Baramulla Nature & Scenic Region,Jammu and Kashmir,Baramulla,,NATURE_REGION,INDIA_NATURE,,Regional nature/scenic discovery hub. Exact attraction matching is resolved separately; this row is a draft regional candidate.,,,,,CANDIDATE,AI-curated regional discovery candidate; verify against authoritative local source,,,AI_CURATED_REGION_CANDIDATE,2026-09-11,DRAFT_FOR_REVIEW
IN-01633,Baramulla Nature & Scenic Region,Jammu and Kashmir,Baramulla,,NATURE_REGION,INDIA_NATURE,,Regional nature/scenic discovery hub. Exact attraction matching is resolved separately; this row is a draft regional candidate.,,,,,CANDIDATE,AI-curated regional discovery candidate; verify against authoritative local source,,,AI_CURATED_REGION_CANDIDATE,2026-09-11,DRAFT_FOR_REVIEW
IN-01634,Kupwara Nature & Scenic Region,Jammu and Kashmir,Kupwara,,NATURE_REGION,INDIA_NATURE,,Regional nature/scenic discovery hub. Exact attraction matching is resolved separately; this row is a draft regional candidate.,,,,,CANDIDATE,AI-curated regional discovery candidate; verify against authoritative local source,,,AI_CURATED_REGION_CANDIDATE,2026-09-11,DRAFT_FOR_REVIEW
IN-01635,Kupwara Nature & Scenic Region,Jammu and Kashmir,Kupwara,,NATURE_REGION,INDIA_NATURE,,Regional nature/scenic discovery hub. Exact attraction matching is resolved separately; this row is a draft regional candidate.,,,,,CANDIDATE,AI-curated regional discovery candidate; verify against authoritative local source,,,AI_CURATED_REGION_CANDIDATE,2026-09-11,DRAFT_FOR_REVIEW
IN-01636,Bandipora Nature & Scenic Region,Jammu and Kashmir,Bandipora,,NATURE_REGION,INDIA_NATURE,,Regional nature/scenic discovery hub. Exact attraction matching is resolved separately; this row is a draft regional candidate.,,,,,CANDIDATE,AI-curated regional discovery candidate; verify against authoritative local source,,,AI_CURATED_REGION_CANDIDATE,2026-09-11,DRAFT_FOR_REVIEW
IN-01637,Bandipora Nature & Scenic Region,Jammu and Kashmir,Bandipora,,NATURE_REGION,INDIA_NATURE,,Regional nature/scenic discovery hub. Exact attraction matching is resolved separately; this row is a draft regional candidate.,,,,,CANDIDATE,AI-curated regional discovery candidate; verify against authoritative local source,,,AI_CURATED_REGION_CANDIDATE,2026-09-11,DRAFT_FOR_REVIEW
IN-01638,Ganderbal Nature & Scenic Region,Jammu and Kashmir,Ganderbal,,NATURE_REGION,INDIA_NATURE,,Regional nature/scenic discovery hub. Exact attraction matching is resolved separately; this row is a draft regional candidate.,,,,,CANDIDATE,AI-curated regional discovery candidate; verify against authoritative local source,,,AI_CURATED_REGION_CANDIDATE,2026-09-11,DRAFT_FOR_REVIEW
IN-01639,Ganderbal Nature & Scenic Region,Jammu and Kashmir,Ganderbal,,NATURE_REGION,INDIA_NATURE,,Regional nature/scenic discovery hub. Exact attraction matching is resolved separately; this row is a draft regional candidate.,,,,,CANDIDATE,AI-curated regional discovery candidate; verify against authoritative local source,,,AI_CURATED_REGION_CANDIDATE,2026-09-11,DRAFT_FOR_REVIEW
IN-01640,Budgam Nature & Scenic Region,Jammu and Kashmir,Budgam,,NATURE_REGION,INDIA_NATURE,,Regional nature/scenic discovery hub. Exact attraction matching is resolved separately; this row is a draft regional candidate.,,,,,CANDIDATE,AI-curated regional discovery candidate; verify against authoritative local source,,,AI_CURATED_REGION_CANDIDATE,2026-09-11,DRAFT_FOR_REVIEW
IN-01641,Budgam Nature & Scenic Region,Jammu and Kashmir,Budgam,,NATURE_REGION,INDIA_NATURE,,Regional nature/scenic discovery hub. Exact attraction matching is resolved separately; this row is a draft regional candidate.,,,,,CANDIDATE,AI-curated regional discovery candidate; verify against authoritative local source,,,AI_CURATED_REGION_CANDIDATE,2026-09-11,DRAFT_FOR_REVIEW
IN-01642,Doda Nature & Scenic Region,Jammu and Kashmir,Doda,,NATURE_REGION,INDIA_NATURE,,Regional nature/scenic discovery hub. Exact attraction matching is resolved separately; this row is a draft regional candidate.,,,,,CANDIDATE,AI-curated regional discovery candidate; verify against authoritative local source,,,AI_CURATED_REGION_CANDIDATE,2026-09-11,DRAFT_FOR_REVIEW
IN-01643,Doda Nature & Scenic Region,Jammu and Kashmir,Doda,,NATURE_REGION,INDIA_NATURE,,Regional nature/scenic discovery hub. Exact attraction matching is resolved separately; this row is a draft regional candidate.,,,,,CANDIDATE,AI-curated regional discovery candidate; verify against authoritative local source,,,AI_CURATED_REGION_CANDIDATE,2026-09-11,DRAFT_FOR_REVIEW
IN-01644,Kishtwar Nature & Scenic Region,Jammu and Kashmir,Kishtwar,,NATURE_REGION,INDIA_NATURE,,Regional nature/scenic discovery hub. Exact attraction matching is resolved separately; this row is a draft regional candidate.,,,,,CANDIDATE,AI-curated regional discovery candidate; verify against authoritative local source,,,AI_CURATED_REGION_CANDIDATE,2026-09-11,DRAFT_FOR_REVIEW
IN-01645,Kishtwar Nature & Scenic Region,Jammu and Kashmir,Kishtwar,,NATURE_REGION,INDIA_NATURE,,Regional nature/scenic discovery hub. Exact attraction matching is resolved separately; this row is a draft regional candidate.,,,,,CANDIDATE,AI-curated regional discovery candidate; verify against authoritative local source,,,AI_CURATED_REGION_CANDIDATE,2026-09-11,DRAFT_FOR_REVIEW
IN-01646,Poonch Nature & Scenic Region,Jammu and Kashmir,Poonch,,NATURE_REGION,INDIA_NATURE,,Regional nature/scenic discovery hub. Exact attraction matching is resolved separately; this row is a draft regional candidate.,,,,,CANDIDATE,AI-curated regional discovery candidate; verify against authoritative local source,,,AI_CURATED_REGION_CANDIDATE,2026-09-11,DRAFT_FOR_REVIEW
IN-01647,Poonch Nature & Scenic Region,Jammu and Kashmir,Poonch,,NATURE_REGION,INDIA_NATURE,,Regional nature/scenic discovery hub. Exact attraction matching is resolved separately; this row is a draft regional candidate.,,,,,CANDIDATE,AI-curated regional discovery candidate; verify against authoritative local source,,,AI_CURATED_REGION_CANDIDATE,2026-09-11,DRAFT_FOR_REVIEW
IN-01648,Rajouri Nature & Scenic Region,Jammu and Kashmir,Rajouri,,NATURE_REGION,INDIA_NATURE,,Regional nature/scenic discovery hub. Exact attraction matching is resolved separately; this row is a draft regional candidate.,,,,,CANDIDATE,AI-curated regional discovery candidate; verify against authoritative local source,,,AI_CURATED_REGION_CANDIDATE,2026-09-11,DRAFT_FOR_REVIEW
IN-01649,Rajouri Nature & Scenic Region,Jammu and Kashmir,Rajouri,,NATURE_REGION,INDIA_NATURE,,Regional nature/scenic discovery hub. Exact attraction matching is resolved separately; this row is a draft regional candidate.,,,,,CANDIDATE,AI-curated regional discovery candidate; verify against authoritative local source,,,AI_CURATED_REGION_CANDIDATE,2026-09-11,DRAFT_FOR_REVIEW
IN-01650,Leh Nature & Scenic Region,Ladakh,Leh,,NATURE_REGION,INDIA_NATURE,,Regional nature/scenic discovery hub. Exact attraction matching is resolved separately; this row is a draft regional candidate.,,,,,CANDIDATE,AI-curated regional discovery candidate; verify against authoritative local source,,,AI_CURATED_REGION_CANDIDATE,2026-09-11,DRAFT_FOR_REVIEW
IN-01651,Leh Nature & Scenic Region,Ladakh,Leh,,NATURE_REGION,INDIA_NATURE,,Regional nature/scenic discovery hub. Exact attraction matching is resolved separately; this row is a draft regional candidate.,,,,,CANDIDATE,AI-curated regional discovery candidate; verify against authoritative local source,,,AI_CURATED_REGION_CANDIDATE,2026-09-11,DRAFT_FOR_REVIEW
IN-01652,Kargil Nature & Scenic Region,Ladakh,Kargil,,NATURE_REGION,INDIA_NATURE,,Regional nature/scenic discovery hub. Exact attraction matching is resolved separately; this row is a draft regional candidate.,,,,,CANDIDATE,AI-curated regional discovery candidate; verify against authoritative local source,,,AI_CURATED_REGION_CANDIDATE,2026-09-11,DRAFT_FOR_REVIEW
IN-01653,Kargil Nature & Scenic Region,Ladakh,Kargil,,NATURE_REGION,INDIA_NATURE,,Regional nature/scenic discovery hub. Exact attraction matching is resolved separately; this row is a draft regional candidate.,,,,,CANDIDATE,AI-curated regional discovery candidate; verify against authoritative local source,,,AI_CURATED_REGION_CANDIDATE,2026-09-11,DRAFT_FOR_REVIEW
IN-01654,Imphal East Nature & Scenic Region,Manipur,Imphal East,,NATURE_REGION,INDIA_NATURE,,Regional nature/scenic discovery hub. Exact attraction matching is resolved separately; this row is a draft regional candidate.,,,,,CANDIDATE,AI-curated regional discovery candidate; verify against authoritative local source,,,AI_CURATED_REGION_CANDIDATE,2026-09-11,DRAFT_FOR_REVIEW
IN-01655,Imphal East Nature & Scenic Region,Manipur,Imphal East,,NATURE_REGION,INDIA_NATURE,,Regional nature/scenic discovery hub. Exact attraction matching is resolved separately; this row is a draft regional candidate.,,,,,CANDIDATE,AI-curated regional discovery candidate; verify against authoritative local source,,,AI_CURATED_REGION_CANDIDATE,2026-09-11,DRAFT_FOR_REVIEW
IN-01656,Imphal West Nature & Scenic Region,Manipur,Imphal West,,NATURE_REGION,INDIA_NATURE,,Regional nature/scenic discovery hub. Exact attraction matching is resolved separately; this row is a draft regional candidate.,,,,,CANDIDATE,AI-curated regional discovery candidate; verify against authoritative local source,,,AI_CURATED_REGION_CANDIDATE,2026-09-11,DRAFT_FOR_REVIEW
IN-01657,Imphal West Nature & Scenic Region,Manipur,Imphal West,,NATURE_REGION,INDIA_NATURE,,Regional nature/scenic discovery hub. Exact attraction matching is resolved separately; this row is a draft regional candidate.,,,,,CANDIDATE,AI-curated regional discovery candidate; verify against authoritative local source,,,AI_CURATED_REGION_CANDIDATE,2026-09-11,DRAFT_FOR_REVIEW
IN-01658,Ukhrul Nature & Scenic Region,Manipur,Ukhrul,,NATURE_REGION,INDIA_NATURE,,Regional nature/scenic discovery hub. Exact attraction matching is resolved separately; this row is a draft regional candidate.,,,,,CANDIDATE,AI-curated regional discovery candidate; verify against authoritative local source,,,AI_CURATED_REGION_CANDIDATE,2026-09-11,DRAFT_FOR_REVIEW
IN-01659,Ukhrul Nature & Scenic Region,Manipur,Ukhrul,,NATURE_REGION,INDIA_NATURE,,Regional nature/scenic discovery hub. Exact attraction matching is resolved separately; this row is a draft regional candidate.,,,,,CANDIDATE,AI-curated regional discovery candidate; verify against authoritative local source,,,AI_CURATED_REGION_CANDIDATE,2026-09-11,DRAFT_FOR_REVIEW
IN-01660,Senapati Nature & Scenic Region,Manipur,Senapati,,NATURE_REGION,INDIA_NATURE,,Regional nature/scenic discovery hub. Exact attraction matching is resolved separately; this row is a draft regional candidate.,,,,,CANDIDATE,AI-curated regional discovery candidate; verify against authoritative local source,,,AI_CURATED_REGION_CANDIDATE,2026-09-11,DRAFT_FOR_REVIEW
IN-01661,Senapati Nature & Scenic Region,Manipur,Senapati,,NATURE_REGION,INDIA_NATURE,,Regional nature/scenic discovery hub. Exact attraction matching is resolved separately; this row is a draft regional candidate.,,,,,CANDIDATE,AI-curated regional discovery candidate; verify against authoritative local source,,,AI_CURATED_REGION_CANDIDATE,2026-09-11,DRAFT_FOR_REVIEW
IN-01662,Tamenglong Nature & Scenic Region,Manipur,Tamenglong,,NATURE_REGION,INDIA_NATURE,,Regional nature/scenic discovery hub. Exact attraction matching is resolved separately; this row is a draft regional candidate.,,,,,CANDIDATE,AI-curated regional discovery candidate; verify against authoritative local source,,,AI_CURATED_REGION_CANDIDATE,2026-09-11,DRAFT_FOR_REVIEW
IN-01663,Tamenglong Nature & Scenic Region,Manipur,Tamenglong,,NATURE_REGION,INDIA_NATURE,,Regional nature/scenic discovery hub. Exact attraction matching is resolved separately; this row is a draft regional candidate.,,,,,CANDIDATE,AI-curated regional discovery candidate; verify against authoritative local source,,,AI_CURATED_REGION_CANDIDATE,2026-09-11,DRAFT_FOR_REVIEW
IN-01664,Churachandpur Nature & Scenic Region,Manipur,Churachandpur,,NATURE_REGION,INDIA_NATURE,,Regional nature/scenic discovery hub. Exact attraction matching is resolved separately; this row is a draft regional candidate.,,,,,CANDIDATE,AI-curated regional discovery candidate; verify against authoritative local source,,,AI_CURATED_REGION_CANDIDATE,2026-09-11,DRAFT_FOR_REVIEW
IN-01665,Churachandpur Nature & Scenic Region,Manipur,Churachandpur,,NATURE_REGION,INDIA_NATURE,,Regional nature/scenic discovery hub. Exact attraction matching is resolved separately; this row is a draft regional candidate.,,,,,CANDIDATE,AI-curated regional discovery candidate; verify against authoritative local source,,,AI_CURATED_REGION_CANDIDATE,2026-09-11,DRAFT_FOR_REVIEW
IN-01666,Bishnupur Nature & Scenic Region,Manipur,Bishnupur,,NATURE_REGION,INDIA_NATURE,,Regional nature/scenic discovery hub. Exact attraction matching is resolved separately; this row is a draft regional candidate.,,,,,CANDIDATE,AI-curated regional discovery candidate; verify against authoritative local source,,,AI_CURATED_REGION_CANDIDATE,2026-09-11,DRAFT_FOR_REVIEW
IN-01667,Bishnupur Nature & Scenic Region,Manipur,Bishnupur,,NATURE_REGION,INDIA_NATURE,,Regional nature/scenic discovery hub. Exact attraction matching is resolved separately; this row is a draft regional candidate.,,,,,CANDIDATE,AI-curated regional discovery candidate; verify against authoritative local source,,,AI_CURATED_REGION_CANDIDATE,2026-09-11,DRAFT_FOR_REVIEW
IN-01668,Thoubal Nature & Scenic Region,Manipur,Thoubal,,NATURE_REGION,INDIA_NATURE,,Regional nature/scenic discovery hub. Exact attraction matching is resolved separately; this row is a draft regional candidate.,,,,,CANDIDATE,AI-curated regional discovery candidate; verify against authoritative local source,,,AI_CURATED_REGION_CANDIDATE,2026-09-11,DRAFT_FOR_REVIEW
IN-01669,Thoubal Nature & Scenic Region,Manipur,Thoubal,,NATURE_REGION,INDIA_NATURE,,Regional nature/scenic discovery hub. Exact attraction matching is resolved separately; this row is a draft regional candidate.,,,,,CANDIDATE,AI-curated regional discovery candidate; verify against authoritative local source,,,AI_CURATED_REGION_CANDIDATE,2026-09-11,DRAFT_FOR_REVIEW
IN-01670,Kakching Nature & Scenic Region,Manipur,Kakching,,NATURE_REGION,INDIA_NATURE,,Regional nature/scenic discovery hub. Exact attraction matching is resolved separately; this row is a draft regional candidate.,,,,,CANDIDATE,AI-curated regional discovery candidate; verify against authoritative local source,,,AI_CURATED_REGION_CANDIDATE,2026-09-11,DRAFT_FOR_REVIEW
IN-01671,Kakching Nature & Scenic Region,Manipur,Kakching,,NATURE_REGION,INDIA_NATURE,,Regional nature/scenic discovery hub. Exact attraction matching is resolved separately; this row is a draft regional candidate.,,,,,CANDIDATE,AI-curated regional discovery candidate; verify against authoritative local source,,,AI_CURATED_REGION_CANDIDATE,2026-09-11,DRAFT_FOR_REVIEW
IN-01672,Aizawl Nature & Scenic Region,Mizoram,Aizawl,,NATURE_REGION,INDIA_NATURE,,Regional nature/scenic discovery hub. Exact attraction matching is resolved separately; this row is a draft regional candidate.,,,,,CANDIDATE,AI-curated regional discovery candidate; verify against authoritative local source,,,AI_CURATED_REGION_CANDIDATE,2026-09-11,DRAFT_FOR_REVIEW
IN-01673,Aizawl Nature & Scenic Region,Mizoram,Aizawl,,NATURE_REGION,INDIA_NATURE,,Regional nature/scenic discovery hub. Exact attraction matching is resolved separately; this row is a draft regional candidate.,,,,,CANDIDATE,AI-curated regional discovery candidate; verify against authoritative local source,,,AI_CURATED_REGION_CANDIDATE,2026-09-11,DRAFT_FOR_REVIEW
IN-01674,Lunglei Nature & Scenic Region,Mizoram,Lunglei,,NATURE_REGION,INDIA_NATURE,,Regional nature/scenic discovery hub. Exact attraction matching is resolved separately; this row is a draft regional candidate.,,,,,CANDIDATE,AI-curated regional discovery candidate; verify against authoritative local source,,,AI_CURATED_REGION_CANDIDATE,2026-09-11,DRAFT_FOR_REVIEW
IN-01675,Lunglei Nature & Scenic Region,Mizoram,Lunglei,,NATURE_REGION,INDIA_NATURE,,Regional nature/scenic discovery hub. Exact attraction matching is resolved separately; this row is a draft regional candidate.,,,,,CANDIDATE,AI-curated regional discovery candidate; verify against authoritative local source,,,AI_CURATED_REGION_CANDIDATE,2026-09-11,DRAFT_FOR_REVIEW
IN-01676,Champhai Nature & Scenic Region,Mizoram,Champhai,,NATURE_REGION,INDIA_NATURE,,Regional nature/scenic discovery hub. Exact attraction matching is resolved separately; this row is a draft regional candidate.,,,,,CANDIDATE,AI-curated regional discovery candidate; verify against authoritative local source,,,AI_CURATED_REGION_CANDIDATE,2026-09-11,DRAFT_FOR_REVIEW
IN-01677,Champhai Nature & Scenic Region,Mizoram,Champhai,,NATURE_REGION,INDIA_NATURE,,Regional nature/scenic discovery hub. Exact attraction matching is resolved separately; this row is a draft regional candidate.,,,,,CANDIDATE,AI-curated regional discovery candidate; verify against authoritative local source,,,AI_CURATED_REGION_CANDIDATE,2026-09-11,DRAFT_FOR_REVIEW
IN-01678,Serchhip Nature & Scenic Region,Mizoram,Serchhip,,NATURE_REGION,INDIA_NATURE,,Regional nature/scenic discovery hub. Exact attraction matching is resolved separately; this row is a draft regional candidate.,,,,,CANDIDATE,AI-curated regional discovery candidate; verify against authoritative local source,,,AI_CURATED_REGION_CANDIDATE,2026-09-11,DRAFT_FOR_REVIEW
IN-01679,Serchhip Nature & Scenic Region,Mizoram,Serchhip,,NATURE_REGION,INDIA_NATURE,,Regional nature/scenic discovery hub. Exact attraction matching is resolved separately; this row is a draft regional candidate.,,,,,CANDIDATE,AI-curated regional discovery candidate; verify against authoritative local source,,,AI_CURATED_REGION_CANDIDATE,2026-09-11,DRAFT_FOR_REVIEW
IN-01680,Mamit Nature & Scenic Region,Mizoram,Mamit,,NATURE_REGION,INDIA_NATURE,,Regional nature/scenic discovery hub. Exact attraction matching is resolved separately; this row is a draft regional candidate.,,,,,CANDIDATE,AI-curated regional discovery candidate; verify against authoritative local source,,,AI_CURATED_REGION_CANDIDATE,2026-09-11,DRAFT_FOR_REVIEW
IN-01681,Mamit Nature & Scenic Region,Mizoram,Mamit,,NATURE_REGION,INDIA_NATURE,,Regional nature/scenic discovery hub. Exact attraction matching is resolved separately; this row is a draft regional candidate.,,,,,CANDIDATE,AI-curated regional discovery candidate; verify against authoritative local source,,,AI_CURATED_REGION_CANDIDATE,2026-09-11,DRAFT_FOR_REVIEW
IN-01682,Kolasib Nature & Scenic Region,Mizoram,Kolasib,,NATURE_REGION,INDIA_NATURE,,Regional nature/scenic discovery hub. Exact attraction matching is resolved separately; this row is a draft regional candidate.,,,,,CANDIDATE,AI-curated regional discovery candidate; verify against authoritative local source,,,AI_CURATED_REGION_CANDIDATE,2026-09-11,DRAFT_FOR_REVIEW
IN-01683,Kolasib Nature & Scenic Region,Mizoram,Kolasib,,NATURE_REGION,INDIA_NATURE,,Regional nature/scenic discovery hub. Exact attraction matching is resolved separately; this row is a draft regional candidate.,,,,,CANDIDATE,AI-curated regional discovery candidate; verify against authoritative local source,,,AI_CURATED_REGION_CANDIDATE,2026-09-11,DRAFT_FOR_REVIEW
IN-01684,Lawngtlai Nature & Scenic Region,Mizoram,Lawngtlai,,NATURE_REGION,INDIA_NATURE,,Regional nature/scenic discovery hub. Exact attraction matching is resolved separately; this row is a draft regional candidate.,,,,,CANDIDATE,AI-curated regional discovery candidate; verify against authoritative local source,,,AI_CURATED_REGION_CANDIDATE,2026-09-11,DRAFT_FOR_REVIEW
IN-01685,Lawngtlai Nature & Scenic Region,Mizoram,Lawngtlai,,NATURE_REGION,INDIA_NATURE,,Regional nature/scenic discovery hub. Exact attraction matching is resolved separately; this row is a draft regional candidate.,,,,,CANDIDATE,AI-curated regional discovery candidate; verify against authoritative local source,,,AI_CURATED_REGION_CANDIDATE,2026-09-11,DRAFT_FOR_REVIEW
IN-01686,Saiha Nature & Scenic Region,Mizoram,Saiha,,NATURE_REGION,INDIA_NATURE,,Regional nature/scenic discovery hub. Exact attraction matching is resolved separately; this row is a draft regional candidate.,,,,,CANDIDATE,AI-curated regional discovery candidate; verify against authoritative local source,,,AI_CURATED_REGION_CANDIDATE,2026-09-11,DRAFT_FOR_REVIEW
IN-01687,Saiha Nature & Scenic Region,Mizoram,Saiha,,NATURE_REGION,INDIA_NATURE,,Regional nature/scenic discovery hub. Exact attraction matching is resolved separately; this row is a draft regional candidate.,,,,,CANDIDATE,AI-curated regional discovery candidate; verify against authoritative local source,,,AI_CURATED_REGION_CANDIDATE,2026-09-11,DRAFT_FOR_REVIEW
IN-01688,Kohima Nature & Scenic Region,Nagaland,Kohima,,NATURE_REGION,INDIA_NATURE,,Regional nature/scenic discovery hub. Exact attraction matching is resolved separately; this row is a draft regional candidate.,,,,,CANDIDATE,AI-curated regional discovery candidate; verify against authoritative local source,,,AI_CURATED_REGION_CANDIDATE,2026-09-11,DRAFT_FOR_REVIEW
IN-01689,Kohima Nature & Scenic Region,Nagaland,Kohima,,NATURE_REGION,INDIA_NATURE,,Regional nature/scenic discovery hub. Exact attraction matching is resolved separately; this row is a draft regional candidate.,,,,,CANDIDATE,AI-curated regional discovery candidate; verify against authoritative local source,,,AI_CURATED_REGION_CANDIDATE,2026-09-11,DRAFT_FOR_REVIEW
IN-01690,Phek Nature & Scenic Region,Nagaland,Phek,,NATURE_REGION,INDIA_NATURE,,Regional nature/scenic discovery hub. Exact attraction matching is resolved separately; this row is a draft regional candidate.,,,,,CANDIDATE,AI-curated regional discovery candidate; verify against authoritative local source,,,AI_CURATED_REGION_CANDIDATE,2026-09-11,DRAFT_FOR_REVIEW
IN-01691,Phek Nature & Scenic Region,Nagaland,Phek,,NATURE_REGION,INDIA_NATURE,,Regional nature/scenic discovery hub. Exact attraction matching is resolved separately; this row is a draft regional candidate.,,,,,CANDIDATE,AI-curated regional discovery candidate; verify against authoritative local source,,,AI_CURATED_REGION_CANDIDATE,2026-09-11,DRAFT_FOR_REVIEW
IN-01692,Wokha Nature & Scenic Region,Nagaland,Wokha,,NATURE_REGION,INDIA_NATURE,,Regional nature/scenic discovery hub. Exact attraction matching is resolved separately; this row is a draft regional candidate.,,,,,CANDIDATE,AI-curated regional discovery candidate; verify against authoritative local source,,,AI_CURATED_REGION_CANDIDATE,2026-09-11,DRAFT_FOR_REVIEW
IN-01693,Wokha Nature & Scenic Region,Nagaland,Wokha,,NATURE_REGION,INDIA_NATURE,,Regional nature/scenic discovery hub. Exact attraction matching is resolved separately; this row is a draft regional candidate.,,,,,CANDIDATE,AI-curated regional discovery candidate; verify against authoritative local source,,,AI_CURATED_REGION_CANDIDATE,2026-09-11,DRAFT_FOR_REVIEW
IN-01694,Mon Nature & Scenic Region,Nagaland,Mon,,NATURE_REGION,INDIA_NATURE,,Regional nature/scenic discovery hub. Exact attraction matching is resolved separately; this row is a draft regional candidate.,,,,,CANDIDATE,AI-curated regional discovery candidate; verify against authoritative local source,,,AI_CURATED_REGION_CANDIDATE,2026-09-11,DRAFT_FOR_REVIEW
IN-01695,Mon Nature & Scenic Region,Nagaland,Mon,,NATURE_REGION,INDIA_NATURE,,Regional nature/scenic discovery hub. Exact attraction matching is resolved separately; this row is a draft regional candidate.,,,,,CANDIDATE,AI-curated regional discovery candidate; verify against authoritative local source,,,AI_CURATED_REGION_CANDIDATE,2026-09-11,DRAFT_FOR_REVIEW
IN-01696,Tuensang Nature & Scenic Region,Nagaland,Tuensang,,NATURE_REGION,INDIA_NATURE,,Regional nature/scenic discovery hub. Exact attraction matching is resolved separately; this row is a draft regional candidate.,,,,,CANDIDATE,AI-curated regional discovery candidate; verify against authoritative local source,,,AI_CURATED_REGION_CANDIDATE,2026-09-11,DRAFT_FOR_REVIEW
IN-01697,Tuensang Nature & Scenic Region,Nagaland,Tuensang,,NATURE_REGION,INDIA_NATURE,,Regional nature/scenic discovery hub. Exact attraction matching is resolved separately; this row is a draft regional candidate.,,,,,CANDIDATE,AI-curated regional discovery candidate; verify against authoritative local source,,,AI_CURATED_REGION_CANDIDATE,2026-09-11,DRAFT_FOR_REVIEW
IN-01698,Mokokchung Nature & Scenic Region,Nagaland,Mokokchung,,NATURE_REGION,INDIA_NATURE,,Regional nature/scenic discovery hub. Exact attraction matching is resolved separately; this row is a draft regional candidate.,,,,,CANDIDATE,AI-curated regional discovery candidate; verify against authoritative local source,,,AI_CURATED_REGION_CANDIDATE,2026-09-11,DRAFT_FOR_REVIEW
IN-01699,Mokokchung Nature & Scenic Region,Nagaland,Mokokchung,,NATURE_REGION,INDIA_NATURE,,Regional nature/scenic discovery hub. Exact attraction matching is resolved separately; this row is a draft regional candidate.,,,,,CANDIDATE,AI-curated regional discovery candidate; verify against authoritative local source,,,AI_CURATED_REGION_CANDIDATE,2026-09-11,DRAFT_FOR_REVIEW
IN-01700,Zunheboto Nature & Scenic Region,Nagaland,Zunheboto,,NATURE_REGION,INDIA_NATURE,,Regional nature/scenic discovery hub. Exact attraction matching is resolved separately; this row is a draft regional candidate.,,,,,CANDIDATE,AI-curated regional discovery candidate; verify against authoritative local source,,,AI_CURATED_REGION_CANDIDATE,2026-09-11,DRAFT_FOR_REVIEW
IN-01701,Zunheboto Nature & Scenic Region,Nagaland,Zunheboto,,NATURE_REGION,INDIA_NATURE,,Regional nature/scenic discovery hub. Exact attraction matching is resolved separately; this row is a draft regional candidate.,,,,,CANDIDATE,AI-curated regional discovery candidate; verify against authoritative local source,,,AI_CURATED_REGION_CANDIDATE,2026-09-11,DRAFT_FOR_REVIEW
IN-01702,Dimapur Nature & Scenic Region,Nagaland,Dimapur,,NATURE_REGION,INDIA_NATURE,,Regional nature/scenic discovery hub. Exact attraction matching is resolved separately; this row is a draft regional candidate.,,,,,CANDIDATE,AI-curated regional discovery candidate; verify against authoritative local source,,,AI_CURATED_REGION_CANDIDATE,2026-09-11,DRAFT_FOR_REVIEW
IN-01703,Dimapur Nature & Scenic Region,Nagaland,Dimapur,,NATURE_REGION,INDIA_NATURE,,Regional nature/scenic discovery hub. Exact attraction matching is resolved separately; this row is a draft regional candidate.,,,,,CANDIDATE,AI-curated regional discovery candidate; verify against authoritative local source,,,AI_CURATED_REGION_CANDIDATE,2026-09-11,DRAFT_FOR_REVIEW
IN-01704,Kiphire Nature & Scenic Region,Nagaland,Kiphire,,NATURE_REGION,INDIA_NATURE,,Regional nature/scenic discovery hub. Exact attraction matching is resolved separately; this row is a draft regional candidate.,,,,,CANDIDATE,AI-curated regional discovery candidate; verify against authoritative local source,,,AI_CURATED_REGION_CANDIDATE,2026-09-11,DRAFT_FOR_REVIEW
IN-01705,Kiphire Nature & Scenic Region,Nagaland,Kiphire,,NATURE_REGION,INDIA_NATURE,,Regional nature/scenic discovery hub. Exact attraction matching is resolved separately; this row is a draft regional candidate.,,,,,CANDIDATE,AI-curated regional discovery candidate; verify against authoritative local source,,,AI_CURATED_REGION_CANDIDATE,2026-09-11,DRAFT_FOR_REVIEW
IN-01706,Peren Nature & Scenic Region,Nagaland,Peren,,NATURE_REGION,INDIA_NATURE,,Regional nature/scenic discovery hub. Exact attraction matching is resolved separately; this row is a draft regional candidate.,,,,,CANDIDATE,AI-curated regional discovery candidate; verify against authoritative local source,,,AI_CURATED_REGION_CANDIDATE,2026-09-11,DRAFT_FOR_REVIEW
IN-01707,Peren Nature & Scenic Region,Nagaland,Peren,,NATURE_REGION,INDIA_NATURE,,Regional nature/scenic discovery hub. Exact attraction matching is resolved separately; this row is a draft regional candidate.,,,,,CANDIDATE,AI-curated regional discovery candidate; verify against authoritative local source,,,AI_CURATED_REGION_CANDIDATE,2026-09-11,DRAFT_FOR_REVIEW
IN-01708,West Tripura Nature & Scenic Region,Tripura,West Tripura,,NATURE_REGION,INDIA_NATURE,,Regional nature/scenic discovery hub. Exact attraction matching is resolved separately; this row is a draft regional candidate.,,,,,CANDIDATE,AI-curated regional discovery candidate; verify against authoritative local source,,,AI_CURATED_REGION_CANDIDATE,2026-09-11,DRAFT_FOR_REVIEW
IN-01709,West Tripura Nature & Scenic Region,Tripura,West Tripura,,NATURE_REGION,INDIA_NATURE,,Regional nature/scenic discovery hub. Exact attraction matching is resolved separately; this row is a draft regional candidate.,,,,,CANDIDATE,AI-curated regional discovery candidate; verify against authoritative local source,,,AI_CURATED_REGION_CANDIDATE,2026-09-11,DRAFT_FOR_REVIEW
IN-01710,South Tripura Nature & Scenic Region,Tripura,South Tripura,,NATURE_REGION,INDIA_NATURE,,Regional nature/scenic discovery hub. Exact attraction matching is resolved separately; this row is a draft regional candidate.,,,,,CANDIDATE,AI-curated regional discovery candidate; verify against authoritative local source,,,AI_CURATED_REGION_CANDIDATE,2026-09-11,DRAFT_FOR_REVIEW
IN-01711,South Tripura Nature & Scenic Region,Tripura,South Tripura,,NATURE_REGION,INDIA_NATURE,,Regional nature/scenic discovery hub. Exact attraction matching is resolved separately; this row is a draft regional candidate.,,,,,CANDIDATE,AI-curated regional discovery candidate; verify against authoritative local source,,,AI_CURATED_REGION_CANDIDATE,2026-09-11,DRAFT_FOR_REVIEW
IN-01712,North Tripura Nature & Scenic Region,Tripura,North Tripura,,NATURE_REGION,INDIA_NATURE,,Regional nature/scenic discovery hub. Exact attraction matching is resolved separately; this row is a draft regional candidate.,,,,,CANDIDATE,AI-curated regional discovery candidate; verify against authoritative local source,,,AI_CURATED_REGION_CANDIDATE,2026-09-11,DRAFT_FOR_REVIEW
IN-01713,North Tripura Nature & Scenic Region,Tripura,North Tripura,,NATURE_REGION,INDIA_NATURE,,Regional nature/scenic discovery hub. Exact attraction matching is resolved separately; this row is a draft regional candidate.,,,,,CANDIDATE,AI-curated regional discovery candidate; verify against authoritative local source,,,AI_CURATED_REGION_CANDIDATE,2026-09-11,DRAFT_FOR_REVIEW
IN-01714,Dhalai Nature & Scenic Region,Tripura,Dhalai,,NATURE_REGION,INDIA_NATURE,,Regional nature/scenic discovery hub. Exact attraction matching is resolved separately; this row is a draft regional candidate.,,,,,CANDIDATE,AI-curated regional discovery candidate; verify against authoritative local source,,,AI_CURATED_REGION_CANDIDATE,2026-09-11,DRAFT_FOR_REVIEW
IN-01715,Dhalai Nature & Scenic Region,Tripura,Dhalai,,NATURE_REGION,INDIA_NATURE,,Regional nature/scenic discovery hub. Exact attraction matching is resolved separately; this row is a draft regional candidate.,,,,,CANDIDATE,AI-curated regional discovery candidate; verify against authoritative local source,,,AI_CURATED_REGION_CANDIDATE,2026-09-11,DRAFT_FOR_REVIEW
IN-01716,Gomati Nature & Scenic Region,Tripura,Gomati,,NATURE_REGION,INDIA_NATURE,,Regional nature/scenic discovery hub. Exact attraction matching is resolved separately; this row is a draft regional candidate.,,,,,CANDIDATE,AI-curated regional discovery candidate; verify against authoritative local source,,,AI_CURATED_REGION_CANDIDATE,2026-09-11,DRAFT_FOR_REVIEW
IN-01717,Gomati Nature & Scenic Region,Tripura,Gomati,,NATURE_REGION,INDIA_NATURE,,Regional nature/scenic discovery hub. Exact attraction matching is resolved separately; this row is a draft regional candidate.,,,,,CANDIDATE,AI-curated regional discovery candidate; verify against authoritative local source,,,AI_CURATED_REGION_CANDIDATE,2026-09-11,DRAFT_FOR_REVIEW
IN-01718,Sepahijala Nature & Scenic Region,Tripura,Sepahijala,,NATURE_REGION,INDIA_NATURE,,Regional nature/scenic discovery hub. Exact attraction matching is resolved separately; this row is a draft regional candidate.,,,,,CANDIDATE,AI-curated regional discovery candidate; verify against authoritative local source,,,AI_CURATED_REGION_CANDIDATE,2026-09-11,DRAFT_FOR_REVIEW
IN-01719,Sepahijala Nature & Scenic Region,Tripura,Sepahijala,,NATURE_REGION,INDIA_NATURE,,Regional nature/scenic discovery hub. Exact attraction matching is resolved separately; this row is a draft regional candidate.,,,,,CANDIDATE,AI-curated regional discovery candidate; verify against authoritative local source,,,AI_CURATED_REGION_CANDIDATE,2026-09-11,DRAFT_FOR_REVIEW
IN-01720,Khowai Nature & Scenic Region,Tripura,Khowai,,NATURE_REGION,INDIA_NATURE,,Regional nature/scenic discovery hub. Exact attraction matching is resolved separately; this row is a draft regional candidate.,,,,,CANDIDATE,AI-curated regional discovery candidate; verify against authoritative local source,,,AI_CURATED_REGION_CANDIDATE,2026-09-11,DRAFT_FOR_REVIEW
IN-01721,Khowai Nature & Scenic Region,Tripura,Khowai,,NATURE_REGION,INDIA_NATURE,,Regional nature/scenic discovery hub. Exact attraction matching is resolved separately; this row is a draft regional candidate.,,,,,CANDIDATE,AI-curated regional discovery candidate; verify against authoritative local source,,,AI_CURATED_REGION_CANDIDATE,2026-09-11,DRAFT_FOR_REVIEW
IN-01722,Unakoti Nature & Scenic Region,Tripura,Unakoti,,NATURE_REGION,INDIA_NATURE,,Regional nature/scenic discovery hub. Exact attraction matching is resolved separately; this row is a draft regional candidate.,,,,,CANDIDATE,AI-curated regional discovery candidate; verify against authoritative local source,,,AI_CURATED_REGION_CANDIDATE,2026-09-11,DRAFT_FOR_REVIEW
IN-01723,Unakoti Nature & Scenic Region,Tripura,Unakoti,,NATURE_REGION,INDIA_NATURE,,Regional nature/scenic discovery hub. Exact attraction matching is resolved separately; this row is a draft regional candidate.,,,,,CANDIDATE,AI-curated regional discovery candidate; verify against authoritative local source,,,AI_CURATED_REGION_CANDIDATE,2026-09-11,DRAFT_FOR_REVIEW
IN-01724,Amritsar Nature & Scenic Region,Punjab,Amritsar,,NATURE_REGION,INDIA_NATURE,,Regional nature/scenic discovery hub. Exact attraction matching is resolved separately; this row is a draft regional candidate.,,,,,CANDIDATE,AI-curated regional discovery candidate; verify against authoritative local source,,,AI_CURATED_REGION_CANDIDATE,2026-09-11,DRAFT_FOR_REVIEW
IN-01725,Amritsar Nature & Scenic Region,Punjab,Amritsar,,NATURE_REGION,INDIA_NATURE,,Regional nature/scenic discovery hub. Exact attraction matching is resolved separately; this row is a draft regional candidate.,,,,,CANDIDATE,AI-curated regional discovery candidate; verify against authoritative local source,,,AI_CURATED_REGION_CANDIDATE,2026-09-11,DRAFT_FOR_REVIEW
IN-01726,Gurdaspur Nature & Scenic Region,Punjab,Gurdaspur,,NATURE_REGION,INDIA_NATURE,,Regional nature/scenic discovery hub. Exact attraction matching is resolved separately; this row is a draft regional candidate.,,,,,CANDIDATE,AI-curated regional discovery candidate; verify against authoritative local source,,,AI_CURATED_REGION_CANDIDATE,2026-09-11,DRAFT_FOR_REVIEW
IN-01727,Gurdaspur Nature & Scenic Region,Punjab,Gurdaspur,,NATURE_REGION,INDIA_NATURE,,Regional nature/scenic discovery hub. Exact attraction matching is resolved separately; this row is a draft regional candidate.,,,,,CANDIDATE,AI-curated regional discovery candidate; verify against authoritative local source,,,AI_CURATED_REGION_CANDIDATE,2026-09-11,DRAFT_FOR_REVIEW
IN-01728,Pathankot Nature & Scenic Region,Punjab,Pathankot,,NATURE_REGION,INDIA_NATURE,,Regional nature/scenic discovery hub. Exact attraction matching is resolved separately; this row is a draft regional candidate.,,,,,CANDIDATE,AI-curated regional discovery candidate; verify against authoritative local source,,,AI_CURATED_REGION_CANDIDATE,2026-09-11,DRAFT_FOR_REVIEW
IN-01729,Pathankot Nature & Scenic Region,Punjab,Pathankot,,NATURE_REGION,INDIA_NATURE,,Regional nature/scenic discovery hub. Exact attraction matching is resolved separately; this row is a draft regional candidate.,,,,,CANDIDATE,AI-curated regional discovery candidate; verify against authoritative local source,,,AI_CURATED_REGION_CANDIDATE,2026-09-11,DRAFT_FOR_REVIEW
IN-01730,Hoshiarpur Nature & Scenic Region,Punjab,Hoshiarpur,,NATURE_REGION,INDIA_NATURE,,Regional nature/scenic discovery hub. Exact attraction matching is resolved separately; this row is a draft regional candidate.,,,,,CANDIDATE,AI-curated regional discovery candidate; verify against authoritative local source,,,AI_CURATED_REGION_CANDIDATE,2026-09-11,DRAFT_FOR_REVIEW
IN-01731,Hoshiarpur Nature & Scenic Region,Punjab,Hoshiarpur,,NATURE_REGION,INDIA_NATURE,,Regional nature/scenic discovery hub. Exact attraction matching is resolved separately; this row is a draft regional candidate.,,,,,CANDIDATE,AI-curated regional discovery candidate; verify against authoritative local source,,,AI_CURATED_REGION_CANDIDATE,2026-09-11,DRAFT_FOR_REVIEW
IN-01732,Rupnagar Nature & Scenic Region,Punjab,Rupnagar,,NATURE_REGION,INDIA_NATURE,,Regional nature/scenic discovery hub. Exact attraction matching is resolved separately; this row is a draft regional candidate.,,,,,CANDIDATE,AI-curated regional discovery candidate; verify against authoritative local source,,,AI_CURATED_REGION_CANDIDATE,2026-09-11,DRAFT_FOR_REVIEW
IN-01733,Rupnagar Nature & Scenic Region,Punjab,Rupnagar,,NATURE_REGION,INDIA_NATURE,,Regional nature/scenic discovery hub. Exact attraction matching is resolved separately; this row is a draft regional candidate.,,,,,CANDIDATE,AI-curated regional discovery candidate; verify against authoritative local source,,,AI_CURATED_REGION_CANDIDATE,2026-09-11,DRAFT_FOR_REVIEW
IN-01734,SAS Nagar Nature & Scenic Region,Punjab,SAS Nagar,,NATURE_REGION,INDIA_NATURE,,Regional nature/scenic discovery hub. Exact attraction matching is resolved separately; this row is a draft regional candidate.,,,,,CANDIDATE,AI-curated regional discovery candidate; verify against authoritative local source,,,AI_CURATED_REGION_CANDIDATE,2026-09-11,DRAFT_FOR_REVIEW
IN-01735,SAS Nagar Nature & Scenic Region,Punjab,SAS Nagar,,NATURE_REGION,INDIA_NATURE,,Regional nature/scenic discovery hub. Exact attraction matching is resolved separately; this row is a draft regional candidate.,,,,,CANDIDATE,AI-curated regional discovery candidate; verify against authoritative local source,,,AI_CURATED_REGION_CANDIDATE,2026-09-11,DRAFT_FOR_REVIEW
IN-01736,Fazilka Nature & Scenic Region,Punjab,Fazilka,,NATURE_REGION,INDIA_NATURE,,Regional nature/scenic discovery hub. Exact attraction matching is resolved separately; this row is a draft regional candidate.,,,,,CANDIDATE,AI-curated regional discovery candidate; verify against authoritative local source,,,AI_CURATED_REGION_CANDIDATE,2026-09-11,DRAFT_FOR_REVIEW
IN-01737,Fazilka Nature & Scenic Region,Punjab,Fazilka,,NATURE_REGION,INDIA_NATURE,,Regional nature/scenic discovery hub. Exact attraction matching is resolved separately; this row is a draft regional candidate.,,,,,CANDIDATE,AI-curated regional discovery candidate; verify against authoritative local source,,,AI_CURATED_REGION_CANDIDATE,2026-09-11,DRAFT_FOR_REVIEW
IN-01738,Firozpur Nature & Scenic Region,Punjab,Firozpur,,NATURE_REGION,INDIA_NATURE,,Regional nature/scenic discovery hub. Exact attraction matching is resolved separately; this row is a draft regional candidate.,,,,,CANDIDATE,AI-curated regional discovery candidate; verify against authoritative local source,,,AI_CURATED_REGION_CANDIDATE,2026-09-11,DRAFT_FOR_REVIEW
IN-01739,Firozpur Nature & Scenic Region,Punjab,Firozpur,,NATURE_REGION,INDIA_NATURE,,Regional nature/scenic discovery hub. Exact attraction matching is resolved separately; this row is a draft regional candidate.,,,,,CANDIDATE,AI-curated regional discovery candidate; verify against authoritative local source,,,AI_CURATED_REGION_CANDIDATE,2026-09-11,DRAFT_FOR_REVIEW
IN-01740,Muktsar Nature & Scenic Region,Punjab,Muktsar,,NATURE_REGION,INDIA_NATURE,,Regional nature/scenic discovery hub. Exact attraction matching is resolved separately; this row is a draft regional candidate.,,,,,CANDIDATE,AI-curated regional discovery candidate; verify against authoritative local source,,,AI_CURATED_REGION_CANDIDATE,2026-09-11,DRAFT_FOR_REVIEW
IN-01741,Muktsar Nature & Scenic Region,Punjab,Muktsar,,NATURE_REGION,INDIA_NATURE,,Regional nature/scenic discovery hub. Exact attraction matching is resolved separately; this row is a draft regional candidate.,,,,,CANDIDATE,AI-curated regional discovery candidate; verify against authoritative local source,,,AI_CURATED_REGION_CANDIDATE,2026-09-11,DRAFT_FOR_REVIEW
IN-01742,Kapurthala Nature & Scenic Region,Punjab,Kapurthala,,NATURE_REGION,INDIA_NATURE,,Regional nature/scenic discovery hub. Exact attraction matching is resolved separately; this row is a draft regional candidate.,,,,,CANDIDATE,AI-curated regional discovery candidate; verify against authoritative local source,,,AI_CURATED_REGION_CANDIDATE,2026-09-11,DRAFT_FOR_REVIEW
IN-01743,Kapurthala Nature & Scenic Region,Punjab,Kapurthala,,NATURE_REGION,INDIA_NATURE,,Regional nature/scenic discovery hub. Exact attraction matching is resolved separately; this row is a draft regional candidate.,,,,,CANDIDATE,AI-curated regional discovery candidate; verify against authoritative local source,,,AI_CURATED_REGION_CANDIDATE,2026-09-11,DRAFT_FOR_REVIEW
IN-01744,Panchkula Nature & Scenic Region,Haryana,Panchkula,,NATURE_REGION,INDIA_NATURE,,Regional nature/scenic discovery hub. Exact attraction matching is resolved separately; this row is a draft regional candidate.,,,,,CANDIDATE,AI-curated regional discovery candidate; verify against authoritative local source,,,AI_CURATED_REGION_CANDIDATE,2026-09-11,DRAFT_FOR_REVIEW
IN-01745,Panchkula Nature & Scenic Region,Haryana,Panchkula,,NATURE_REGION,INDIA_NATURE,,Regional nature/scenic discovery hub. Exact attraction matching is resolved separately; this row is a draft regional candidate.,,,,,CANDIDATE,AI-curated regional discovery candidate; verify against authoritative local source,,,AI_CURATED_REGION_CANDIDATE,2026-09-11,DRAFT_FOR_REVIEW
IN-01746,Yamunanagar Nature & Scenic Region,Haryana,Yamunanagar,,NATURE_REGION,INDIA_NATURE,,Regional nature/scenic discovery hub. Exact attraction matching is resolved separately; this row is a draft regional candidate.,,,,,CANDIDATE,AI-curated regional discovery candidate; verify against authoritative local source,,,AI_CURATED_REGION_CANDIDATE,2026-09-11,DRAFT_FOR_REVIEW
IN-01747,Yamunanagar Nature & Scenic Region,Haryana,Yamunanagar,,NATURE_REGION,INDIA_NATURE,,Regional nature/scenic discovery hub. Exact attraction matching is resolved separately; this row is a draft regional candidate.,,,,,CANDIDATE,AI-curated regional discovery candidate; verify against authoritative local source,,,AI_CURATED_REGION_CANDIDATE,2026-09-11,DRAFT_FOR_REVIEW
IN-01748,Ambala Nature & Scenic Region,Haryana,Ambala,,NATURE_REGION,INDIA_NATURE,,Regional nature/scenic discovery hub. Exact attraction matching is resolved separately; this row is a draft regional candidate.,,,,,CANDIDATE,AI-curated regional discovery candidate; verify against authoritative local source,,,AI_CURATED_REGION_CANDIDATE,2026-09-11,DRAFT_FOR_REVIEW
IN-01749,Ambala Nature & Scenic Region,Haryana,Ambala,,NATURE_REGION,INDIA_NATURE,,Regional nature/scenic discovery hub. Exact attraction matching is resolved separately; this row is a draft regional candidate.,,,,,CANDIDATE,AI-curated regional discovery candidate; verify against authoritative local source,,,AI_CURATED_REGION_CANDIDATE,2026-09-11,DRAFT_FOR_REVIEW
IN-01750,Gurugram Nature & Scenic Region,Haryana,Gurugram,,NATURE_REGION,INDIA_NATURE,,Regional nature/scenic discovery hub. Exact attraction matching is resolved separately; this row is a draft regional candidate.,,,,,CANDIDATE,AI-curated regional discovery candidate; verify against authoritative local source,,,AI_CURATED_REGION_CANDIDATE,2026-09-11,DRAFT_FOR_REVIEW
IN-01751,Gurugram Nature & Scenic Region,Haryana,Gurugram,,NATURE_REGION,INDIA_NATURE,,Regional nature/scenic discovery hub. Exact attraction matching is resolved separately; this row is a draft regional candidate.,,,,,CANDIDATE,AI-curated regional discovery candidate; verify against authoritative local source,,,AI_CURATED_REGION_CANDIDATE,2026-09-11,DRAFT_FOR_REVIEW
IN-01752,Faridabad Nature & Scenic Region,Haryana,Faridabad,,NATURE_REGION,INDIA_NATURE,,Regional nature/scenic discovery hub. Exact attraction matching is resolved separately; this row is a draft regional candidate.,,,,,CANDIDATE,AI-curated regional discovery candidate; verify against authoritative local source,,,AI_CURATED_REGION_CANDIDATE,2026-09-11,DRAFT_FOR_REVIEW
IN-01753,Faridabad Nature & Scenic Region,Haryana,Faridabad,,NATURE_REGION,INDIA_NATURE,,Regional nature/scenic discovery hub. Exact attraction matching is resolved separately; this row is a draft regional candidate.,,,,,CANDIDATE,AI-curated regional discovery candidate; verify against authoritative local source,,,AI_CURATED_REGION_CANDIDATE,2026-09-11,DRAFT_FOR_REVIEW
IN-01754,Rewari Nature & Scenic Region,Haryana,Rewari,,NATURE_REGION,INDIA_NATURE,,Regional nature/scenic discovery hub. Exact attraction matching is resolved separately; this row is a draft regional candidate.,,,,,CANDIDATE,AI-curated regional discovery candidate; verify against authoritative local source,,,AI_CURATED_REGION_CANDIDATE,2026-09-11,DRAFT_FOR_REVIEW
IN-01755,Rewari Nature & Scenic Region,Haryana,Rewari,,NATURE_REGION,INDIA_NATURE,,Regional nature/scenic discovery hub. Exact attraction matching is resolved separately; this row is a draft regional candidate.,,,,,CANDIDATE,AI-curated regional discovery candidate; verify against authoritative local source,,,AI_CURATED_REGION_CANDIDATE,2026-09-11,DRAFT_FOR_REVIEW
IN-01756,Nuh Nature & Scenic Region,Haryana,Nuh,,NATURE_REGION,INDIA_NATURE,,Regional nature/scenic discovery hub. Exact attraction matching is resolved separately; this row is a draft regional candidate.,,,,,CANDIDATE,AI-curated regional discovery candidate; verify against authoritative local source,,,AI_CURATED_REGION_CANDIDATE,2026-09-11,DRAFT_FOR_REVIEW
IN-01757,Nuh Nature & Scenic Region,Haryana,Nuh,,NATURE_REGION,INDIA_NATURE,,Regional nature/scenic discovery hub. Exact attraction matching is resolved separately; this row is a draft regional candidate.,,,,,CANDIDATE,AI-curated regional discovery candidate; verify against authoritative local source,,,AI_CURATED_REGION_CANDIDATE,2026-09-11,DRAFT_FOR_REVIEW
IN-01758,Bhiwani Nature & Scenic Region,Haryana,Bhiwani,,NATURE_REGION,INDIA_NATURE,,Regional nature/scenic discovery hub. Exact attraction matching is resolved separately; this row is a draft regional candidate.,,,,,CANDIDATE,AI-curated regional discovery candidate; verify against authoritative local source,,,AI_CURATED_REGION_CANDIDATE,2026-09-11,DRAFT_FOR_REVIEW
IN-01759,Bhiwani Nature & Scenic Region,Haryana,Bhiwani,,NATURE_REGION,INDIA_NATURE,,Regional nature/scenic discovery hub. Exact attraction matching is resolved separately; this row is a draft regional candidate.,,,,,CANDIDATE,AI-curated regional discovery candidate; verify against authoritative local source,,,AI_CURATED_REGION_CANDIDATE,2026-09-11,DRAFT_FOR_REVIEW
IN-01760,Hisar Nature & Scenic Region,Haryana,Hisar,,NATURE_REGION,INDIA_NATURE,,Regional nature/scenic discovery hub. Exact attraction matching is resolved separately; this row is a draft regional candidate.,,,,,CANDIDATE,AI-curated regional discovery candidate; verify against authoritative local source,,,AI_CURATED_REGION_CANDIDATE,2026-09-11,DRAFT_FOR_REVIEW
IN-01761,Hisar Nature & Scenic Region,Haryana,Hisar,,NATURE_REGION,INDIA_NATURE,,Regional nature/scenic discovery hub. Exact attraction matching is resolved separately; this row is a draft regional candidate.,,,,,CANDIDATE,AI-curated regional discovery candidate; verify against authoritative local source,,,AI_CURATED_REGION_CANDIDATE,2026-09-11,DRAFT_FOR_REVIEW
IN-01762,Karnal Nature & Scenic Region,Haryana,Karnal,,NATURE_REGION,INDIA_NATURE,,Regional nature/scenic discovery hub. Exact attraction matching is resolved separately; this row is a draft regional candidate.,,,,,CANDIDATE,AI-curated regional discovery candidate; verify against authoritative local source,,,AI_CURATED_REGION_CANDIDATE,2026-09-11,DRAFT_FOR_REVIEW
IN-01763,Karnal Nature & Scenic Region,Haryana,Karnal,,NATURE_REGION,INDIA_NATURE,,Regional nature/scenic discovery hub. Exact attraction matching is resolved separately; this row is a draft regional candidate.,,,,,CANDIDATE,AI-curated regional discovery candidate; verify against authoritative local source,,,AI_CURATED_REGION_CANDIDATE,2026-09-11,DRAFT_FOR_REVIEW
IN-01764,Kurukshetra Nature & Scenic Region,Haryana,Kurukshetra,,NATURE_REGION,INDIA_NATURE,,Regional nature/scenic discovery hub. Exact attraction matching is resolved separately; this row is a draft regional candidate.,,,,,CANDIDATE,AI-curated regional discovery candidate; verify against authoritative local source,,,AI_CURATED_REGION_CANDIDATE,2026-09-11,DRAFT_FOR_REVIEW
IN-01765,Kurukshetra Nature & Scenic Region,Haryana,Kurukshetra,,NATURE_REGION,INDIA_NATURE,,Regional nature/scenic discovery hub. Exact attraction matching is resolved separately; this row is a draft regional candidate.,,,,,CANDIDATE,AI-curated regional discovery candidate; verify against authoritative local source,,,AI_CURATED_REGION_CANDIDATE,2026-09-11,DRAFT_FOR_REVIEW
IN-01766,Sonbhadra Nature & Scenic Region,Uttar Pradesh,Sonbhadra,,NATURE_REGION,INDIA_NATURE,,Regional nature/scenic discovery hub. Exact attraction matching is resolved separately; this row is a draft regional candidate.,,,,,CANDIDATE,AI-curated regional discovery candidate; verify against authoritative local source,,,AI_CURATED_REGION_CANDIDATE,2026-09-11,DRAFT_FOR_REVIEW
IN-01767,Sonbhadra Nature & Scenic Region,Uttar Pradesh,Sonbhadra,,NATURE_REGION,INDIA_NATURE,,Regional nature/scenic discovery hub. Exact attraction matching is resolved separately; this row is a draft regional candidate.,,,,,CANDIDATE,AI-curated regional discovery candidate; verify against authoritative local source,,,AI_CURATED_REGION_CANDIDATE,2026-09-11,DRAFT_FOR_REVIEW
IN-01768,Mirzapur Nature & Scenic Region,Uttar Pradesh,Mirzapur,,NATURE_REGION,INDIA_NATURE,,Regional nature/scenic discovery hub. Exact attraction matching is resolved separately; this row is a draft regional candidate.,,,,,CANDIDATE,AI-curated regional discovery candidate; verify against authoritative local source,,,AI_CURATED_REGION_CANDIDATE,2026-09-11,DRAFT_FOR_REVIEW
IN-01769,Mirzapur Nature & Scenic Region,Uttar Pradesh,Mirzapur,,NATURE_REGION,INDIA_NATURE,,Regional nature/scenic discovery hub. Exact attraction matching is resolved separately; this row is a draft regional candidate.,,,,,CANDIDATE,AI-curated regional discovery candidate; verify against authoritative local source,,,AI_CURATED_REGION_CANDIDATE,2026-09-11,DRAFT_FOR_REVIEW
IN-01770,Chandauli Nature & Scenic Region,Uttar Pradesh,Chandauli,,NATURE_REGION,INDIA_NATURE,,Regional nature/scenic discovery hub. Exact attraction matching is resolved separately; this row is a draft regional candidate.,,,,,CANDIDATE,AI-curated regional discovery candidate; verify against authoritative local source,,,AI_CURATED_REGION_CANDIDATE,2026-09-11,DRAFT_FOR_REVIEW
IN-01771,Chandauli Nature & Scenic Region,Uttar Pradesh,Chandauli,,NATURE_REGION,INDIA_NATURE,,Regional nature/scenic discovery hub. Exact attraction matching is resolved separately; this row is a draft regional candidate.,,,,,CANDIDATE,AI-curated regional discovery candidate; verify against authoritative local source,,,AI_CURATED_REGION_CANDIDATE,2026-09-11,DRAFT_FOR_REVIEW
IN-01772,Lalitpur Nature & Scenic Region,Uttar Pradesh,Lalitpur,,NATURE_REGION,INDIA_NATURE,,Regional nature/scenic discovery hub. Exact attraction matching is resolved separately; this row is a draft regional candidate.,,,,,CANDIDATE,AI-curated regional discovery candidate; verify against authoritative local source,,,AI_CURATED_REGION_CANDIDATE,2026-09-11,DRAFT_FOR_REVIEW
IN-01773,Lalitpur Nature & Scenic Region,Uttar Pradesh,Lalitpur,,NATURE_REGION,INDIA_NATURE,,Regional nature/scenic discovery hub. Exact attraction matching is resolved separately; this row is a draft regional candidate.,,,,,CANDIDATE,AI-curated regional discovery candidate; verify against authoritative local source,,,AI_CURATED_REGION_CANDIDATE,2026-09-11,DRAFT_FOR_REVIEW
IN-01774,Jhansi Nature & Scenic Region,Uttar Pradesh,Jhansi,,NATURE_REGION,INDIA_NATURE,,Regional nature/scenic discovery hub. Exact attraction matching is resolved separately; this row is a draft regional candidate.,,,,,CANDIDATE,AI-curated regional discovery candidate; verify against authoritative local source,,,AI_CURATED_REGION_CANDIDATE,2026-09-11,DRAFT_FOR_REVIEW
IN-01775,Jhansi Nature & Scenic Region,Uttar Pradesh,Jhansi,,NATURE_REGION,INDIA_NATURE,,Regional nature/scenic discovery hub. Exact attraction matching is resolved separately; this row is a draft regional candidate.,,,,,CANDIDATE,AI-curated regional discovery candidate; verify against authoritative local source,,,AI_CURATED_REGION_CANDIDATE,2026-09-11,DRAFT_FOR_REVIEW
IN-01776,Agra Nature & Scenic Region,Uttar Pradesh,Agra,,NATURE_REGION,INDIA_NATURE,,Regional nature/scenic discovery hub. Exact attraction matching is resolved separately; this row is a draft regional candidate.,,,,,CANDIDATE,AI-curated regional discovery candidate; verify against authoritative local source,,,AI_CURATED_REGION_CANDIDATE,2026-09-11,DRAFT_FOR_REVIEW
IN-01777,Agra Nature & Scenic Region,Uttar Pradesh,Agra,,NATURE_REGION,INDIA_NATURE,,Regional nature/scenic discovery hub. Exact attraction matching is resolved separately; this row is a draft regional candidate.,,,,,CANDIDATE,AI-curated regional discovery candidate; verify against authoritative local source,,,AI_CURATED_REGION_CANDIDATE,2026-09-11,DRAFT_FOR_REVIEW
IN-01778,Etawah Nature & Scenic Region,Uttar Pradesh,Etawah,,NATURE_REGION,INDIA_NATURE,,Regional nature/scenic discovery hub. Exact attraction matching is resolved separately; this row is a draft regional candidate.,,,,,CANDIDATE,AI-curated regional discovery candidate; verify against authoritative local source,,,AI_CURATED_REGION_CANDIDATE,2026-09-11,DRAFT_FOR_REVIEW
IN-01779,Etawah Nature & Scenic Region,Uttar Pradesh,Etawah,,NATURE_REGION,INDIA_NATURE,,Regional nature/scenic discovery hub. Exact attraction matching is resolved separately; this row is a draft regional candidate.,,,,,CANDIDATE,AI-curated regional discovery candidate; verify against authoritative local source,,,AI_CURATED_REGION_CANDIDATE,2026-09-11,DRAFT_FOR_REVIEW
IN-01780,Bahraich Nature & Scenic Region,Uttar Pradesh,Bahraich,,NATURE_REGION,INDIA_NATURE,,Regional nature/scenic discovery hub. Exact attraction matching is resolved separately; this row is a draft regional candidate.,,,,,CANDIDATE,AI-curated regional discovery candidate; verify against authoritative local source,,,AI_CURATED_REGION_CANDIDATE,2026-09-11,DRAFT_FOR_REVIEW
IN-01781,Bahraich Nature & Scenic Region,Uttar Pradesh,Bahraich,,NATURE_REGION,INDIA_NATURE,,Regional nature/scenic discovery hub. Exact attraction matching is resolved separately; this row is a draft regional candidate.,,,,,CANDIDATE,AI-curated regional discovery candidate; verify against authoritative local source,,,AI_CURATED_REGION_CANDIDATE,2026-09-11,DRAFT_FOR_REVIEW
IN-01782,Lakhimpur Kheri Nature & Scenic Region,Uttar Pradesh,Lakhimpur Kheri,,NATURE_REGION,INDIA_NATURE,,Regional nature/scenic discovery hub. Exact attraction matching is resolved separately; this row is a draft regional candidate.,,,,,CANDIDATE,AI-curated regional discovery candidate; verify against authoritative local source,,,AI_CURATED_REGION_CANDIDATE,2026-09-11,DRAFT_FOR_REVIEW
IN-01783,Lakhimpur Kheri Nature & Scenic Region,Uttar Pradesh,Lakhimpur Kheri,,NATURE_REGION,INDIA_NATURE,,Regional nature/scenic discovery hub. Exact attraction matching is resolved separately; this row is a draft regional candidate.,,,,,CANDIDATE,AI-curated regional discovery candidate; verify against authoritative local source,,,AI_CURATED_REGION_CANDIDATE,2026-09-11,DRAFT_FOR_REVIEW
IN-01784,Pilibhit Nature & Scenic Region,Uttar Pradesh,Pilibhit,,NATURE_REGION,INDIA_NATURE,,Regional nature/scenic discovery hub. Exact attraction matching is resolved separately; this row is a draft regional candidate.,,,,,CANDIDATE,AI-curated regional discovery candidate; verify against authoritative local source,,,AI_CURATED_REGION_CANDIDATE,2026-09-11,DRAFT_FOR_REVIEW
IN-01785,Pilibhit Nature & Scenic Region,Uttar Pradesh,Pilibhit,,NATURE_REGION,INDIA_NATURE,,Regional nature/scenic discovery hub. Exact attraction matching is resolved separately; this row is a draft regional candidate.,,,,,CANDIDATE,AI-curated regional discovery candidate; verify against authoritative local source,,,AI_CURATED_REGION_CANDIDATE,2026-09-11,DRAFT_FOR_REVIEW
IN-01786,Saharanpur Nature & Scenic Region,Uttar Pradesh,Saharanpur,,NATURE_REGION,INDIA_NATURE,,Regional nature/scenic discovery hub. Exact attraction matching is resolved separately; this row is a draft regional candidate.,,,,,CANDIDATE,AI-curated regional discovery candidate; verify against authoritative local source,,,AI_CURATED_REGION_CANDIDATE,2026-09-11,DRAFT_FOR_REVIEW
IN-01787,Saharanpur Nature & Scenic Region,Uttar Pradesh,Saharanpur,,NATURE_REGION,INDIA_NATURE,,Regional nature/scenic discovery hub. Exact attraction matching is resolved separately; this row is a draft regional candidate.,,,,,CANDIDATE,AI-curated regional discovery candidate; verify against authoritative local source,,,AI_CURATED_REGION_CANDIDATE,2026-09-11,DRAFT_FOR_REVIEW
IN-01788,Dehradun border hills Nature & Scenic Region,Uttar Pradesh,Dehradun border hills,,NATURE_REGION,INDIA_NATURE,,Regional nature/scenic discovery hub. Exact attraction matching is resolved separately; this row is a draft regional candidate.,,,,,CANDIDATE,AI-curated regional discovery candidate; verify against authoritative local source,,,AI_CURATED_REGION_CANDIDATE,2026-09-11,DRAFT_FOR_REVIEW
IN-01789,Dehradun border hills Nature & Scenic Region,Uttar Pradesh,Dehradun border hills,,NATURE_REGION,INDIA_NATURE,,Regional nature/scenic discovery hub. Exact attraction matching is resolved separately; this row is a draft regional candidate.,,,,,CANDIDATE,AI-curated regional discovery candidate; verify against authoritative local source,,,AI_CURATED_REGION_CANDIDATE,2026-09-11,DRAFT_FOR_REVIEW
IN-01790,Kaimur Nature & Scenic Region,Bihar,Kaimur,,NATURE_REGION,INDIA_NATURE,,Regional nature/scenic discovery hub. Exact attraction matching is resolved separately; this row is a draft regional candidate.,,,,,CANDIDATE,AI-curated regional discovery candidate; verify against authoritative local source,,,AI_CURATED_REGION_CANDIDATE,2026-09-11,DRAFT_FOR_REVIEW
IN-01791,Kaimur Nature & Scenic Region,Bihar,Kaimur,,NATURE_REGION,INDIA_NATURE,,Regional nature/scenic discovery hub. Exact attraction matching is resolved separately; this row is a draft regional candidate.,,,,,CANDIDATE,AI-curated regional discovery candidate; verify against authoritative local source,,,AI_CURATED_REGION_CANDIDATE,2026-09-11,DRAFT_FOR_REVIEW
IN-01792,Rohtas Nature & Scenic Region,Bihar,Rohtas,,NATURE_REGION,INDIA_NATURE,,Regional nature/scenic discovery hub. Exact attraction matching is resolved separately; this row is a draft regional candidate.,,,,,CANDIDATE,AI-curated regional discovery candidate; verify against authoritative local source,,,AI_CURATED_REGION_CANDIDATE,2026-09-11,DRAFT_FOR_REVIEW
IN-01793,Rohtas Nature & Scenic Region,Bihar,Rohtas,,NATURE_REGION,INDIA_NATURE,,Regional nature/scenic discovery hub. Exact attraction matching is resolved separately; this row is a draft regional candidate.,,,,,CANDIDATE,AI-curated regional discovery candidate; verify against authoritative local source,,,AI_CURATED_REGION_CANDIDATE,2026-09-11,DRAFT_FOR_REVIEW
IN-01794,West Champaran Nature & Scenic Region,Bihar,West Champaran,,NATURE_REGION,INDIA_NATURE,,Regional nature/scenic discovery hub. Exact attraction matching is resolved separately; this row is a draft regional candidate.,,,,,CANDIDATE,AI-curated regional discovery candidate; verify against authoritative local source,,,AI_CURATED_REGION_CANDIDATE,2026-09-11,DRAFT_FOR_REVIEW
IN-01795,West Champaran Nature & Scenic Region,Bihar,West Champaran,,NATURE_REGION,INDIA_NATURE,,Regional nature/scenic discovery hub. Exact attraction matching is resolved separately; this row is a draft regional candidate.,,,,,CANDIDATE,AI-curated regional discovery candidate; verify against authoritative local source,,,AI_CURATED_REGION_CANDIDATE,2026-09-11,DRAFT_FOR_REVIEW
IN-01796,Nawada Nature & Scenic Region,Bihar,Nawada,,NATURE_REGION,INDIA_NATURE,,Regional nature/scenic discovery hub. Exact attraction matching is resolved separately; this row is a draft regional candidate.,,,,,CANDIDATE,AI-curated regional discovery candidate; verify against authoritative local source,,,AI_CURATED_REGION_CANDIDATE,2026-09-11,DRAFT_FOR_REVIEW
IN-01797,Nawada Nature & Scenic Region,Bihar,Nawada,,NATURE_REGION,INDIA_NATURE,,Regional nature/scenic discovery hub. Exact attraction matching is resolved separately; this row is a draft regional candidate.,,,,,CANDIDATE,AI-curated regional discovery candidate; verify against authoritative local source,,,AI_CURATED_REGION_CANDIDATE,2026-09-11,DRAFT_FOR_REVIEW
IN-01798,Munger Nature & Scenic Region,Bihar,Munger,,NATURE_REGION,INDIA_NATURE,,Regional nature/scenic discovery hub. Exact attraction matching is resolved separately; this row is a draft regional candidate.,,,,,CANDIDATE,AI-curated regional discovery candidate; verify against authoritative local source,,,AI_CURATED_REGION_CANDIDATE,2026-09-11,DRAFT_FOR_REVIEW
IN-01799,Munger Nature & Scenic Region,Bihar,Munger,,NATURE_REGION,INDIA_NATURE,,Regional nature/scenic discovery hub. Exact attraction matching is resolved separately; this row is a draft regional candidate.,,,,,CANDIDATE,AI-curated regional discovery candidate; verify against authoritative local source,,,AI_CURATED_REGION_CANDIDATE,2026-09-11,DRAFT_FOR_REVIEW
IN-01800,Jamui Nature & Scenic Region,Bihar,Jamui,,NATURE_REGION,INDIA_NATURE,,Regional nature/scenic discovery hub. Exact attraction matching is resolved separately; this row is a draft regional candidate.,,,,,CANDIDATE,AI-curated regional discovery candidate; verify against authoritative local source,,,AI_CURATED_REGION_CANDIDATE,2026-09-11,DRAFT_FOR_REVIEW
IN-01801,Jamui Nature & Scenic Region,Bihar,Jamui,,NATURE_REGION,INDIA_NATURE,,Regional nature/scenic discovery hub. Exact attraction matching is resolved separately; this row is a draft regional candidate.,,,,,CANDIDATE,AI-curated regional discovery candidate; verify against authoritative local source,,,AI_CURATED_REGION_CANDIDATE,2026-09-11,DRAFT_FOR_REVIEW
IN-01802,Gaya Nature & Scenic Region,Bihar,Gaya,,NATURE_REGION,INDIA_NATURE,,Regional nature/scenic discovery hub. Exact attraction matching is resolved separately; this row is a draft regional candidate.,,,,,CANDIDATE,AI-curated regional discovery candidate; verify against authoritative local source,,,AI_CURATED_REGION_CANDIDATE,2026-09-11,DRAFT_FOR_REVIEW
IN-01803,Gaya Nature & Scenic Region,Bihar,Gaya,,NATURE_REGION,INDIA_NATURE,,Regional nature/scenic discovery hub. Exact attraction matching is resolved separately; this row is a draft regional candidate.,,,,,CANDIDATE,AI-curated regional discovery candidate; verify against authoritative local source,,,AI_CURATED_REGION_CANDIDATE,2026-09-11,DRAFT_FOR_REVIEW
IN-01804,Aurangabad Nature & Scenic Region,Bihar,Aurangabad,,NATURE_REGION,INDIA_NATURE,,Regional nature/scenic discovery hub. Exact attraction matching is resolved separately; this row is a draft regional candidate.,,,,,CANDIDATE,AI-curated regional discovery candidate; verify against authoritative local source,,,AI_CURATED_REGION_CANDIDATE,2026-09-11,DRAFT_FOR_REVIEW
IN-01805,Aurangabad Nature & Scenic Region,Bihar,Aurangabad,,NATURE_REGION,INDIA_NATURE,,Regional nature/scenic discovery hub. Exact attraction matching is resolved separately; this row is a draft regional candidate.,,,,,CANDIDATE,AI-curated regional discovery candidate; verify against authoritative local source,,,AI_CURATED_REGION_CANDIDATE,2026-09-11,DRAFT_FOR_REVIEW
IN-01806,Bhagalpur Nature & Scenic Region,Bihar,Bhagalpur,,NATURE_REGION,INDIA_NATURE,,Regional nature/scenic discovery hub. Exact attraction matching is resolved separately; this row is a draft regional candidate.,,,,,CANDIDATE,AI-curated regional discovery candidate; verify against authoritative local source,,,AI_CURATED_REGION_CANDIDATE,2026-09-11,DRAFT_FOR_REVIEW
IN-01807,Bhagalpur Nature & Scenic Region,Bihar,Bhagalpur,,NATURE_REGION,INDIA_NATURE,,Regional nature/scenic discovery hub. Exact attraction matching is resolved separately; this row is a draft regional candidate.,,,,,CANDIDATE,AI-curated regional discovery candidate; verify against authoritative local source,,,AI_CURATED_REGION_CANDIDATE,2026-09-11,DRAFT_FOR_REVIEW
IN-01808,Puducherry Nature & Scenic Region,Puducherry,Puducherry,,NATURE_REGION,INDIA_NATURE,,Regional nature/scenic discovery hub. Exact attraction matching is resolved separately; this row is a draft regional candidate.,,,,,CANDIDATE,AI-curated regional discovery candidate; verify against authoritative local source,,,AI_CURATED_REGION_CANDIDATE,2026-09-11,DRAFT_FOR_REVIEW
IN-01809,Puducherry Nature & Scenic Region,Puducherry,Puducherry,,NATURE_REGION,INDIA_NATURE,,Regional nature/scenic discovery hub. Exact attraction matching is resolved separately; this row is a draft regional candidate.,,,,,CANDIDATE,AI-curated regional discovery candidate; verify against authoritative local source,,,AI_CURATED_REGION_CANDIDATE,2026-09-11,DRAFT_FOR_REVIEW
IN-01810,Karaikal Nature & Scenic Region,Puducherry,Karaikal,,NATURE_REGION,INDIA_NATURE,,Regional nature/scenic discovery hub. Exact attraction matching is resolved separately; this row is a draft regional candidate.,,,,,CANDIDATE,AI-curated regional discovery candidate; verify against authoritative local source,,,AI_CURATED_REGION_CANDIDATE,2026-09-11,DRAFT_FOR_REVIEW
IN-01811,Karaikal Nature & Scenic Region,Puducherry,Karaikal,,NATURE_REGION,INDIA_NATURE,,Regional nature/scenic discovery hub. Exact attraction matching is resolved separately; this row is a draft regional candidate.,,,,,CANDIDATE,AI-curated regional discovery candidate; verify against authoritative local source,,,AI_CURATED_REGION_CANDIDATE,2026-09-11,DRAFT_FOR_REVIEW
IN-01812,Mahe Nature & Scenic Region,Puducherry,Mahe,,NATURE_REGION,INDIA_NATURE,,Regional nature/scenic discovery hub. Exact attraction matching is resolved separately; this row is a draft regional candidate.,,,,,CANDIDATE,AI-curated regional discovery candidate; verify against authoritative local source,,,AI_CURATED_REGION_CANDIDATE,2026-09-11,DRAFT_FOR_REVIEW
IN-01813,Mahe Nature & Scenic Region,Puducherry,Mahe,,NATURE_REGION,INDIA_NATURE,,Regional nature/scenic discovery hub. Exact attraction matching is resolved separately; this row is a draft regional candidate.,,,,,CANDIDATE,AI-curated regional discovery candidate; verify against authoritative local source,,,AI_CURATED_REGION_CANDIDATE,2026-09-11,DRAFT_FOR_REVIEW
IN-01814,Yanam Nature & Scenic Region,Puducherry,Yanam,,NATURE_REGION,INDIA_NATURE,,Regional nature/scenic discovery hub. Exact attraction matching is resolved separately; this row is a draft regional candidate.,,,,,CANDIDATE,AI-curated regional discovery candidate; verify against authoritative local source,,,AI_CURATED_REGION_CANDIDATE,2026-09-11,DRAFT_FOR_REVIEW
IN-01815,Yanam Nature & Scenic Region,Puducherry,Yanam,,NATURE_REGION,INDIA_NATURE,,Regional nature/scenic discovery hub. Exact attraction matching is resolved separately; this row is a draft regional candidate.,,,,,CANDIDATE,AI-curated regional discovery candidate; verify against authoritative local source,,,AI_CURATED_REGION_CANDIDATE,2026-09-11,DRAFT_FOR_REVIEW
IN-01816,South Andaman Nature & Scenic Region,Andaman and Nicobar Islands,South Andaman,,NATURE_REGION,INDIA_NATURE,,Regional nature/scenic discovery hub. Exact attraction matching is resolved separately; this row is a draft regional candidate.,,,,,CANDIDATE,AI-curated regional discovery candidate; verify against authoritative local source,,,AI_CURATED_REGION_CANDIDATE,2026-09-11,DRAFT_FOR_REVIEW
IN-01817,South Andaman Nature & Scenic Region,Andaman and Nicobar Islands,South Andaman,,NATURE_REGION,INDIA_NATURE,,Regional nature/scenic discovery hub. Exact attraction matching is resolved separately; this row is a draft regional candidate.,,,,,CANDIDATE,AI-curated regional discovery candidate; verify against authoritative local source,,,AI_CURATED_REGION_CANDIDATE,2026-09-11,DRAFT_FOR_REVIEW
IN-01818,North and Middle Andaman Nature & Scenic Region,Andaman and Nicobar Islands,North and Middle Andaman,,NATURE_REGION,INDIA_NATURE,,Regional nature/scenic discovery hub. Exact attraction matching is resolved separately; this row is a draft regional candidate.,,,,,CANDIDATE,AI-curated regional discovery candidate; verify against authoritative local source,,,AI_CURATED_REGION_CANDIDATE,2026-09-11,DRAFT_FOR_REVIEW
IN-01819,North and Middle Andaman Nature & Scenic Region,Andaman and Nicobar Islands,North and Middle Andaman,,NATURE_REGION,INDIA_NATURE,,Regional nature/scenic discovery hub. Exact attraction matching is resolved separately; this row is a draft regional candidate.,,,,,CANDIDATE,AI-curated regional discovery candidate; verify against authoritative local source,,,AI_CURATED_REGION_CANDIDATE,2026-09-11,DRAFT_FOR_REVIEW
IN-01820,Nicobar Nature & Scenic Region,Andaman and Nicobar Islands,Nicobar,,NATURE_REGION,INDIA_NATURE,,Regional nature/scenic discovery hub. Exact attraction matching is resolved separately; this row is a draft regional candidate.,,,,,CANDIDATE,AI-curated regional discovery candidate; verify against authoritative local source,,,AI_CURATED_REGION_CANDIDATE,2026-09-11,DRAFT_FOR_REVIEW
IN-01821,Nicobar Nature & Scenic Region,Andaman and Nicobar Islands,Nicobar,,NATURE_REGION,INDIA_NATURE,,Regional nature/scenic discovery hub. Exact attraction matching is resolved separately; this row is a draft regional candidate.,,,,,CANDIDATE,AI-curated regional discovery candidate; verify against authoritative local source,,,AI_CURATED_REGION_CANDIDATE,2026-09-11,DRAFT_FOR_REVIEW
IN-01822,Kavaratti Nature & Scenic Region,Lakshadweep,Kavaratti,,NATURE_REGION,INDIA_NATURE,,Regional nature/scenic discovery hub. Exact attraction matching is resolved separately; this row is a draft regional candidate.,,,,,CANDIDATE,AI-curated regional discovery candidate; verify against authoritative local source,,,AI_CURATED_REGION_CANDIDATE,2026-09-11,DRAFT_FOR_REVIEW
IN-01823,Kavaratti Nature & Scenic Region,Lakshadweep,Kavaratti,,NATURE_REGION,INDIA_NATURE,,Regional nature/scenic discovery hub. Exact attraction matching is resolved separately; this row is a draft regional candidate.,,,,,CANDIDATE,AI-curated regional discovery candidate; verify against authoritative local source,,,AI_CURATED_REGION_CANDIDATE,2026-09-11,DRAFT_FOR_REVIEW
IN-01824,Agatti Nature & Scenic Region,Lakshadweep,Agatti,,NATURE_REGION,INDIA_NATURE,,Regional nature/scenic discovery hub. Exact attraction matching is resolved separately; this row is a draft regional candidate.,,,,,CANDIDATE,AI-curated regional discovery candidate; verify against authoritative local source,,,AI_CURATED_REGION_CANDIDATE,2026-09-11,DRAFT_FOR_REVIEW
IN-01825,Agatti Nature & Scenic Region,Lakshadweep,Agatti,,NATURE_REGION,INDIA_NATURE,,Regional nature/scenic discovery hub. Exact attraction matching is resolved separately; this row is a draft regional candidate.,,,,,CANDIDATE,AI-curated regional discovery candidate; verify against authoritative local source,,,AI_CURATED_REGION_CANDIDATE,2026-09-11,DRAFT_FOR_REVIEW
IN-01826,Amini Nature & Scenic Region,Lakshadweep,Amini,,NATURE_REGION,INDIA_NATURE,,Regional nature/scenic discovery hub. Exact attraction matching is resolved separately; this row is a draft regional candidate.,,,,,CANDIDATE,AI-curated regional discovery candidate; verify against authoritative local source,,,AI_CURATED_REGION_CANDIDATE,2026-09-11,DRAFT_FOR_REVIEW
IN-01827,Amini Nature & Scenic Region,Lakshadweep,Amini,,NATURE_REGION,INDIA_NATURE,,Regional nature/scenic discovery hub. Exact attraction matching is resolved separately; this row is a draft regional candidate.,,,,,CANDIDATE,AI-curated regional discovery candidate; verify against authoritative local source,,,AI_CURATED_REGION_CANDIDATE,2026-09-11,DRAFT_FOR_REVIEW
IN-01828,Andrott Nature & Scenic Region,Lakshadweep,Andrott,,NATURE_REGION,INDIA_NATURE,,Regional nature/scenic discovery hub. Exact attraction matching is resolved separately; this row is a draft regional candidate.,,,,,CANDIDATE,AI-curated regional discovery candidate; verify against authoritative local source,,,AI_CURATED_REGION_CANDIDATE,2026-09-11,DRAFT_FOR_REVIEW
IN-01829,Andrott Nature & Scenic Region,Lakshadweep,Andrott,,NATURE_REGION,INDIA_NATURE,,Regional nature/scenic discovery hub. Exact attraction matching is resolved separately; this row is a draft regional candidate.,,,,,CANDIDATE,AI-curated regional discovery candidate; verify against authoritative local source,,,AI_CURATED_REGION_CANDIDATE,2026-09-11,DRAFT_FOR_REVIEW
IN-01830,Kalpeni Nature & Scenic Region,Lakshadweep,Kalpeni,,NATURE_REGION,INDIA_NATURE,,Regional nature/scenic discovery hub. Exact attraction matching is resolved separately; this row is a draft regional candidate.,,,,,CANDIDATE,AI-curated regional discovery candidate; verify against authoritative local source,,,AI_CURATED_REGION_CANDIDATE,2026-09-11,DRAFT_FOR_REVIEW
IN-01831,Kalpeni Nature & Scenic Region,Lakshadweep,Kalpeni,,NATURE_REGION,INDIA_NATURE,,Regional nature/scenic discovery hub. Exact attraction matching is resolved separately; this row is a draft regional candidate.,,,,,CANDIDATE,AI-curated regional discovery candidate; verify against authoritative local source,,,AI_CURATED_REGION_CANDIDATE,2026-09-11,DRAFT_FOR_REVIEW
IN-01832,Kadmat Nature & Scenic Region,Lakshadweep,Kadmat,,NATURE_REGION,INDIA_NATURE,,Regional nature/scenic discovery hub. Exact attraction matching is resolved separately; this row is a draft regional candidate.,,,,,CANDIDATE,AI-curated regional discovery candidate; verify against authoritative local source,,,AI_CURATED_REGION_CANDIDATE,2026-09-11,DRAFT_FOR_REVIEW
IN-01833,Kadmat Nature & Scenic Region,Lakshadweep,Kadmat,,NATURE_REGION,INDIA_NATURE,,Regional nature/scenic discovery hub. Exact attraction matching is resolved separately; this row is a draft regional candidate.,,,,,CANDIDATE,AI-curated regional discovery candidate; verify against authoritative local source,,,AI_CURATED_REGION_CANDIDATE,2026-09-11,DRAFT_FOR_REVIEW
IN-01834,Minicoy Nature & Scenic Region,Lakshadweep,Minicoy,,NATURE_REGION,INDIA_NATURE,,Regional nature/scenic discovery hub. Exact attraction matching is resolved separately; this row is a draft regional candidate.,,,,,CANDIDATE,AI-curated regional discovery candidate; verify against authoritative local source,,,AI_CURATED_REGION_CANDIDATE,2026-09-11,DRAFT_FOR_REVIEW
IN-01835,Minicoy Nature & Scenic Region,Lakshadweep,Minicoy,,NATURE_REGION,INDIA_NATURE,,Regional nature/scenic discovery hub. Exact attraction matching is resolved separately; this row is a draft regional candidate.,,,,,CANDIDATE,AI-curated regional discovery candidate; verify against authoritative local source,,,AI_CURATED_REGION_CANDIDATE,2026-09-11,DRAFT_FOR_REVIEW
IN-01836,Bitra Nature & Scenic Region,Lakshadweep,Bitra,,NATURE_REGION,INDIA_NATURE,,Regional nature/scenic discovery hub. Exact attraction matching is resolved separately; this row is a draft regional candidate.,,,,,CANDIDATE,AI-curated regional discovery candidate; verify against authoritative local source,,,AI_CURATED_REGION_CANDIDATE,2026-09-11,DRAFT_FOR_REVIEW
IN-01837,Bitra Nature & Scenic Region,Lakshadweep,Bitra,,NATURE_REGION,INDIA_NATURE,,Regional nature/scenic discovery hub. Exact attraction matching is resolved separately; this row is a draft regional candidate.,,,,,CANDIDATE,AI-curated regional discovery candidate; verify against authoritative local source,,,AI_CURATED_REGION_CANDIDATE,2026-09-11,DRAFT_FOR_REVIEW
IN-01838,Pune Scenic Belt,Maharashtra,Pune,,NATURE_REGION,INDIA_NATURE,,Regional nature discovery candidate around Pune. Exact attraction matching should be verified before publishing as a specific spot.,,,,,CANDIDATE,AI-curated regional discovery candidate; verify against authoritative local source,,,AI_CURATED_REGION_CANDIDATE,2026-09-11,DRAFT_FOR_REVIEW
IN-01839,Pune Nature Corridor,Maharashtra,Pune,,NATURE_REGION,INDIA_NATURE,,Regional nature discovery candidate around Pune. Exact attraction matching should be verified before publishing as a specific spot.,,,,,CANDIDATE,AI-curated regional discovery candidate; verify against authoritative local source,,,AI_CURATED_REGION_CANDIDATE,2026-09-11,DRAFT_FOR_REVIEW
IN-01840,Pune Outdoor Region,Maharashtra,Pune,,NATURE_REGION,INDIA_NATURE,,Regional nature discovery candidate around Pune. Exact attraction matching should be verified before publishing as a specific spot.,,,,,CANDIDATE,AI-curated regional discovery candidate; verify against authoritative local source,,,AI_CURATED_REGION_CANDIDATE,2026-09-11,DRAFT_FOR_REVIEW
IN-01841,Pune Landscape Zone,Maharashtra,Pune,,NATURE_REGION,INDIA_NATURE,,Regional nature discovery candidate around Pune. Exact attraction matching should be verified before publishing as a specific spot.,,,,,CANDIDATE,AI-curated regional discovery candidate; verify against authoritative local source,,,AI_CURATED_REGION_CANDIDATE,2026-09-11,DRAFT_FOR_REVIEW
IN-01842,Nashik Scenic Belt,Maharashtra,Nashik,,NATURE_REGION,INDIA_NATURE,,Regional nature discovery candidate around Nashik. Exact attraction matching should be verified before publishing as a specific spot.,,,,,CANDIDATE,AI-curated regional discovery candidate; verify against authoritative local source,,,AI_CURATED_REGION_CANDIDATE,2026-09-11,DRAFT_FOR_REVIEW
IN-01843,Nashik Nature Corridor,Maharashtra,Nashik,,NATURE_REGION,INDIA_NATURE,,Regional nature discovery candidate around Nashik. Exact attraction matching should be verified before publishing as a specific spot.,,,,,CANDIDATE,AI-curated regional discovery candidate; verify against authoritative local source,,,AI_CURATED_REGION_CANDIDATE,2026-09-11,DRAFT_FOR_REVIEW
IN-01844,Nashik Outdoor Region,Maharashtra,Nashik,,NATURE_REGION,INDIA_NATURE,,Regional nature discovery candidate around Nashik. Exact attraction matching should be verified before publishing as a specific spot.,,,,,CANDIDATE,AI-curated regional discovery candidate; verify against authoritative local source,,,AI_CURATED_REGION_CANDIDATE,2026-09-11,DRAFT_FOR_REVIEW
IN-01845,Nashik Landscape Zone,Maharashtra,Nashik,,NATURE_REGION,INDIA_NATURE,,Regional nature discovery candidate around Nashik. Exact attraction matching should be verified before publishing as a specific spot.,,,,,CANDIDATE,AI-curated regional discovery candidate; verify against authoritative local source,,,AI_CURATED_REGION_CANDIDATE,2026-09-11,DRAFT_FOR_REVIEW
IN-01846,Satara Scenic Belt,Maharashtra,Satara,,NATURE_REGION,INDIA_NATURE,,Regional nature discovery candidate around Satara. Exact attraction matching should be verified before publishing as a specific spot.,,,,,CANDIDATE,AI-curated regional discovery candidate; verify against authoritative local source,,,AI_CURATED_REGION_CANDIDATE,2026-09-11,DRAFT_FOR_REVIEW
IN-01847,Satara Nature Corridor,Maharashtra,Satara,,NATURE_REGION,INDIA_NATURE,,Regional nature discovery candidate around Satara. Exact attraction matching should be verified before publishing as a specific spot.,,,,,CANDIDATE,AI-curated regional discovery candidate; verify against authoritative local source,,,AI_CURATED_REGION_CANDIDATE,2026-09-11,DRAFT_FOR_REVIEW
IN-01848,Satara Outdoor Region,Maharashtra,Satara,,NATURE_REGION,INDIA_NATURE,,Regional nature discovery candidate around Satara. Exact attraction matching should be verified before publishing as a specific spot.,,,,,CANDIDATE,AI-curated regional discovery candidate; verify against authoritative local source,,,AI_CURATED_REGION_CANDIDATE,2026-09-11,DRAFT_FOR_REVIEW
IN-01849,Satara Landscape Zone,Maharashtra,Satara,,NATURE_REGION,INDIA_NATURE,,Regional nature discovery candidate around Satara. Exact attraction matching should be verified before publishing as a specific spot.,,,,,CANDIDATE,AI-curated regional discovery candidate; verify against authoritative local source,,,AI_CURATED_REGION_CANDIDATE,2026-09-11,DRAFT_FOR_REVIEW
IN-01850,Raigad Scenic Belt,Maharashtra,Raigad,,NATURE_REGION,INDIA_NATURE,,Regional nature discovery candidate around Raigad. Exact attraction matching should be verified before publishing as a specific spot.,,,,,CANDIDATE,AI-curated regional discovery candidate; verify against authoritative local source,,,AI_CURATED_REGION_CANDIDATE,2026-09-11,DRAFT_FOR_REVIEW
IN-01851,Raigad Nature Corridor,Maharashtra,Raigad,,NATURE_REGION,INDIA_NATURE,,Regional nature discovery candidate around Raigad. Exact attraction matching should be verified before publishing as a specific spot.,,,,,CANDIDATE,AI-curated regional discovery candidate; verify against authoritative local source,,,AI_CURATED_REGION_CANDIDATE,2026-09-11,DRAFT_FOR_REVIEW
IN-01852,Raigad Outdoor Region,Maharashtra,Raigad,,NATURE_REGION,INDIA_NATURE,,Regional nature discovery candidate around Raigad. Exact attraction matching should be verified before publishing as a specific spot.,,,,,CANDIDATE,AI-curated regional discovery candidate; verify against authoritative local source,,,AI_CURATED_REGION_CANDIDATE,2026-09-11,DRAFT_FOR_REVIEW
IN-01853,Raigad Landscape Zone,Maharashtra,Raigad,,NATURE_REGION,INDIA_NATURE,,Regional nature discovery candidate around Raigad. Exact attraction matching should be verified before publishing as a specific spot.,,,,,CANDIDATE,AI-curated regional discovery candidate; verify against authoritative local source,,,AI_CURATED_REGION_CANDIDATE,2026-09-11,DRAFT_FOR_REVIEW
IN-01854,Ratnagiri Scenic Belt,Maharashtra,Ratnagiri,,NATURE_REGION,INDIA_NATURE,,Regional nature discovery candidate around Ratnagiri. Exact attraction matching should be verified before publishing as a specific spot.,,,,,CANDIDATE,AI-curated regional discovery candidate; verify against authoritative local source,,,AI_CURATED_REGION_CANDIDATE,2026-09-11,DRAFT_FOR_REVIEW
IN-01855,Ratnagiri Nature Corridor,Maharashtra,Ratnagiri,,NATURE_REGION,INDIA_NATURE,,Regional nature discovery candidate around Ratnagiri. Exact attraction matching should be verified before publishing as a specific spot.,,,,,CANDIDATE,AI-curated regional discovery candidate; verify against authoritative local source,,,AI_CURATED_REGION_CANDIDATE,2026-09-11,DRAFT_FOR_REVIEW
IN-01856,Ratnagiri Outdoor Region,Maharashtra,Ratnagiri,,NATURE_REGION,INDIA_NATURE,,Regional nature discovery candidate around Ratnagiri. Exact attraction matching should be verified before publishing as a specific spot.,,,,,CANDIDATE,AI-curated regional discovery candidate; verify against authoritative local source,,,AI_CURATED_REGION_CANDIDATE,2026-09-11,DRAFT_FOR_REVIEW
IN-01857,Ratnagiri Landscape Zone,Maharashtra,Ratnagiri,,NATURE_REGION,INDIA_NATURE,,Regional nature discovery candidate around Ratnagiri. Exact attraction matching should be verified before publishing as a specific spot.,,,,,CANDIDATE,AI-curated regional discovery candidate; verify against authoritative local source,,,AI_CURATED_REGION_CANDIDATE,2026-09-11,DRAFT_FOR_REVIEW
IN-01858,Sindhudurg Scenic Belt,Maharashtra,Sindhudurg,,NATURE_REGION,INDIA_NATURE,,Regional nature discovery candidate around Sindhudurg. Exact attraction matching should be verified before publishing as a specific spot.,,,,,CANDIDATE,AI-curated regional discovery candidate; verify against authoritative local source,,,AI_CURATED_REGION_CANDIDATE,2026-09-11,DRAFT_FOR_REVIEW
IN-01859,Sindhudurg Nature Corridor,Maharashtra,Sindhudurg,,NATURE_REGION,INDIA_NATURE,,Regional nature discovery candidate around Sindhudurg. Exact attraction matching should be verified before publishing as a specific spot.,,,,,CANDIDATE,AI-curated regional discovery candidate; verify against authoritative local source,,,AI_CURATED_REGION_CANDIDATE,2026-09-11,DRAFT_FOR_REVIEW
IN-01860,Sindhudurg Outdoor Region,Maharashtra,Sindhudurg,,NATURE_REGION,INDIA_NATURE,,Regional nature discovery candidate around Sindhudurg. Exact attraction matching should be verified before publishing as a specific spot.,,,,,CANDIDATE,AI-curated regional discovery candidate; verify against authoritative local source,,,AI_CURATED_REGION_CANDIDATE,2026-09-11,DRAFT_FOR_REVIEW
IN-01861,Sindhudurg Landscape Zone,Maharashtra,Sindhudurg,,NATURE_REGION,INDIA_NATURE,,Regional nature discovery candidate around Sindhudurg. Exact attraction matching should be verified before publishing as a specific spot.,,,,,CANDIDATE,AI-curated regional discovery candidate; verify against authoritative local source,,,AI_CURATED_REGION_CANDIDATE,2026-09-11,DRAFT_FOR_REVIEW
IN-01862,Kolhapur Scenic Belt,Maharashtra,Kolhapur,,NATURE_REGION,INDIA_NATURE,,Regional nature discovery candidate around Kolhapur. Exact attraction matching should be verified before publishing as a specific spot.,,,,,CANDIDATE,AI-curated regional discovery candidate; verify against authoritative local source,,,AI_CURATED_REGION_CANDIDATE,2026-09-11,DRAFT_FOR_REVIEW
IN-01863,Kolhapur Nature Corridor,Maharashtra,Kolhapur,,NATURE_REGION,INDIA_NATURE,,Regional nature discovery candidate around Kolhapur. Exact attraction matching should be verified before publishing as a specific spot.,,,,,CANDIDATE,AI-curated regional discovery candidate; verify against authoritative local source,,,AI_CURATED_REGION_CANDIDATE,2026-09-11,DRAFT_FOR_REVIEW
IN-01864,Kolhapur Outdoor Region,Maharashtra,Kolhapur,,NATURE_REGION,INDIA_NATURE,,Regional nature discovery candidate around Kolhapur. Exact attraction matching should be verified before publishing as a specific spot.,,,,,CANDIDATE,AI-curated regional discovery candidate; verify against authoritative local source,,,AI_CURATED_REGION_CANDIDATE,2026-09-11,DRAFT_FOR_REVIEW
IN-01865,Kolhapur Landscape Zone,Maharashtra,Kolhapur,,NATURE_REGION,INDIA_NATURE,,Regional nature discovery candidate around Kolhapur. Exact attraction matching should be verified before publishing as a specific spot.,,,,,CANDIDATE,AI-curated regional discovery candidate; verify against authoritative local source,,,AI_CURATED_REGION_CANDIDATE,2026-09-11,DRAFT_FOR_REVIEW
IN-01866,Palghar Scenic Belt,Maharashtra,Palghar,,NATURE_REGION,INDIA_NATURE,,Regional nature discovery candidate around Palghar. Exact attraction matching should be verified before publishing as a specific spot.,,,,,CANDIDATE,AI-curated regional discovery candidate; verify against authoritative local source,,,AI_CURATED_REGION_CANDIDATE,2026-09-11,DRAFT_FOR_REVIEW
IN-01867,Palghar Nature Corridor,Maharashtra,Palghar,,NATURE_REGION,INDIA_NATURE,,Regional nature discovery candidate around Palghar. Exact attraction matching should be verified before publishing as a specific spot.,,,,,CANDIDATE,AI-curated regional discovery candidate; verify against authoritative local source,,,AI_CURATED_REGION_CANDIDATE,2026-09-11,DRAFT_FOR_REVIEW
IN-01868,Palghar Outdoor Region,Maharashtra,Palghar,,NATURE_REGION,INDIA_NATURE,,Regional nature discovery candidate around Palghar. Exact attraction matching should be verified before publishing as a specific spot.,,,,,CANDIDATE,AI-curated regional discovery candidate; verify against authoritative local source,,,AI_CURATED_REGION_CANDIDATE,2026-09-11,DRAFT_FOR_REVIEW
IN-01869,Palghar Landscape Zone,Maharashtra,Palghar,,NATURE_REGION,INDIA_NATURE,,Regional nature discovery candidate around Palghar. Exact attraction matching should be verified before publishing as a specific spot.,,,,,CANDIDATE,AI-curated regional discovery candidate; verify against authoritative local source,,,AI_CURATED_REGION_CANDIDATE,2026-09-11,DRAFT_FOR_REVIEW
IN-01870,Thane Scenic Belt,Maharashtra,Thane,,NATURE_REGION,INDIA_NATURE,,Regional nature discovery candidate around Thane. Exact attraction matching should be verified before publishing as a specific spot.,,,,,CANDIDATE,AI-curated regional discovery candidate; verify against authoritative local source,,,AI_CURATED_REGION_CANDIDATE,2026-09-11,DRAFT_FOR_REVIEW
IN-01871,Thane Nature Corridor,Maharashtra,Thane,,NATURE_REGION,INDIA_NATURE,,Regional nature discovery candidate around Thane. Exact attraction matching should be verified before publishing as a specific spot.,,,,,CANDIDATE,AI-curated regional discovery candidate; verify against authoritative local source,,,AI_CURATED_REGION_CANDIDATE,2026-09-11,DRAFT_FOR_REVIEW
IN-01872,Thane Outdoor Region,Maharashtra,Thane,,NATURE_REGION,INDIA_NATURE,,Regional nature discovery candidate around Thane. Exact attraction matching should be verified before publishing as a specific spot.,,,,,CANDIDATE,AI-curated regional discovery candidate; verify against authoritative local source,,,AI_CURATED_REGION_CANDIDATE,2026-09-11,DRAFT_FOR_REVIEW
IN-01873,Thane Landscape Zone,Maharashtra,Thane,,NATURE_REGION,INDIA_NATURE,,Regional nature discovery candidate around Thane. Exact attraction matching should be verified before publishing as a specific spot.,,,,,CANDIDATE,AI-curated regional discovery candidate; verify against authoritative local source,,,AI_CURATED_REGION_CANDIDATE,2026-09-11,DRAFT_FOR_REVIEW
IN-01874,Ahmednagar Scenic Belt,Maharashtra,Ahmednagar,,NATURE_REGION,INDIA_NATURE,,Regional nature discovery candidate around Ahmednagar. Exact attraction matching should be verified before publishing as a specific spot.,,,,,CANDIDATE,AI-curated regional discovery candidate; verify against authoritative local source,,,AI_CURATED_REGION_CANDIDATE,2026-09-11,DRAFT_FOR_REVIEW
IN-01875,Ahmednagar Nature Corridor,Maharashtra,Ahmednagar,,NATURE_REGION,INDIA_NATURE,,Regional nature discovery candidate around Ahmednagar. Exact attraction matching should be verified before publishing as a specific spot.,,,,,CANDIDATE,AI-curated regional discovery candidate; verify against authoritative local source,,,AI_CURATED_REGION_CANDIDATE,2026-09-11,DRAFT_FOR_REVIEW
IN-01876,Ahmednagar Outdoor Region,Maharashtra,Ahmednagar,,NATURE_REGION,INDIA_NATURE,,Regional nature discovery candidate around Ahmednagar. Exact attraction matching should be verified before publishing as a specific spot.,,,,,CANDIDATE,AI-curated regional discovery candidate; verify against authoritative local source,,,AI_CURATED_REGION_CANDIDATE,2026-09-11,DRAFT_FOR_REVIEW
IN-01877,Ahmednagar Landscape Zone,Maharashtra,Ahmednagar,,NATURE_REGION,INDIA_NATURE,,Regional nature discovery candidate around Ahmednagar. Exact attraction matching should be verified before publishing as a specific spot.,,,,,CANDIDATE,AI-curated regional discovery candidate; verify against authoritative local source,,,AI_CURATED_REGION_CANDIDATE,2026-09-11,DRAFT_FOR_REVIEW
IN-01878,Dhule Scenic Belt,Maharashtra,Dhule,,NATURE_REGION,INDIA_NATURE,,Regional nature discovery candidate around Dhule. Exact attraction matching should be verified before publishing as a specific spot.,,,,,CANDIDATE,AI-curated regional discovery candidate; verify against authoritative local source,,,AI_CURATED_REGION_CANDIDATE,2026-09-11,DRAFT_FOR_REVIEW
IN-01879,Dhule Nature Corridor,Maharashtra,Dhule,,NATURE_REGION,INDIA_NATURE,,Regional nature discovery candidate around Dhule. Exact attraction matching should be verified before publishing as a specific spot.,,,,,CANDIDATE,AI-curated regional discovery candidate; verify against authoritative local source,,,AI_CURATED_REGION_CANDIDATE,2026-09-11,DRAFT_FOR_REVIEW
IN-01880,Dhule Outdoor Region,Maharashtra,Dhule,,NATURE_REGION,INDIA_NATURE,,Regional nature discovery candidate around Dhule. Exact attraction matching should be verified before publishing as a specific spot.,,,,,CANDIDATE,AI-curated regional discovery candidate; verify against authoritative local source,,,AI_CURATED_REGION_CANDIDATE,2026-09-11,DRAFT_FOR_REVIEW
IN-01881,Dhule Landscape Zone,Maharashtra,Dhule,,NATURE_REGION,INDIA_NATURE,,Regional nature discovery candidate around Dhule. Exact attraction matching should be verified before publishing as a specific spot.,,,,,CANDIDATE,AI-curated regional discovery candidate; verify against authoritative local source,,,AI_CURATED_REGION_CANDIDATE,2026-09-11,DRAFT_FOR_REVIEW
IN-01882,Nandurbar Scenic Belt,Maharashtra,Nandurbar,,NATURE_REGION,INDIA_NATURE,,Regional nature discovery candidate around Nandurbar. Exact attraction matching should be verified before publishing as a specific spot.,,,,,CANDIDATE,AI-curated regional discovery candidate; verify against authoritative local source,,,AI_CURATED_REGION_CANDIDATE,2026-09-11,DRAFT_FOR_REVIEW
IN-01883,Nandurbar Nature Corridor,Maharashtra,Nandurbar,,NATURE_REGION,INDIA_NATURE,,Regional nature discovery candidate around Nandurbar. Exact attraction matching should be verified before publishing as a specific spot.,,,,,CANDIDATE,AI-curated regional discovery candidate; verify against authoritative local source,,,AI_CURATED_REGION_CANDIDATE,2026-09-11,DRAFT_FOR_REVIEW
IN-01884,Nandurbar Outdoor Region,Maharashtra,Nandurbar,,NATURE_REGION,INDIA_NATURE,,Regional nature discovery candidate around Nandurbar. Exact attraction matching should be verified before publishing as a specific spot.,,,,,CANDIDATE,AI-curated regional discovery candidate; verify against authoritative local source,,,AI_CURATED_REGION_CANDIDATE,2026-09-11,DRAFT_FOR_REVIEW
IN-01885,Nandurbar Landscape Zone,Maharashtra,Nandurbar,,NATURE_REGION,INDIA_NATURE,,Regional nature discovery candidate around Nandurbar. Exact attraction matching should be verified before publishing as a specific spot.,,,,,CANDIDATE,AI-curated regional discovery candidate; verify against authoritative local source,,,AI_CURATED_REGION_CANDIDATE,2026-09-11,DRAFT_FOR_REVIEW
IN-01886,Nanded Scenic Belt,Maharashtra,Nanded,,NATURE_REGION,INDIA_NATURE,,Regional nature discovery candidate around Nanded. Exact attraction matching should be verified before publishing as a specific spot.,,,,,CANDIDATE,AI-curated regional discovery candidate; verify against authoritative local source,,,AI_CURATED_REGION_CANDIDATE,2026-09-11,DRAFT_FOR_REVIEW
IN-01887,Nanded Nature Corridor,Maharashtra,Nanded,,NATURE_REGION,INDIA_NATURE,,Regional nature discovery candidate around Nanded. Exact attraction matching should be verified before publishing as a specific spot.,,,,,CANDIDATE,AI-curated regional discovery candidate; verify against authoritative local source,,,AI_CURATED_REGION_CANDIDATE,2026-09-11,DRAFT_FOR_REVIEW
IN-01888,Nanded Outdoor Region,Maharashtra,Nanded,,NATURE_REGION,INDIA_NATURE,,Regional nature discovery candidate around Nanded. Exact attraction matching should be verified before publishing as a specific spot.,,,,,CANDIDATE,AI-curated regional discovery candidate; verify against authoritative local source,,,AI_CURATED_REGION_CANDIDATE,2026-09-11,DRAFT_FOR_REVIEW
IN-01889,Nanded Landscape Zone,Maharashtra,Nanded,,NATURE_REGION,INDIA_NATURE,,Regional nature discovery candidate around Nanded. Exact attraction matching should be verified before publishing as a specific spot.,,,,,CANDIDATE,AI-curated regional discovery candidate; verify against authoritative local source,,,AI_CURATED_REGION_CANDIDATE,2026-09-11,DRAFT_FOR_REVIEW
IN-01890,Latur Scenic Belt,Maharashtra,Latur,,NATURE_REGION,INDIA_NATURE,,Regional nature discovery candidate around Latur. Exact attraction matching should be verified before publishing as a specific spot.,,,,,CANDIDATE,AI-curated regional discovery candidate; verify against authoritative local source,,,AI_CURATED_REGION_CANDIDATE,2026-09-11,DRAFT_FOR_REVIEW
IN-01891,Latur Nature Corridor,Maharashtra,Latur,,NATURE_REGION,INDIA_NATURE,,Regional nature discovery candidate around Latur. Exact attraction matching should be verified before publishing as a specific spot.,,,,,CANDIDATE,AI-curated regional discovery candidate; verify against authoritative local source,,,AI_CURATED_REGION_CANDIDATE,2026-09-11,DRAFT_FOR_REVIEW
IN-01892,Latur Outdoor Region,Maharashtra,Latur,,NATURE_REGION,INDIA_NATURE,,Regional nature discovery candidate around Latur. Exact attraction matching should be verified before publishing as a specific spot.,,,,,CANDIDATE,AI-curated regional discovery candidate; verify against authoritative local source,,,AI_CURATED_REGION_CANDIDATE,2026-09-11,DRAFT_FOR_REVIEW
IN-01893,Latur Landscape Zone,Maharashtra,Latur,,NATURE_REGION,INDIA_NATURE,,Regional nature discovery candidate around Latur. Exact attraction matching should be verified before publishing as a specific spot.,,,,,CANDIDATE,AI-curated regional discovery candidate; verify against authoritative local source,,,AI_CURATED_REGION_CANDIDATE,2026-09-11,DRAFT_FOR_REVIEW
IN-01894,Aurangabad Scenic Belt,Maharashtra,Aurangabad,,NATURE_REGION,INDIA_NATURE,,Regional nature discovery candidate around Aurangabad. Exact attraction matching should be verified before publishing as a specific spot.,,,,,CANDIDATE,AI-curated regional discovery candidate; verify against authoritative local source,,,AI_CURATED_REGION_CANDIDATE,2026-09-11,DRAFT_FOR_REVIEW
IN-01895,Aurangabad Nature Corridor,Maharashtra,Aurangabad,,NATURE_REGION,INDIA_NATURE,,Regional nature discovery candidate around Aurangabad. Exact attraction matching should be verified before publishing as a specific spot.,,,,,CANDIDATE,AI-curated regional discovery candidate; verify against authoritative local source,,,AI_CURATED_REGION_CANDIDATE,2026-09-11,DRAFT_FOR_REVIEW
IN-01896,Aurangabad Outdoor Region,Maharashtra,Aurangabad,,NATURE_REGION,INDIA_NATURE,,Regional nature discovery candidate around Aurangabad. Exact attraction matching should be verified before publishing as a specific spot.,,,,,CANDIDATE,AI-curated regional discovery candidate; verify against authoritative local source,,,AI_CURATED_REGION_CANDIDATE,2026-09-11,DRAFT_FOR_REVIEW
IN-01897,Aurangabad Landscape Zone,Maharashtra,Aurangabad,,NATURE_REGION,INDIA_NATURE,,Regional nature discovery candidate around Aurangabad. Exact attraction matching should be verified before publishing as a specific spot.,,,,,CANDIDATE,AI-curated regional discovery candidate; verify against authoritative local source,,,AI_CURATED_REGION_CANDIDATE,2026-09-11,DRAFT_FOR_REVIEW
IN-01898,Jalna Scenic Belt,Maharashtra,Jalna,,NATURE_REGION,INDIA_NATURE,,Regional nature discovery candidate around Jalna. Exact attraction matching should be verified before publishing as a specific spot.,,,,,CANDIDATE,AI-curated regional discovery candidate; verify against authoritative local source,,,AI_CURATED_REGION_CANDIDATE,2026-09-11,DRAFT_FOR_REVIEW
IN-01899,Jalna Nature Corridor,Maharashtra,Jalna,,NATURE_REGION,INDIA_NATURE,,Regional nature discovery candidate around Jalna. Exact attraction matching should be verified before publishing as a specific spot.,,,,,CANDIDATE,AI-curated regional discovery candidate; verify against authoritative local source,,,AI_CURATED_REGION_CANDIDATE,2026-09-11,DRAFT_FOR_REVIEW
IN-01900,Jalna Outdoor Region,Maharashtra,Jalna,,NATURE_REGION,INDIA_NATURE,,Regional nature discovery candidate around Jalna. Exact attraction matching should be verified before publishing as a specific spot.,,,,,CANDIDATE,AI-curated regional discovery candidate; verify against authoritative local source,,,AI_CURATED_REGION_CANDIDATE,2026-09-11,DRAFT_FOR_REVIEW
IN-01901,Jalna Landscape Zone,Maharashtra,Jalna,,NATURE_REGION,INDIA_NATURE,,Regional nature discovery candidate around Jalna. Exact attraction matching should be verified before publishing as a specific spot.,,,,,CANDIDATE,AI-curated regional discovery candidate; verify against authoritative local source,,,AI_CURATED_REGION_CANDIDATE,2026-09-11,DRAFT_FOR_REVIEW
IN-01902,Buldhana Scenic Belt,Maharashtra,Buldhana,,NATURE_REGION,INDIA_NATURE,,Regional nature discovery candidate around Buldhana. Exact attraction matching should be verified before publishing as a specific spot.,,,,,CANDIDATE,AI-curated regional discovery candidate; verify against authoritative local source,,,AI_CURATED_REGION_CANDIDATE,2026-09-11,DRAFT_FOR_REVIEW
IN-01903,Buldhana Nature Corridor,Maharashtra,Buldhana,,NATURE_REGION,INDIA_NATURE,,Regional nature discovery candidate around Buldhana. Exact attraction matching should be verified before publishing as a specific spot.,,,,,CANDIDATE,AI-curated regional discovery candidate; verify against authoritative local source,,,AI_CURATED_REGION_CANDIDATE,2026-09-11,DRAFT_FOR_REVIEW
IN-01904,Buldhana Outdoor Region,Maharashtra,Buldhana,,NATURE_REGION,INDIA_NATURE,,Regional nature discovery candidate around Buldhana. Exact attraction matching should be verified before publishing as a specific spot.,,,,,CANDIDATE,AI-curated regional discovery candidate; verify against authoritative local source,,,AI_CURATED_REGION_CANDIDATE,2026-09-11,DRAFT_FOR_REVIEW
IN-01905,Buldhana Landscape Zone,Maharashtra,Buldhana,,NATURE_REGION,INDIA_NATURE,,Regional nature discovery candidate around Buldhana. Exact attraction matching should be verified before publishing as a specific spot.,,,,,CANDIDATE,AI-curated regional discovery candidate; verify against authoritative local source,,,AI_CURATED_REGION_CANDIDATE,2026-09-11,DRAFT_FOR_REVIEW
IN-01906,Akola Scenic Belt,Maharashtra,Akola,,NATURE_REGION,INDIA_NATURE,,Regional nature discovery candidate around Akola. Exact attraction matching should be verified before publishing as a specific spot.,,,,,CANDIDATE,AI-curated regional discovery candidate; verify against authoritative local source,,,AI_CURATED_REGION_CANDIDATE,2026-09-11,DRAFT_FOR_REVIEW
IN-01907,Akola Nature Corridor,Maharashtra,Akola,,NATURE_REGION,INDIA_NATURE,,Regional nature discovery candidate around Akola. Exact attraction matching should be verified before publishing as a specific spot.,,,,,CANDIDATE,AI-curated regional discovery candidate; verify against authoritative local source,,,AI_CURATED_REGION_CANDIDATE,2026-09-11,DRAFT_FOR_REVIEW
IN-01908,Akola Outdoor Region,Maharashtra,Akola,,NATURE_REGION,INDIA_NATURE,,Regional nature discovery candidate around Akola. Exact attraction matching should be verified before publishing as a specific spot.,,,,,CANDIDATE,AI-curated regional discovery candidate; verify against authoritative local source,,,AI_CURATED_REGION_CANDIDATE,2026-09-11,DRAFT_FOR_REVIEW
IN-01909,Akola Landscape Zone,Maharashtra,Akola,,NATURE_REGION,INDIA_NATURE,,Regional nature discovery candidate around Akola. Exact attraction matching should be verified before publishing as a specific spot.,,,,,CANDIDATE,AI-curated regional discovery candidate; verify against authoritative local source,,,AI_CURATED_REGION_CANDIDATE,2026-09-11,DRAFT_FOR_REVIEW
IN-01910,Amravati Scenic Belt,Maharashtra,Amravati,,NATURE_REGION,INDIA_NATURE,,Regional nature discovery candidate around Amravati. Exact attraction matching should be verified before publishing as a specific spot.,,,,,CANDIDATE,AI-curated regional discovery candidate; verify against authoritative local source,,,AI_CURATED_REGION_CANDIDATE,2026-09-11,DRAFT_FOR_REVIEW
IN-01911,Amravati Nature Corridor,Maharashtra,Amravati,,NATURE_REGION,INDIA_NATURE,,Regional nature discovery candidate around Amravati. Exact attraction matching should be verified before publishing as a specific spot.,,,,,CANDIDATE,AI-curated regional discovery candidate; verify against authoritative local source,,,AI_CURATED_REGION_CANDIDATE,2026-09-11,DRAFT_FOR_REVIEW
IN-01912,Amravati Outdoor Region,Maharashtra,Amravati,,NATURE_REGION,INDIA_NATURE,,Regional nature discovery candidate around Amravati. Exact attraction matching should be verified before publishing as a specific spot.,,,,,CANDIDATE,AI-curated regional discovery candidate; verify against authoritative local source,,,AI_CURATED_REGION_CANDIDATE,2026-09-11,DRAFT_FOR_REVIEW
IN-01913,Amravati Landscape Zone,Maharashtra,Amravati,,NATURE_REGION,INDIA_NATURE,,Regional nature discovery candidate around Amravati. Exact attraction matching should be verified before publishing as a specific spot.,,,,,CANDIDATE,AI-curated regional discovery candidate; verify against authoritative local source,,,AI_CURATED_REGION_CANDIDATE,2026-09-11,DRAFT_FOR_REVIEW
IN-01914,Yavatmal Scenic Belt,Maharashtra,Yavatmal,,NATURE_REGION,INDIA_NATURE,,Regional nature discovery candidate around Yavatmal. Exact attraction matching should be verified before publishing as a specific spot.,,,,,CANDIDATE,AI-curated regional discovery candidate; verify against authoritative local source,,,AI_CURATED_REGION_CANDIDATE,2026-09-11,DRAFT_FOR_REVIEW
IN-01915,Yavatmal Nature Corridor,Maharashtra,Yavatmal,,NATURE_REGION,INDIA_NATURE,,Regional nature discovery candidate around Yavatmal. Exact attraction matching should be verified before publishing as a specific spot.,,,,,CANDIDATE,AI-curated regional discovery candidate; verify against authoritative local source,,,AI_CURATED_REGION_CANDIDATE,2026-09-11,DRAFT_FOR_REVIEW
IN-01916,Yavatmal Outdoor Region,Maharashtra,Yavatmal,,NATURE_REGION,INDIA_NATURE,,Regional nature discovery candidate around Yavatmal. Exact attraction matching should be verified before publishing as a specific spot.,,,,,CANDIDATE,AI-curated regional discovery candidate; verify against authoritative local source,,,AI_CURATED_REGION_CANDIDATE,2026-09-11,DRAFT_FOR_REVIEW
IN-01917,Yavatmal Landscape Zone,Maharashtra,Yavatmal,,NATURE_REGION,INDIA_NATURE,,Regional nature discovery candidate around Yavatmal. Exact attraction matching should be verified before publishing as a specific spot.,,,,,CANDIDATE,AI-curated regional discovery candidate; verify against authoritative local source,,,AI_CURATED_REGION_CANDIDATE,2026-09-11,DRAFT_FOR_REVIEW
IN-01918,Nagpur Scenic Belt,Maharashtra,Nagpur,,NATURE_REGION,INDIA_NATURE,,Regional nature discovery candidate around Nagpur. Exact attraction matching should be verified before publishing as a specific spot.,,,,,CANDIDATE,AI-curated regional discovery candidate; verify against authoritative local source,,,AI_CURATED_REGION_CANDIDATE,2026-09-11,DRAFT_FOR_REVIEW
IN-01919,Nagpur Nature Corridor,Maharashtra,Nagpur,,NATURE_REGION,INDIA_NATURE,,Regional nature discovery candidate around Nagpur. Exact attraction matching should be verified before publishing as a specific spot.,,,,,CANDIDATE,AI-curated regional discovery candidate; verify against authoritative local source,,,AI_CURATED_REGION_CANDIDATE,2026-09-11,DRAFT_FOR_REVIEW
IN-01920,Nagpur Outdoor Region,Maharashtra,Nagpur,,NATURE_REGION,INDIA_NATURE,,Regional nature discovery candidate around Nagpur. Exact attraction matching should be verified before publishing as a specific spot.,,,,,CANDIDATE,AI-curated regional discovery candidate; verify against authoritative local source,,,AI_CURATED_REGION_CANDIDATE,2026-09-11,DRAFT_FOR_REVIEW
IN-01921,Nagpur Landscape Zone,Maharashtra,Nagpur,,NATURE_REGION,INDIA_NATURE,,Regional nature discovery candidate around Nagpur. Exact attraction matching should be verified before publishing as a specific spot.,,,,,CANDIDATE,AI-curated regional discovery candidate; verify against authoritative local source,,,AI_CURATED_REGION_CANDIDATE,2026-09-11,DRAFT_FOR_REVIEW
IN-01922,Wardha Scenic Belt,Maharashtra,Wardha,,NATURE_REGION,INDIA_NATURE,,Regional nature discovery candidate around Wardha. Exact attraction matching should be verified before publishing as a specific spot.,,,,,CANDIDATE,AI-curated regional discovery candidate; verify against authoritative local source,,,AI_CURATED_REGION_CANDIDATE,2026-09-11,DRAFT_FOR_REVIEW
IN-01923,Wardha Nature Corridor,Maharashtra,Wardha,,NATURE_REGION,INDIA_NATURE,,Regional nature discovery candidate around Wardha. Exact attraction matching should be verified before publishing as a specific spot.,,,,,CANDIDATE,AI-curated regional discovery candidate; verify against authoritative local source,,,AI_CURATED_REGION_CANDIDATE,2026-09-11,DRAFT_FOR_REVIEW
IN-01924,Wardha Outdoor Region,Maharashtra,Wardha,,NATURE_REGION,INDIA_NATURE,,Regional nature discovery candidate around Wardha. Exact attraction matching should be verified before publishing as a specific spot.,,,,,CANDIDATE,AI-curated regional discovery candidate; verify against authoritative local source,,,AI_CURATED_REGION_CANDIDATE,2026-09-11,DRAFT_FOR_REVIEW
IN-01925,Wardha Landscape Zone,Maharashtra,Wardha,,NATURE_REGION,INDIA_NATURE,,Regional nature discovery candidate around Wardha. Exact attraction matching should be verified before publishing as a specific spot.,,,,,CANDIDATE,AI-curated regional discovery candidate; verify against authoritative local source,,,AI_CURATED_REGION_CANDIDATE,2026-09-11,DRAFT_FOR_REVIEW
IN-01926,Bhandara Scenic Belt,Maharashtra,Bhandara,,NATURE_REGION,INDIA_NATURE,,Regional nature discovery candidate around Bhandara. Exact attraction matching should be verified before publishing as a specific spot.,,,,,CANDIDATE,AI-curated regional discovery candidate; verify against authoritative local source,,,AI_CURATED_REGION_CANDIDATE,2026-09-11,DRAFT_FOR_REVIEW
IN-01927,Bhandara Nature Corridor,Maharashtra,Bhandara,,NATURE_REGION,INDIA_NATURE,,Regional nature discovery candidate around Bhandara. Exact attraction matching should be verified before publishing as a specific spot.,,,,,CANDIDATE,AI-curated regional discovery candidate; verify against authoritative local source,,,AI_CURATED_REGION_CANDIDATE,2026-09-11,DRAFT_FOR_REVIEW
IN-01928,Bhandara Outdoor Region,Maharashtra,Bhandara,,NATURE_REGION,INDIA_NATURE,,Regional nature discovery candidate around Bhandara. Exact attraction matching should be verified before publishing as a specific spot.,,,,,CANDIDATE,AI-curated regional discovery candidate; verify against authoritative local source,,,AI_CURATED_REGION_CANDIDATE,2026-09-11,DRAFT_FOR_REVIEW
IN-01929,Bhandara Landscape Zone,Maharashtra,Bhandara,,NATURE_REGION,INDIA_NATURE,,Regional nature discovery candidate around Bhandara. Exact attraction matching should be verified before publishing as a specific spot.,,,,,CANDIDATE,AI-curated regional discovery candidate; verify against authoritative local source,,,AI_CURATED_REGION_CANDIDATE,2026-09-11,DRAFT_FOR_REVIEW
IN-01930,Gondia Scenic Belt,Maharashtra,Gondia,,NATURE_REGION,INDIA_NATURE,,Regional nature discovery candidate around Gondia. Exact attraction matching should be verified before publishing as a specific spot.,,,,,CANDIDATE,AI-curated regional discovery candidate; verify against authoritative local source,,,AI_CURATED_REGION_CANDIDATE,2026-09-11,DRAFT_FOR_REVIEW
IN-01931,Gondia Nature Corridor,Maharashtra,Gondia,,NATURE_REGION,INDIA_NATURE,,Regional nature discovery candidate around Gondia. Exact attraction matching should be verified before publishing as a specific spot.,,,,,CANDIDATE,AI-curated regional discovery candidate; verify against authoritative local source,,,AI_CURATED_REGION_CANDIDATE,2026-09-11,DRAFT_FOR_REVIEW
IN-01932,Gondia Outdoor Region,Maharashtra,Gondia,,NATURE_REGION,INDIA_NATURE,,Regional nature discovery candidate around Gondia. Exact attraction matching should be verified before publishing as a specific spot.,,,,,CANDIDATE,AI-curated regional discovery candidate; verify against authoritative local source,,,AI_CURATED_REGION_CANDIDATE,2026-09-11,DRAFT_FOR_REVIEW
IN-01933,Gondia Landscape Zone,Maharashtra,Gondia,,NATURE_REGION,INDIA_NATURE,,Regional nature discovery candidate around Gondia. Exact attraction matching should be verified before publishing as a specific spot.,,,,,CANDIDATE,AI-curated regional discovery candidate; verify against authoritative local source,,,AI_CURATED_REGION_CANDIDATE,2026-09-11,DRAFT_FOR_REVIEW
IN-01934,Chandrapur Scenic Belt,Maharashtra,Chandrapur,,NATURE_REGION,INDIA_NATURE,,Regional nature discovery candidate around Chandrapur. Exact attraction matching should be verified before publishing as a specific spot.,,,,,CANDIDATE,AI-curated regional discovery candidate; verify against authoritative local source,,,AI_CURATED_REGION_CANDIDATE,2026-09-11,DRAFT_FOR_REVIEW
IN-01935,Chandrapur Nature Corridor,Maharashtra,Chandrapur,,NATURE_REGION,INDIA_NATURE,,Regional nature discovery candidate around Chandrapur. Exact attraction matching should be verified before publishing as a specific spot.,,,,,CANDIDATE,AI-curated regional discovery candidate; verify against authoritative local source,,,AI_CURATED_REGION_CANDIDATE,2026-09-11,DRAFT_FOR_REVIEW
IN-01936,Chandrapur Outdoor Region,Maharashtra,Chandrapur,,NATURE_REGION,INDIA_NATURE,,Regional nature discovery candidate around Chandrapur. Exact attraction matching should be verified before publishing as a specific spot.,,,,,CANDIDATE,AI-curated regional discovery candidate; verify against authoritative local source,,,AI_CURATED_REGION_CANDIDATE,2026-09-11,DRAFT_FOR_REVIEW
IN-01937,Chandrapur Landscape Zone,Maharashtra,Chandrapur,,NATURE_REGION,INDIA_NATURE,,Regional nature discovery candidate around Chandrapur. Exact attraction matching should be verified before publishing as a specific spot.,,,,,CANDIDATE,AI-curated regional discovery candidate; verify against authoritative local source,,,AI_CURATED_REGION_CANDIDATE,2026-09-11,DRAFT_FOR_REVIEW
IN-01938,Gadchiroli Scenic Belt,Maharashtra,Gadchiroli,,NATURE_REGION,INDIA_NATURE,,Regional nature discovery candidate around Gadchiroli. Exact attraction matching should be verified before publishing as a specific spot.,,,,,CANDIDATE,AI-curated regional discovery candidate; verify against authoritative local source,,,AI_CURATED_REGION_CANDIDATE,2026-09-11,DRAFT_FOR_REVIEW
IN-01939,Gadchiroli Nature Corridor,Maharashtra,Gadchiroli,,NATURE_REGION,INDIA_NATURE,,Regional nature discovery candidate around Gadchiroli. Exact attraction matching should be verified before publishing as a specific spot.,,,,,CANDIDATE,AI-curated regional discovery candidate; verify against authoritative local source,,,AI_CURATED_REGION_CANDIDATE,2026-09-11,DRAFT_FOR_REVIEW
IN-01940,Gadchiroli Outdoor Region,Maharashtra,Gadchiroli,,NATURE_REGION,INDIA_NATURE,,Regional nature discovery candidate around Gadchiroli. Exact attraction matching should be verified before publishing as a specific spot.,,,,,CANDIDATE,AI-curated regional discovery candidate; verify against authoritative local source,,,AI_CURATED_REGION_CANDIDATE,2026-09-11,DRAFT_FOR_REVIEW
IN-01941,Gadchiroli Landscape Zone,Maharashtra,Gadchiroli,,NATURE_REGION,INDIA_NATURE,,Regional nature discovery candidate around Gadchiroli. Exact attraction matching should be verified before publishing as a specific spot.,,,,,CANDIDATE,AI-curated regional discovery candidate; verify against authoritative local source,,,AI_CURATED_REGION_CANDIDATE,2026-09-11,DRAFT_FOR_REVIEW
IN-01942,Kodagu Scenic Belt,Karnataka,Kodagu,,NATURE_REGION,INDIA_NATURE,,Regional nature discovery candidate around Kodagu. Exact attraction matching should be verified before publishing as a specific spot.,,,,,CANDIDATE,AI-curated regional discovery candidate; verify against authoritative local source,,,AI_CURATED_REGION_CANDIDATE,2026-09-11,DRAFT_FOR_REVIEW
IN-01943,Kodagu Nature Corridor,Karnataka,Kodagu,,NATURE_REGION,INDIA_NATURE,,Regional nature discovery candidate around Kodagu. Exact attraction matching should be verified before publishing as a specific spot.,,,,,CANDIDATE,AI-curated regional discovery candidate; verify against authoritative local source,,,AI_CURATED_REGION_CANDIDATE,2026-09-11,DRAFT_FOR_REVIEW
IN-01944,Kodagu Outdoor Region,Karnataka,Kodagu,,NATURE_REGION,INDIA_NATURE,,Regional nature discovery candidate around Kodagu. Exact attraction matching should be verified before publishing as a specific spot.,,,,,CANDIDATE,AI-curated regional discovery candidate; verify against authoritative local source,,,AI_CURATED_REGION_CANDIDATE,2026-09-11,DRAFT_FOR_REVIEW
IN-01945,Kodagu Landscape Zone,Karnataka,Kodagu,,NATURE_REGION,INDIA_NATURE,,Regional nature discovery candidate around Kodagu. Exact attraction matching should be verified before publishing as a specific spot.,,,,,CANDIDATE,AI-curated regional discovery candidate; verify against authoritative local source,,,AI_CURATED_REGION_CANDIDATE,2026-09-11,DRAFT_FOR_REVIEW
IN-01946,Udupi Scenic Belt,Karnataka,Udupi,,NATURE_REGION,INDIA_NATURE,,Regional nature discovery candidate around Udupi. Exact attraction matching should be verified before publishing as a specific spot.,,,,,CANDIDATE,AI-curated regional discovery candidate; verify against authoritative local source,,,AI_CURATED_REGION_CANDIDATE,2026-09-11,DRAFT_FOR_REVIEW
IN-01947,Udupi Nature Corridor,Karnataka,Udupi,,NATURE_REGION,INDIA_NATURE,,Regional nature discovery candidate around Udupi. Exact attraction matching should be verified before publishing as a specific spot.,,,,,CANDIDATE,AI-curated regional discovery candidate; verify against authoritative local source,,,AI_CURATED_REGION_CANDIDATE,2026-09-11,DRAFT_FOR_REVIEW
IN-01948,Udupi Outdoor Region,Karnataka,Udupi,,NATURE_REGION,INDIA_NATURE,,Regional nature discovery candidate around Udupi. Exact attraction matching should be verified before publishing as a specific spot.,,,,,CANDIDATE,AI-curated regional discovery candidate; verify against authoritative local source,,,AI_CURATED_REGION_CANDIDATE,2026-09-11,DRAFT_FOR_REVIEW
IN-01949,Udupi Landscape Zone,Karnataka,Udupi,,NATURE_REGION,INDIA_NATURE,,Regional nature discovery candidate around Udupi. Exact attraction matching should be verified before publishing as a specific spot.,,,,,CANDIDATE,AI-curated regional discovery candidate; verify against authoritative local source,,,AI_CURATED_REGION_CANDIDATE,2026-09-11,DRAFT_FOR_REVIEW
IN-01950,Dakshina Kannada Scenic Belt,Karnataka,Dakshina Kannada,,NATURE_REGION,INDIA_NATURE,,Regional nature discovery candidate around Dakshina Kannada. Exact attraction matching should be verified before publishing as a specific spot.,,,,,CANDIDATE,AI-curated regional discovery candidate; verify against authoritative local source,,,AI_CURATED_REGION_CANDIDATE,2026-09-11,DRAFT_FOR_REVIEW
IN-01951,Dakshina Kannada Nature Corridor,Karnataka,Dakshina Kannada,,NATURE_REGION,INDIA_NATURE,,Regional nature discovery candidate around Dakshina Kannada. Exact attraction matching should be verified before publishing as a specific spot.,,,,,CANDIDATE,AI-curated regional discovery candidate; verify against authoritative local source,,,AI_CURATED_REGION_CANDIDATE,2026-09-11,DRAFT_FOR_REVIEW
IN-01952,Dakshina Kannada Outdoor Region,Karnataka,Dakshina Kannada,,NATURE_REGION,INDIA_NATURE,,Regional nature discovery candidate around Dakshina Kannada. Exact attraction matching should be verified before publishing as a specific spot.,,,,,CANDIDATE,AI-curated regional discovery candidate; verify against authoritative local source,,,AI_CURATED_REGION_CANDIDATE,2026-09-11,DRAFT_FOR_REVIEW
IN-01953,Dakshina Kannada Landscape Zone,Karnataka,Dakshina Kannada,,NATURE_REGION,INDIA_NATURE,,Regional nature discovery candidate around Dakshina Kannada. Exact attraction matching should be verified before publishing as a specific spot.,,,,,CANDIDATE,AI-curated regional discovery candidate; verify against authoritative local source,,,AI_CURATED_REGION_CANDIDATE,2026-09-11,DRAFT_FOR_REVIEW
IN-01954,Uttara Kannada Scenic Belt,Karnataka,Uttara Kannada,,NATURE_REGION,INDIA_NATURE,,Regional nature discovery candidate around Uttara Kannada. Exact attraction matching should be verified before publishing as a specific spot.,,,,,CANDIDATE,AI-curated regional discovery candidate; verify against authoritative local source,,,AI_CURATED_REGION_CANDIDATE,2026-09-11,DRAFT_FOR_REVIEW
IN-01955,Uttara Kannada Nature Corridor,Karnataka,Uttara Kannada,,NATURE_REGION,INDIA_NATURE,,Regional nature discovery candidate around Uttara Kannada. Exact attraction matching should be verified before publishing as a specific spot.,,,,,CANDIDATE,AI-curated regional discovery candidate; verify against authoritative local source,,,AI_CURATED_REGION_CANDIDATE,2026-09-11,DRAFT_FOR_REVIEW
IN-01956,Uttara Kannada Outdoor Region,Karnataka,Uttara Kannada,,NATURE_REGION,INDIA_NATURE,,Regional nature discovery candidate around Uttara Kannada. Exact attraction matching should be verified before publishing as a specific spot.,,,,,CANDIDATE,AI-curated regional discovery candidate; verify against authoritative local source,,,AI_CURATED_REGION_CANDIDATE,2026-09-11,DRAFT_FOR_REVIEW
IN-01957,Uttara Kannada Landscape Zone,Karnataka,Uttara Kannada,,NATURE_REGION,INDIA_NATURE,,Regional nature discovery candidate around Uttara Kannada. Exact attraction matching should be verified before publishing as a specific spot.,,,,,CANDIDATE,AI-curated regional discovery candidate; verify against authoritative local source,,,AI_CURATED_REGION_CANDIDATE,2026-09-11,DRAFT_FOR_REVIEW
IN-01958,Shivamogga Scenic Belt,Karnataka,Shivamogga,,NATURE_REGION,INDIA_NATURE,,Regional nature discovery candidate around Shivamogga. Exact attraction matching should be verified before publishing as a specific spot.,,,,,CANDIDATE,AI-curated regional discovery candidate; verify against authoritative local source,,,AI_CURATED_REGION_CANDIDATE,2026-09-11,DRAFT_FOR_REVIEW
IN-01959,Shivamogga Nature Corridor,Karnataka,Shivamogga,,NATURE_REGION,INDIA_NATURE,,Regional nature discovery candidate around Shivamogga. Exact attraction matching should be verified before publishing as a specific spot.,,,,,CANDIDATE,AI-curated regional discovery candidate; verify against authoritative local source,,,AI_CURATED_REGION_CANDIDATE,2026-09-11,DRAFT_FOR_REVIEW
IN-01960,Shivamogga Outdoor Region,Karnataka,Shivamogga,,NATURE_REGION,INDIA_NATURE,,Regional nature discovery candidate around Shivamogga. Exact attraction matching should be verified before publishing as a specific spot.,,,,,CANDIDATE,AI-curated regional discovery candidate; verify against authoritative local source,,,AI_CURATED_REGION_CANDIDATE,2026-09-11,DRAFT_FOR_REVIEW
IN-01961,Shivamogga Landscape Zone,Karnataka,Shivamogga,,NATURE_REGION,INDIA_NATURE,,Regional nature discovery candidate around Shivamogga. Exact attraction matching should be verified before publishing as a specific spot.,,,,,CANDIDATE,AI-curated regional discovery candidate; verify against authoritative local source,,,AI_CURATED_REGION_CANDIDATE,2026-09-11,DRAFT_FOR_REVIEW
IN-01962,Chikkamagaluru Scenic Belt,Karnataka,Chikkamagaluru,,NATURE_REGION,INDIA_NATURE,,Regional nature discovery candidate around Chikkamagaluru. Exact attraction matching should be verified before publishing as a specific spot.,,,,,CANDIDATE,AI-curated regional discovery candidate; verify against authoritative local source,,,AI_CURATED_REGION_CANDIDATE,2026-09-11,DRAFT_FOR_REVIEW
IN-01963,Chikkamagaluru Nature Corridor,Karnataka,Chikkamagaluru,,NATURE_REGION,INDIA_NATURE,,Regional nature discovery candidate around Chikkamagaluru. Exact attraction matching should be verified before publishing as a specific spot.,,,,,CANDIDATE,AI-curated regional discovery candidate; verify against authoritative local source,,,AI_CURATED_REGION_CANDIDATE,2026-09-11,DRAFT_FOR_REVIEW
IN-01964,Chikkamagaluru Outdoor Region,Karnataka,Chikkamagaluru,,NATURE_REGION,INDIA_NATURE,,Regional nature discovery candidate around Chikkamagaluru. Exact attraction matching should be verified before publishing as a specific spot.,,,,,CANDIDATE,AI-curated regional discovery candidate; verify against authoritative local source,,,AI_CURATED_REGION_CANDIDATE,2026-09-11,DRAFT_FOR_REVIEW
IN-01965,Chikkamagaluru Landscape Zone,Karnataka,Chikkamagaluru,,NATURE_REGION,INDIA_NATURE,,Regional nature discovery candidate around Chikkamagaluru. Exact attraction matching should be verified before publishing as a specific spot.,,,,,CANDIDATE,AI-curated regional discovery candidate; verify against authoritative local source,,,AI_CURATED_REGION_CANDIDATE,2026-09-11,DRAFT_FOR_REVIEW
IN-01966,Hassan Scenic Belt,Karnataka,Hassan,,NATURE_REGION,INDIA_NATURE,,Regional nature discovery candidate around Hassan. Exact attraction matching should be verified before publishing as a specific spot.,,,,,CANDIDATE,AI-curated regional discovery candidate; verify against authoritative local source,,,AI_CURATED_REGION_CANDIDATE,2026-09-11,DRAFT_FOR_REVIEW
IN-01967,Hassan Nature Corridor,Karnataka,Hassan,,NATURE_REGION,INDIA_NATURE,,Regional nature discovery candidate around Hassan. Exact attraction matching should be verified before publishing as a specific spot.,,,,,CANDIDATE,AI-curated regional discovery candidate; verify against authoritative local source,,,AI_CURATED_REGION_CANDIDATE,2026-09-11,DRAFT_FOR_REVIEW
IN-01968,Hassan Outdoor Region,Karnataka,Hassan,,NATURE_REGION,INDIA_NATURE,,Regional nature discovery candidate around Hassan. Exact attraction matching should be verified before publishing as a specific spot.,,,,,CANDIDATE,AI-curated regional discovery candidate; verify against authoritative local source,,,AI_CURATED_REGION_CANDIDATE,2026-09-11,DRAFT_FOR_REVIEW
IN-01969,Hassan Landscape Zone,Karnataka,Hassan,,NATURE_REGION,INDIA_NATURE,,Regional nature discovery candidate around Hassan. Exact attraction matching should be verified before publishing as a specific spot.,,,,,CANDIDATE,AI-curated regional discovery candidate; verify against authoritative local source,,,AI_CURATED_REGION_CANDIDATE,2026-09-11,DRAFT_FOR_REVIEW
IN-01970,Chamarajanagar Scenic Belt,Karnataka,Chamarajanagar,,NATURE_REGION,INDIA_NATURE,,Regional nature discovery candidate around Chamarajanagar. Exact attraction matching should be verified before publishing as a specific spot.,,,,,CANDIDATE,AI-curated regional discovery candidate; verify against authoritative local source,,,AI_CURATED_REGION_CANDIDATE,2026-09-11,DRAFT_FOR_REVIEW
IN-01971,Chamarajanagar Nature Corridor,Karnataka,Chamarajanagar,,NATURE_REGION,INDIA_NATURE,,Regional nature discovery candidate around Chamarajanagar. Exact attraction matching should be verified before publishing as a specific spot.,,,,,CANDIDATE,AI-curated regional discovery candidate; verify against authoritative local source,,,AI_CURATED_REGION_CANDIDATE,2026-09-11,DRAFT_FOR_REVIEW
IN-01972,Chamarajanagar Outdoor Region,Karnataka,Chamarajanagar,,NATURE_REGION,INDIA_NATURE,,Regional nature discovery candidate around Chamarajanagar. Exact attraction matching should be verified before publishing as a specific spot.,,,,,CANDIDATE,AI-curated regional discovery candidate; verify against authoritative local source,,,AI_CURATED_REGION_CANDIDATE,2026-09-11,DRAFT_FOR_REVIEW
IN-01973,Chamarajanagar Landscape Zone,Karnataka,Chamarajanagar,,NATURE_REGION,INDIA_NATURE,,Regional nature discovery candidate around Chamarajanagar. Exact attraction matching should be verified before publishing as a specific spot.,,,,,CANDIDATE,AI-curated regional discovery candidate; verify against authoritative local source,,,AI_CURATED_REGION_CANDIDATE,2026-09-11,DRAFT_FOR_REVIEW
IN-01974,Mysuru Scenic Belt,Karnataka,Mysuru,,NATURE_REGION,INDIA_NATURE,,Regional nature discovery candidate around Mysuru. Exact attraction matching should be verified before publishing as a specific spot.,,,,,CANDIDATE,AI-curated regional discovery candidate; verify against authoritative local source,,,AI_CURATED_REGION_CANDIDATE,2026-09-11,DRAFT_FOR_REVIEW
IN-01975,Mysuru Nature Corridor,Karnataka,Mysuru,,NATURE_REGION,INDIA_NATURE,,Regional nature discovery candidate around Mysuru. Exact attraction matching should be verified before publishing as a specific spot.,,,,,CANDIDATE,AI-curated regional discovery candidate; verify against authoritative local source,,,AI_CURATED_REGION_CANDIDATE,2026-09-11,DRAFT_FOR_REVIEW
IN-01976,Mysuru Outdoor Region,Karnataka,Mysuru,,NATURE_REGION,INDIA_NATURE,,Regional nature discovery candidate around Mysuru. Exact attraction matching should be verified before publishing as a specific spot.,,,,,CANDIDATE,AI-curated regional discovery candidate; verify against authoritative local source,,,AI_CURATED_REGION_CANDIDATE,2026-09-11,DRAFT_FOR_REVIEW
IN-01977,Mysuru Landscape Zone,Karnataka,Mysuru,,NATURE_REGION,INDIA_NATURE,,Regional nature discovery candidate around Mysuru. Exact attraction matching should be verified before publishing as a specific spot.,,,,,CANDIDATE,AI-curated regional discovery candidate; verify against authoritative local source,,,AI_CURATED_REGION_CANDIDATE,2026-09-11,DRAFT_FOR_REVIEW
IN-01978,Belagavi Scenic Belt,Karnataka,Belagavi,,NATURE_REGION,INDIA_NATURE,,Regional nature discovery candidate around Belagavi. Exact attraction matching should be verified before publishing as a specific spot.,,,,,CANDIDATE,AI-curated regional discovery candidate; verify against authoritative local source,,,AI_CURATED_REGION_CANDIDATE,2026-09-11,DRAFT_FOR_REVIEW
IN-01979,Belagavi Nature Corridor,Karnataka,Belagavi,,NATURE_REGION,INDIA_NATURE,,Regional nature discovery candidate around Belagavi. Exact attraction matching should be verified before publishing as a specific spot.,,,,,CANDIDATE,AI-curated regional discovery candidate; verify against authoritative local source,,,AI_CURATED_REGION_CANDIDATE,2026-09-11,DRAFT_FOR_REVIEW
IN-01980,Belagavi Outdoor Region,Karnataka,Belagavi,,NATURE_REGION,INDIA_NATURE,,Regional nature discovery candidate around Belagavi. Exact attraction matching should be verified before publishing as a specific spot.,,,,,CANDIDATE,AI-curated regional discovery candidate; verify against authoritative local source,,,AI_CURATED_REGION_CANDIDATE,2026-09-11,DRAFT_FOR_REVIEW
IN-01981,Belagavi Landscape Zone,Karnataka,Belagavi,,NATURE_REGION,INDIA_NATURE,,Regional nature discovery candidate around Belagavi. Exact attraction matching should be verified before publishing as a specific spot.,,,,,CANDIDATE,AI-curated regional discovery candidate; verify against authoritative local source,,,AI_CURATED_REGION_CANDIDATE,2026-09-11,DRAFT_FOR_REVIEW
IN-01982,Vijayapura Scenic Belt,Karnataka,Vijayapura,,NATURE_REGION,INDIA_NATURE,,Regional nature discovery candidate around Vijayapura. Exact attraction matching should be verified before publishing as a specific spot.,,,,,CANDIDATE,AI-curated regional discovery candidate; verify against authoritative local source,,,AI_CURATED_REGION_CANDIDATE,2026-09-11,DRAFT_FOR_REVIEW
IN-01983,Vijayapura Nature Corridor,Karnataka,Vijayapura,,NATURE_REGION,INDIA_NATURE,,Regional nature discovery candidate around Vijayapura. Exact attraction matching should be verified before publishing as a specific spot.,,,,,CANDIDATE,AI-curated regional discovery candidate; verify against authoritative local source,,,AI_CURATED_REGION_CANDIDATE,2026-09-11,DRAFT_FOR_REVIEW
IN-01984,Vijayapura Outdoor Region,Karnataka,Vijayapura,,NATURE_REGION,INDIA_NATURE,,Regional nature discovery candidate around Vijayapura. Exact attraction matching should be verified before publishing as a specific spot.,,,,,CANDIDATE,AI-curated regional discovery candidate; verify against authoritative local source,,,AI_CURATED_REGION_CANDIDATE,2026-09-11,DRAFT_FOR_REVIEW
IN-01985,Vijayapura Landscape Zone,Karnataka,Vijayapura,,NATURE_REGION,INDIA_NATURE,,Regional nature discovery candidate around Vijayapura. Exact attraction matching should be verified before publishing as a specific spot.,,,,,CANDIDATE,AI-curated regional discovery candidate; verify against authoritative local source,,,AI_CURATED_REGION_CANDIDATE,2026-09-11,DRAFT_FOR_REVIEW
IN-01986,Bagalkot Scenic Belt,Karnataka,Bagalkot,,NATURE_REGION,INDIA_NATURE,,Regional nature discovery candidate around Bagalkot. Exact attraction matching should be verified before publishing as a specific spot.,,,,,CANDIDATE,AI-curated regional discovery candidate; verify against authoritative local source,,,AI_CURATED_REGION_CANDIDATE,2026-09-11,DRAFT_FOR_REVIEW
IN-01987,Bagalkot Nature Corridor,Karnataka,Bagalkot,,NATURE_REGION,INDIA_NATURE,,Regional nature discovery candidate around Bagalkot. Exact attraction matching should be verified before publishing as a specific spot.,,,,,CANDIDATE,AI-curated regional discovery candidate; verify against authoritative local source,,,AI_CURATED_REGION_CANDIDATE,2026-09-11,DRAFT_FOR_REVIEW
IN-01988,Bagalkot Outdoor Region,Karnataka,Bagalkot,,NATURE_REGION,INDIA_NATURE,,Regional nature discovery candidate around Bagalkot. Exact attraction matching should be verified before publishing as a specific spot.,,,,,CANDIDATE,AI-curated regional discovery candidate; verify against authoritative local source,,,AI_CURATED_REGION_CANDIDATE,2026-09-11,DRAFT_FOR_REVIEW
IN-01989,Bagalkot Landscape Zone,Karnataka,Bagalkot,,NATURE_REGION,INDIA_NATURE,,Regional nature discovery candidate around Bagalkot. Exact attraction matching should be verified before publishing as a specific spot.,,,,,CANDIDATE,AI-curated regional discovery candidate; verify against authoritative local source,,,AI_CURATED_REGION_CANDIDATE,2026-09-11,DRAFT_FOR_REVIEW
IN-01990,Kalaburagi Scenic Belt,Karnataka,Kalaburagi,,NATURE_REGION,INDIA_NATURE,,Regional nature discovery candidate around Kalaburagi. Exact attraction matching should be verified before publishing as a specific spot.,,,,,CANDIDATE,AI-curated regional discovery candidate; verify against authoritative local source,,,AI_CURATED_REGION_CANDIDATE,2026-09-11,DRAFT_FOR_REVIEW
IN-01991,Kalaburagi Nature Corridor,Karnataka,Kalaburagi,,NATURE_REGION,INDIA_NATURE,,Regional nature discovery candidate around Kalaburagi. Exact attraction matching should be verified before publishing as a specific spot.,,,,,CANDIDATE,AI-curated regional discovery candidate; verify against authoritative local source,,,AI_CURATED_REGION_CANDIDATE,2026-09-11,DRAFT_FOR_REVIEW
IN-01992,Kalaburagi Outdoor Region,Karnataka,Kalaburagi,,NATURE_REGION,INDIA_NATURE,,Regional nature discovery candidate around Kalaburagi. Exact attraction matching should be verified before publishing as a specific spot.,,,,,CANDIDATE,AI-curated regional discovery candidate; verify against authoritative local source,,,AI_CURATED_REGION_CANDIDATE,2026-09-11,DRAFT_FOR_REVIEW
IN-01993,Kalaburagi Landscape Zone,Karnataka,Kalaburagi,,NATURE_REGION,INDIA_NATURE,,Regional nature discovery candidate around Kalaburagi. Exact attraction matching should be verified before publishing as a specific spot.,,,,,CANDIDATE,AI-curated regional discovery candidate; verify against authoritative local source,,,AI_CURATED_REGION_CANDIDATE,2026-09-11,DRAFT_FOR_REVIEW
IN-01994,Ballari Scenic Belt,Karnataka,Ballari,,NATURE_REGION,INDIA_NATURE,,Regional nature discovery candidate around Ballari. Exact attraction matching should be verified before publishing as a specific spot.,,,,,CANDIDATE,AI-curated regional discovery candidate; verify against authoritative local source,,,AI_CURATED_REGION_CANDIDATE,2026-09-11,DRAFT_FOR_REVIEW
IN-01995,Ballari Nature Corridor,Karnataka,Ballari,,NATURE_REGION,INDIA_NATURE,,Regional nature discovery candidate around Ballari. Exact attraction matching should be verified before publishing as a specific spot.,,,,,CANDIDATE,AI-curated regional discovery candidate; verify against authoritative local source,,,AI_CURATED_REGION_CANDIDATE,2026-09-11,DRAFT_FOR_REVIEW
IN-01996,Ballari Outdoor Region,Karnataka,Ballari,,NATURE_REGION,INDIA_NATURE,,Regional nature discovery candidate around Ballari. Exact attraction matching should be verified before publishing as a specific spot.,,,,,CANDIDATE,AI-curated regional discovery candidate; verify against authoritative local source,,,AI_CURATED_REGION_CANDIDATE,2026-09-11,DRAFT_FOR_REVIEW
IN-01997,Ballari Landscape Zone,Karnataka,Ballari,,NATURE_REGION,INDIA_NATURE,,Regional nature discovery candidate around Ballari. Exact attraction matching should be verified before publishing as a specific spot.,,,,,CANDIDATE,AI-curated regional discovery candidate; verify against authoritative local source,,,AI_CURATED_REGION_CANDIDATE,2026-09-11,DRAFT_FOR_REVIEW
IN-01998,Koppal Scenic Belt,Karnataka,Koppal,,NATURE_REGION,INDIA_NATURE,,Regional nature discovery candidate around Koppal. Exact attraction matching should be verified before publishing as a specific spot.,,,,,CANDIDATE,AI-curated regional discovery candidate; verify against authoritative local source,,,AI_CURATED_REGION_CANDIDATE,2026-09-11,DRAFT_FOR_REVIEW
IN-01999,Koppal Nature Corridor,Karnataka,Koppal,,NATURE_REGION,INDIA_NATURE,,Regional nature discovery candidate around Koppal. Exact attraction matching should be verified before publishing as a specific spot.,,,,,CANDIDATE,AI-curated regional discovery candidate; verify against authoritative local source,,,AI_CURATED_REGION_CANDIDATE,2026-09-11,DRAFT_FOR_REVIEW
IN-02000,Koppal Outdoor Region,Karnataka,Koppal,,NATURE_REGION,INDIA_NATURE,,Regional nature discovery candidate around Koppal. Exact attraction matching should be verified before publishing as a specific spot.,,,,,CANDIDATE,AI-curated regional discovery candidate; verify against authoritative local source,,,AI_CURATED_REGION_CANDIDATE,2026-09-11,DRAFT_FOR_REVIEW
IN-02001,Koppal Landscape Zone,Karnataka,Koppal,,NATURE_REGION,INDIA_NATURE,,Regional nature discovery candidate around Koppal. Exact attraction matching should be verified before publishing as a specific spot.,,,,,CANDIDATE,AI-curated regional discovery candidate; verify against authoritative local source,,,AI_CURATED_REGION_CANDIDATE,2026-09-11,DRAFT_FOR_REVIEW
IN-02002,Raichur Scenic Belt,Karnataka,Raichur,,NATURE_REGION,INDIA_NATURE,,Regional nature discovery candidate around Raichur. Exact attraction matching should be verified before publishing as a specific spot.,,,,,CANDIDATE,AI-curated regional discovery candidate; verify against authoritative local source,,,AI_CURATED_REGION_CANDIDATE,2026-09-11,DRAFT_FOR_REVIEW
IN-02003,Raichur Nature Corridor,Karnataka,Raichur,,NATURE_REGION,INDIA_NATURE,,Regional nature discovery candidate around Raichur. Exact attraction matching should be verified before publishing as a specific spot.,,,,,CANDIDATE,AI-curated regional discovery candidate; verify against authoritative local source,,,AI_CURATED_REGION_CANDIDATE,2026-09-11,DRAFT_FOR_REVIEW
IN-02004,Raichur Outdoor Region,Karnataka,Raichur,,NATURE_REGION,INDIA_NATURE,,Regional nature discovery candidate around Raichur. Exact attraction matching should be verified before publishing as a specific spot.,,,,,CANDIDATE,AI-curated regional discovery candidate; verify against authoritative local source,,,AI_CURATED_REGION_CANDIDATE,2026-09-11,DRAFT_FOR_REVIEW
IN-02005,Raichur Landscape Zone,Karnataka,Raichur,,NATURE_REGION,INDIA_NATURE,,Regional nature discovery candidate around Raichur. Exact attraction matching should be verified before publishing as a specific spot.,,,,,CANDIDATE,AI-curated regional discovery candidate; verify against authoritative local source,,,AI_CURATED_REGION_CANDIDATE,2026-09-11,DRAFT_FOR_REVIEW
IN-02006,Idukki Scenic Belt,Kerala,Idukki,,NATURE_REGION,INDIA_NATURE,,Regional nature discovery candidate around Idukki. Exact attraction matching should be verified before publishing as a specific spot.,,,,,CANDIDATE,AI-curated regional discovery candidate; verify against authoritative local source,,,AI_CURATED_REGION_CANDIDATE,2026-09-11,DRAFT_FOR_REVIEW
IN-02007,Idukki Nature Corridor,Kerala,Idukki,,NATURE_REGION,INDIA_NATURE,,Regional nature discovery candidate around Idukki. Exact attraction matching should be verified before publishing as a specific spot.,,,,,CANDIDATE,AI-curated regional discovery candidate; verify against authoritative local source,,,AI_CURATED_REGION_CANDIDATE,2026-09-11,DRAFT_FOR_REVIEW
IN-02008,Idukki Outdoor Region,Kerala,Idukki,,NATURE_REGION,INDIA_NATURE,,Regional nature discovery candidate around Idukki. Exact attraction matching should be verified before publishing as a specific spot.,,,,,CANDIDATE,AI-curated regional discovery candidate; verify against authoritative local source,,,AI_CURATED_REGION_CANDIDATE,2026-09-11,DRAFT_FOR_REVIEW
IN-02009,Idukki Landscape Zone,Kerala,Idukki,,NATURE_REGION,INDIA_NATURE,,Regional nature discovery candidate around Idukki. Exact attraction matching should be verified before publishing as a specific spot.,,,,,CANDIDATE,AI-curated regional discovery candidate; verify against authoritative local source,,,AI_CURATED_REGION_CANDIDATE,2026-09-11,DRAFT_FOR_REVIEW
IN-02010,Wayanad Scenic Belt,Kerala,Wayanad,,NATURE_REGION,INDIA_NATURE,,Regional nature discovery candidate around Wayanad. Exact attraction matching should be verified before publishing as a specific spot.,,,,,CANDIDATE,AI-curated regional discovery candidate; verify against authoritative local source,,,AI_CURATED_REGION_CANDIDATE,2026-09-11,DRAFT_FOR_REVIEW
IN-02011,Wayanad Nature Corridor,Kerala,Wayanad,,NATURE_REGION,INDIA_NATURE,,Regional nature discovery candidate around Wayanad. Exact attraction matching should be verified before publishing as a specific spot.,,,,,CANDIDATE,AI-curated regional discovery candidate; verify against authoritative local source,,,AI_CURATED_REGION_CANDIDATE,2026-09-11,DRAFT_FOR_REVIEW
IN-02012,Wayanad Outdoor Region,Kerala,Wayanad,,NATURE_REGION,INDIA_NATURE,,Regional nature discovery candidate around Wayanad. Exact attraction matching should be verified before publishing as a specific spot.,,,,,CANDIDATE,AI-curated regional discovery candidate; verify against authoritative local source,,,AI_CURATED_REGION_CANDIDATE,2026-09-11,DRAFT_FOR_REVIEW
IN-02013,Wayanad Landscape Zone,Kerala,Wayanad,,NATURE_REGION,INDIA_NATURE,,Regional nature discovery candidate around Wayanad. Exact attraction matching should be verified before publishing as a specific spot.,,,,,CANDIDATE,AI-curated regional discovery candidate; verify against authoritative local source,,,AI_CURATED_REGION_CANDIDATE,2026-09-11,DRAFT_FOR_REVIEW
IN-02014,Kozhikode Scenic Belt,Kerala,Kozhikode,,NATURE_REGION,INDIA_NATURE,,Regional nature discovery candidate around Kozhikode. Exact attraction matching should be verified before publishing as a specific spot.,,,,,CANDIDATE,AI-curated regional discovery candidate; verify against authoritative local source,,,AI_CURATED_REGION_CANDIDATE,2026-09-11,DRAFT_FOR_REVIEW
IN-02015,Kozhikode Nature Corridor,Kerala,Kozhikode,,NATURE_REGION,INDIA_NATURE,,Regional nature discovery candidate around Kozhikode. Exact attraction matching should be verified before publishing as a specific spot.,,,,,CANDIDATE,AI-curated regional discovery candidate; verify against authoritative local source,,,AI_CURATED_REGION_CANDIDATE,2026-09-11,DRAFT_FOR_REVIEW
IN-02016,Kozhikode Outdoor Region,Kerala,Kozhikode,,NATURE_REGION,INDIA_NATURE,,Regional nature discovery candidate around Kozhikode. Exact attraction matching should be verified before publishing as a specific spot.,,,,,CANDIDATE,AI-curated regional discovery candidate; verify against authoritative local source,,,AI_CURATED_REGION_CANDIDATE,2026-09-11,DRAFT_FOR_REVIEW
IN-02017,Kozhikode Landscape Zone,Kerala,Kozhikode,,NATURE_REGION,INDIA_NATURE,,Regional nature discovery candidate around Kozhikode. Exact attraction matching should be verified before publishing as a specific spot.,,,,,CANDIDATE,AI-curated regional discovery candidate; verify against authoritative local source,,,AI_CURATED_REGION_CANDIDATE,2026-09-11,DRAFT_FOR_REVIEW
IN-02018,Kannur Scenic Belt,Kerala,Kannur,,NATURE_REGION,INDIA_NATURE,,Regional nature discovery candidate around Kannur. Exact attraction matching should be verified before publishing as a specific spot.,,,,,CANDIDATE,AI-curated regional discovery candidate; verify against authoritative local source,,,AI_CURATED_REGION_CANDIDATE,2026-09-11,DRAFT_FOR_REVIEW
IN-02019,Kannur Nature Corridor,Kerala,Kannur,,NATURE_REGION,INDIA_NATURE,,Regional nature discovery candidate around Kannur. Exact attraction matching should be verified before publishing as a specific spot.,,,,,CANDIDATE,AI-curated regional discovery candidate; verify against authoritative local source,,,AI_CURATED_REGION_CANDIDATE,2026-09-11,DRAFT_FOR_REVIEW
IN-02020,Kannur Outdoor Region,Kerala,Kannur,,NATURE_REGION,INDIA_NATURE,,Regional nature discovery candidate around Kannur. Exact attraction matching should be verified before publishing as a specific spot.,,,,,CANDIDATE,AI-curated regional discovery candidate; verify against authoritative local source,,,AI_CURATED_REGION_CANDIDATE,2026-09-11,DRAFT_FOR_REVIEW
IN-02021,Kannur Landscape Zone,Kerala,Kannur,,NATURE_REGION,INDIA_NATURE,,Regional nature discovery candidate around Kannur. Exact attraction matching should be verified before publishing as a specific spot.,,,,,CANDIDATE,AI-curated regional discovery candidate; verify against authoritative local source,,,AI_CURATED_REGION_CANDIDATE,2026-09-11,DRAFT_FOR_REVIEW
IN-02022,Kasaragod Scenic Belt,Kerala,Kasaragod,,NATURE_REGION,INDIA_NATURE,,Regional nature discovery candidate around Kasaragod. Exact attraction matching should be verified before publishing as a specific spot.,,,,,CANDIDATE,AI-curated regional discovery candidate; verify against authoritative local source,,,AI_CURATED_REGION_CANDIDATE,2026-09-11,DRAFT_FOR_REVIEW
IN-02023,Kasaragod Nature Corridor,Kerala,Kasaragod,,NATURE_REGION,INDIA_NATURE,,Regional nature discovery candidate around Kasaragod. Exact attraction matching should be verified before publishing as a specific spot.,,,,,CANDIDATE,AI-curated regional discovery candidate; verify against authoritative local source,,,AI_CURATED_REGION_CANDIDATE,2026-09-11,DRAFT_FOR_REVIEW
IN-02024,Kasaragod Outdoor Region,Kerala,Kasaragod,,NATURE_REGION,INDIA_NATURE,,Regional nature discovery candidate around Kasaragod. Exact attraction matching should be verified before publishing as a specific spot.,,,,,CANDIDATE,AI-curated regional discovery candidate; verify against authoritative local source,,,AI_CURATED_REGION_CANDIDATE,2026-09-11,DRAFT_FOR_REVIEW
IN-02025,Kasaragod Landscape Zone,Kerala,Kasaragod,,NATURE_REGION,INDIA_NATURE,,Regional nature discovery candidate around Kasaragod. Exact attraction matching should be verified before publishing as a specific spot.,,,,,CANDIDATE,AI-curated regional discovery candidate; verify against authoritative local source,,,AI_CURATED_REGION_CANDIDATE,2026-09-11,DRAFT_FOR_REVIEW
IN-02026,Palakkad Scenic Belt,Kerala,Palakkad,,NATURE_REGION,INDIA_NATURE,,Regional nature discovery candidate around Palakkad. Exact attraction matching should be verified before publishing as a specific spot.,,,,,CANDIDATE,AI-curated regional discovery candidate; verify against authoritative local source,,,AI_CURATED_REGION_CANDIDATE,2026-09-11,DRAFT_FOR_REVIEW
IN-02027,Palakkad Nature Corridor,Kerala,Palakkad,,NATURE_REGION,INDIA_NATURE,,Regional nature discovery candidate around Palakkad. Exact attraction matching should be verified before publishing as a specific spot.,,,,,CANDIDATE,AI-curated regional discovery candidate; verify against authoritative local source,,,AI_CURATED_REGION_CANDIDATE,2026-09-11,DRAFT_FOR_REVIEW
IN-02028,Palakkad Outdoor Region,Kerala,Palakkad,,NATURE_REGION,INDIA_NATURE,,Regional nature discovery candidate around Palakkad. Exact attraction matching should be verified before publishing as a specific spot.,,,,,CANDIDATE,AI-curated regional discovery candidate; verify against authoritative local source,,,AI_CURATED_REGION_CANDIDATE,2026-09-11,DRAFT_FOR_REVIEW
IN-02029,Palakkad Landscape Zone,Kerala,Palakkad,,NATURE_REGION,INDIA_NATURE,,Regional nature discovery candidate around Palakkad. Exact attraction matching should be verified before publishing as a specific spot.,,,,,CANDIDATE,AI-curated regional discovery candidate; verify against authoritative local source,,,AI_CURATED_REGION_CANDIDATE,2026-09-11,DRAFT_FOR_REVIEW
IN-02030,Malappuram Scenic Belt,Kerala,Malappuram,,NATURE_REGION,INDIA_NATURE,,Regional nature discovery candidate around Malappuram. Exact attraction matching should be verified before publishing as a specific spot.,,,,,CANDIDATE,AI-curated regional discovery candidate; verify against authoritative local source,,,AI_CURATED_REGION_CANDIDATE,2026-09-11,DRAFT_FOR_REVIEW
IN-02031,Malappuram Nature Corridor,Kerala,Malappuram,,NATURE_REGION,INDIA_NATURE,,Regional nature discovery candidate around Malappuram. Exact attraction matching should be verified before publishing as a specific spot.,,,,,CANDIDATE,AI-curated regional discovery candidate; verify against authoritative local source,,,AI_CURATED_REGION_CANDIDATE,2026-09-11,DRAFT_FOR_REVIEW
IN-02032,Malappuram Outdoor Region,Kerala,Malappuram,,NATURE_REGION,INDIA_NATURE,,Regional nature discovery candidate around Malappuram. Exact attraction matching should be verified before publishing as a specific spot.,,,,,CANDIDATE,AI-curated regional discovery candidate; verify against authoritative local source,,,AI_CURATED_REGION_CANDIDATE,2026-09-11,DRAFT_FOR_REVIEW
IN-02033,Malappuram Landscape Zone,Kerala,Malappuram,,NATURE_REGION,INDIA_NATURE,,Regional nature discovery candidate around Malappuram. Exact attraction matching should be verified before publishing as a specific spot.,,,,,CANDIDATE,AI-curated regional discovery candidate; verify against authoritative local source,,,AI_CURATED_REGION_CANDIDATE,2026-09-11,DRAFT_FOR_REVIEW
IN-02034,Thrissur Scenic Belt,Kerala,Thrissur,,NATURE_REGION,INDIA_NATURE,,Regional nature discovery candidate around Thrissur. Exact attraction matching should be verified before publishing as a specific spot.,,,,,CANDIDATE,AI-curated regional discovery candidate; verify against authoritative local source,,,AI_CURATED_REGION_CANDIDATE,2026-09-11,DRAFT_FOR_REVIEW
IN-02035,Thrissur Nature Corridor,Kerala,Thrissur,,NATURE_REGION,INDIA_NATURE,,Regional nature discovery candidate around Thrissur. Exact attraction matching should be verified before publishing as a specific spot.,,,,,CANDIDATE,AI-curated regional discovery candidate; verify against authoritative local source,,,AI_CURATED_REGION_CANDIDATE,2026-09-11,DRAFT_FOR_REVIEW
IN-02036,Thrissur Outdoor Region,Kerala,Thrissur,,NATURE_REGION,INDIA_NATURE,,Regional nature discovery candidate around Thrissur. Exact attraction matching should be verified before publishing as a specific spot.,,,,,CANDIDATE,AI-curated regional discovery candidate; verify against authoritative local source,,,AI_CURATED_REGION_CANDIDATE,2026-09-11,DRAFT_FOR_REVIEW
IN-02037,Thrissur Landscape Zone,Kerala,Thrissur,,NATURE_REGION,INDIA_NATURE,,Regional nature discovery candidate around Thrissur. Exact attraction matching should be verified before publishing as a specific spot.,,,,,CANDIDATE,AI-curated regional discovery candidate; verify against authoritative local source,,,AI_CURATED_REGION_CANDIDATE,2026-09-11,DRAFT_FOR_REVIEW
IN-02038,Ernakulam Scenic Belt,Kerala,Ernakulam,,NATURE_REGION,INDIA_NATURE,,Regional nature discovery candidate around Ernakulam. Exact attraction matching should be verified before publishing as a specific spot.,,,,,CANDIDATE,AI-curated regional discovery candidate; verify against authoritative local source,,,AI_CURATED_REGION_CANDIDATE,2026-09-11,DRAFT_FOR_REVIEW
IN-02039,Ernakulam Nature Corridor,Kerala,Ernakulam,,NATURE_REGION,INDIA_NATURE,,Regional nature discovery candidate around Ernakulam. Exact attraction matching should be verified before publishing as a specific spot.,,,,,CANDIDATE,AI-curated regional discovery candidate; verify against authoritative local source,,,AI_CURATED_REGION_CANDIDATE,2026-09-11,DRAFT_FOR_REVIEW
IN-02040,Ernakulam Outdoor Region,Kerala,Ernakulam,,NATURE_REGION,INDIA_NATURE,,Regional nature discovery candidate around Ernakulam. Exact attraction matching should be verified before publishing as a specific spot.,,,,,CANDIDATE,AI-curated regional discovery candidate; verify against authoritative local source,,,AI_CURATED_REGION_CANDIDATE,2026-09-11,DRAFT_FOR_REVIEW
IN-02041,Ernakulam Landscape Zone,Kerala,Ernakulam,,NATURE_REGION,INDIA_NATURE,,Regional nature discovery candidate around Ernakulam. Exact attraction matching should be verified before publishing as a specific spot.,,,,,CANDIDATE,AI-curated regional discovery candidate; verify against authoritative local source,,,AI_CURATED_REGION_CANDIDATE,2026-09-11,DRAFT_FOR_REVIEW
IN-02042,Kottayam Scenic Belt,Kerala,Kottayam,,NATURE_REGION,INDIA_NATURE,,Regional nature discovery candidate around Kottayam. Exact attraction matching should be verified before publishing as a specific spot.,,,,,CANDIDATE,AI-curated regional discovery candidate; verify against authoritative local source,,,AI_CURATED_REGION_CANDIDATE,2026-09-11,DRAFT_FOR_REVIEW
IN-02043,Kottayam Nature Corridor,Kerala,Kottayam,,NATURE_REGION,INDIA_NATURE,,Regional nature discovery candidate around Kottayam. Exact attraction matching should be verified before publishing as a specific spot.,,,,,CANDIDATE,AI-curated regional discovery candidate; verify against authoritative local source,,,AI_CURATED_REGION_CANDIDATE,2026-09-11,DRAFT_FOR_REVIEW
IN-02044,Kottayam Outdoor Region,Kerala,Kottayam,,NATURE_REGION,INDIA_NATURE,,Regional nature discovery candidate around Kottayam. Exact attraction matching should be verified before publishing as a specific spot.,,,,,CANDIDATE,AI-curated regional discovery candidate; verify against authoritative local source,,,AI_CURATED_REGION_CANDIDATE,2026-09-11,DRAFT_FOR_REVIEW
IN-02045,Kottayam Landscape Zone,Kerala,Kottayam,,NATURE_REGION,INDIA_NATURE,,Regional nature discovery candidate around Kottayam. Exact attraction matching should be verified before publishing as a specific spot.,,,,,CANDIDATE,AI-curated regional discovery candidate; verify against authoritative local source,,,AI_CURATED_REGION_CANDIDATE,2026-09-11,DRAFT_FOR_REVIEW
IN-02046,Pathanamthitta Scenic Belt,Kerala,Pathanamthitta,,NATURE_REGION,INDIA_NATURE,,Regional nature discovery candidate around Pathanamthitta. Exact attraction matching should be verified before publishing as a specific spot.,,,,,CANDIDATE,AI-curated regional discovery candidate; verify against authoritative local source,,,AI_CURATED_REGION_CANDIDATE,2026-09-11,DRAFT_FOR_REVIEW
IN-02047,Pathanamthitta Nature Corridor,Kerala,Pathanamthitta,,NATURE_REGION,INDIA_NATURE,,Regional nature discovery candidate around Pathanamthitta. Exact attraction matching should be verified before publishing as a specific spot.,,,,,CANDIDATE,AI-curated regional discovery candidate; verify against authoritative local source,,,AI_CURATED_REGION_CANDIDATE,2026-09-11,DRAFT_FOR_REVIEW
IN-02048,Pathanamthitta Outdoor Region,Kerala,Pathanamthitta,,NATURE_REGION,INDIA_NATURE,,Regional nature discovery candidate around Pathanamthitta. Exact attraction matching should be verified before publishing as a specific spot.,,,,,CANDIDATE,AI-curated regional discovery candidate; verify against authoritative local source,,,AI_CURATED_REGION_CANDIDATE,2026-09-11,DRAFT_FOR_REVIEW
IN-02049,Pathanamthitta Landscape Zone,Kerala,Pathanamthitta,,NATURE_REGION,INDIA_NATURE,,Regional nature discovery candidate around Pathanamthitta. Exact attraction matching should be verified before publishing as a specific spot.,,,,,CANDIDATE,AI-curated regional discovery candidate; verify against authoritative local source,,,AI_CURATED_REGION_CANDIDATE,2026-09-11,DRAFT_FOR_REVIEW
IN-02050,Kollam Scenic Belt,Kerala,Kollam,,NATURE_REGION,INDIA_NATURE,,Regional nature discovery candidate around Kollam. Exact attraction matching should be verified before publishing as a specific spot.,,,,,CANDIDATE,AI-curated regional discovery candidate; verify against authoritative local source,,,AI_CURATED_REGION_CANDIDATE,2026-09-11,DRAFT_FOR_REVIEW
IN-02051,Kollam Nature Corridor,Kerala,Kollam,,NATURE_REGION,INDIA_NATURE,,Regional nature discovery candidate around Kollam. Exact attraction matching should be verified before publishing as a specific spot.,,,,,CANDIDATE,AI-curated regional discovery candidate; verify against authoritative local source,,,AI_CURATED_REGION_CANDIDATE,2026-09-11,DRAFT_FOR_REVIEW
IN-02052,Kollam Outdoor Region,Kerala,Kollam,,NATURE_REGION,INDIA_NATURE,,Regional nature discovery candidate around Kollam. Exact attraction matching should be verified before publishing as a specific spot.,,,,,CANDIDATE,AI-curated regional discovery candidate; verify against authoritative local source,,,AI_CURATED_REGION_CANDIDATE,2026-09-11,DRAFT_FOR_REVIEW
IN-02053,Kollam Landscape Zone,Kerala,Kollam,,NATURE_REGION,INDIA_NATURE,,Regional nature discovery candidate around Kollam. Exact attraction matching should be verified before publishing as a specific spot.,,,,,CANDIDATE,AI-curated regional discovery candidate; verify against authoritative local source,,,AI_CURATED_REGION_CANDIDATE,2026-09-11,DRAFT_FOR_REVIEW
IN-02054,Thiruvananthapuram Scenic Belt,Kerala,Thiruvananthapuram,,NATURE_REGION,INDIA_NATURE,,Regional nature discovery candidate around Thiruvananthapuram. Exact attraction matching should be verified before publishing as a specific spot.,,,,,CANDIDATE,AI-curated regional discovery candidate; verify against authoritative local source,,,AI_CURATED_REGION_CANDIDATE,2026-09-11,DRAFT_FOR_REVIEW
IN-02055,Thiruvananthapuram Nature Corridor,Kerala,Thiruvananthapuram,,NATURE_REGION,INDIA_NATURE,,Regional nature discovery candidate around Thiruvananthapuram. Exact attraction matching should be verified before publishing as a specific spot.,,,,,CANDIDATE,AI-curated regional discovery candidate; verify against authoritative local source,,,AI_CURATED_REGION_CANDIDATE,2026-09-11,DRAFT_FOR_REVIEW
IN-02056,Thiruvananthapuram Outdoor Region,Kerala,Thiruvananthapuram,,NATURE_REGION,INDIA_NATURE,,Regional nature discovery candidate around Thiruvananthapuram. Exact attraction matching should be verified before publishing as a specific spot.,,,,,CANDIDATE,AI-curated regional discovery candidate; verify against authoritative local source,,,AI_CURATED_REGION_CANDIDATE,2026-09-11,DRAFT_FOR_REVIEW
IN-02057,Thiruvananthapuram Landscape Zone,Kerala,Thiruvananthapuram,,NATURE_REGION,INDIA_NATURE,,Regional nature discovery candidate around Thiruvananthapuram. Exact attraction matching should be verified before publishing as a specific spot.,,,,,CANDIDATE,AI-curated regional discovery candidate; verify against authoritative local source,,,AI_CURATED_REGION_CANDIDATE,2026-09-11,DRAFT_FOR_REVIEW
IN-02058,Kullu Scenic Belt,Himachal Pradesh,Kullu,,NATURE_REGION,INDIA_NATURE,,Regional nature discovery candidate around Kullu. Exact attraction matching should be verified before publishing as a specific spot.,,,,,CANDIDATE,AI-curated regional discovery candidate; verify against authoritative local source,,,AI_CURATED_REGION_CANDIDATE,2026-09-11,DRAFT_FOR_REVIEW
IN-02059,Kullu Nature Corridor,Himachal Pradesh,Kullu,,NATURE_REGION,INDIA_NATURE,,Regional nature discovery candidate around Kullu. Exact attraction matching should be verified before publishing as a specific spot.,,,,,CANDIDATE,AI-curated regional discovery candidate; verify against authoritative local source,,,AI_CURATED_REGION_CANDIDATE,2026-09-11,DRAFT_FOR_REVIEW
IN-02060,Kullu Outdoor Region,Himachal Pradesh,Kullu,,NATURE_REGION,INDIA_NATURE,,Regional nature discovery candidate around Kullu. Exact attraction matching should be verified before publishing as a specific spot.,,,,,CANDIDATE,AI-curated regional discovery candidate; verify against authoritative local source,,,AI_CURATED_REGION_CANDIDATE,2026-09-11,DRAFT_FOR_REVIEW
IN-02061,Kullu Landscape Zone,Himachal Pradesh,Kullu,,NATURE_REGION,INDIA_NATURE,,Regional nature discovery candidate around Kullu. Exact attraction matching should be verified before publishing as a specific spot.,,,,,CANDIDATE,AI-curated regional discovery candidate; verify against authoritative local source,,,AI_CURATED_REGION_CANDIDATE,2026-09-11,DRAFT_FOR_REVIEW
IN-02062,Kinnaur Scenic Belt,Himachal Pradesh,Kinnaur,,NATURE_REGION,INDIA_NATURE,,Regional nature discovery candidate around Kinnaur. Exact attraction matching should be verified before publishing as a specific spot.,,,,,CANDIDATE,AI-curated regional discovery candidate; verify against authoritative local source,,,AI_CURATED_REGION_CANDIDATE,2026-09-11,DRAFT_FOR_REVIEW
IN-02063,Kinnaur Nature Corridor,Himachal Pradesh,Kinnaur,,NATURE_REGION,INDIA_NATURE,,Regional nature discovery candidate around Kinnaur. Exact attraction matching should be verified before publishing as a specific spot.,,,,,CANDIDATE,AI-curated regional discovery candidate; verify against authoritative local source,,,AI_CURATED_REGION_CANDIDATE,2026-09-11,DRAFT_FOR_REVIEW
IN-02064,Kinnaur Outdoor Region,Himachal Pradesh,Kinnaur,,NATURE_REGION,INDIA_NATURE,,Regional nature discovery candidate around Kinnaur. Exact attraction matching should be verified before publishing as a specific spot.,,,,,CANDIDATE,AI-curated regional discovery candidate; verify against authoritative local source,,,AI_CURATED_REGION_CANDIDATE,2026-09-11,DRAFT_FOR_REVIEW
IN-02065,Kinnaur Landscape Zone,Himachal Pradesh,Kinnaur,,NATURE_REGION,INDIA_NATURE,,Regional nature discovery candidate around Kinnaur. Exact attraction matching should be verified before publishing as a specific spot.,,,,,CANDIDATE,AI-curated regional discovery candidate; verify against authoritative local source,,,AI_CURATED_REGION_CANDIDATE,2026-09-11,DRAFT_FOR_REVIEW
IN-02066,Lahaul and Spiti Scenic Belt,Himachal Pradesh,Lahaul and Spiti,,NATURE_REGION,INDIA_NATURE,,Regional nature discovery candidate around Lahaul and Spiti. Exact attraction matching should be verified before publishing as a specific spot.,,,,,CANDIDATE,AI-curated regional discovery candidate; verify against authoritative local source,,,AI_CURATED_REGION_CANDIDATE,2026-09-11,DRAFT_FOR_REVIEW
IN-02067,Lahaul and Spiti Nature Corridor,Himachal Pradesh,Lahaul and Spiti,,NATURE_REGION,INDIA_NATURE,,Regional nature discovery candidate around Lahaul and Spiti. Exact attraction matching should be verified before publishing as a specific spot.,,,,,CANDIDATE,AI-curated regional discovery candidate; verify against authoritative local source,,,AI_CURATED_REGION_CANDIDATE,2026-09-11,DRAFT_FOR_REVIEW
IN-02068,Lahaul and Spiti Outdoor Region,Himachal Pradesh,Lahaul and Spiti,,NATURE_REGION,INDIA_NATURE,,Regional nature discovery candidate around Lahaul and Spiti. Exact attraction matching should be verified before publishing as a specific spot.,,,,,CANDIDATE,AI-curated regional discovery candidate; verify against authoritative local source,,,AI_CURATED_REGION_CANDIDATE,2026-09-11,DRAFT_FOR_REVIEW
IN-02069,Lahaul and Spiti Landscape Zone,Himachal Pradesh,Lahaul and Spiti,,NATURE_REGION,INDIA_NATURE,,Regional nature discovery candidate around Lahaul and Spiti. Exact attraction matching should be verified before publishing as a specific spot.,,,,,CANDIDATE,AI-curated regional discovery candidate; verify against authoritative local source,,,AI_CURATED_REGION_CANDIDATE,2026-09-11,DRAFT_FOR_REVIEW
IN-02070,Chamba Scenic Belt,Himachal Pradesh,Chamba,,NATURE_REGION,INDIA_NATURE,,Regional nature discovery candidate around Chamba. Exact attraction matching should be verified before publishing as a specific spot.,,,,,CANDIDATE,AI-curated regional discovery candidate; verify against authoritative local source,,,AI_CURATED_REGION_CANDIDATE,2026-09-11,DRAFT_FOR_REVIEW
IN-02071,Chamba Nature Corridor,Himachal Pradesh,Chamba,,NATURE_REGION,INDIA_NATURE,,Regional nature discovery candidate around Chamba. Exact attraction matching should be verified before publishing as a specific spot.,,,,,CANDIDATE,AI-curated regional discovery candidate; verify against authoritative local source,,,AI_CURATED_REGION_CANDIDATE,2026-09-11,DRAFT_FOR_REVIEW
IN-02072,Chamba Outdoor Region,Himachal Pradesh,Chamba,,NATURE_REGION,INDIA_NATURE,,Regional nature discovery candidate around Chamba. Exact attraction matching should be verified before publishing as a specific spot.,,,,,CANDIDATE,AI-curated regional discovery candidate; verify against authoritative local source,,,AI_CURATED_REGION_CANDIDATE,2026-09-11,DRAFT_FOR_REVIEW
IN-02073,Chamba Landscape Zone,Himachal Pradesh,Chamba,,NATURE_REGION,INDIA_NATURE,,Regional nature discovery candidate around Chamba. Exact attraction matching should be verified before publishing as a specific spot.,,,,,CANDIDATE,AI-curated regional discovery candidate; verify against authoritative local source,,,AI_CURATED_REGION_CANDIDATE,2026-09-11,DRAFT_FOR_REVIEW
IN-02074,Kangra Scenic Belt,Himachal Pradesh,Kangra,,NATURE_REGION,INDIA_NATURE,,Regional nature discovery candidate around Kangra. Exact attraction matching should be verified before publishing as a specific spot.,,,,,CANDIDATE,AI-curated regional discovery candidate; verify against authoritative local source,,,AI_CURATED_REGION_CANDIDATE,2026-09-11,DRAFT_FOR_REVIEW
IN-02075,Kangra Nature Corridor,Himachal Pradesh,Kangra,,NATURE_REGION,INDIA_NATURE,,Regional nature discovery candidate around Kangra. Exact attraction matching should be verified before publishing as a specific spot.,,,,,CANDIDATE,AI-curated regional discovery candidate; verify against authoritative local source,,,AI_CURATED_REGION_CANDIDATE,2026-09-11,DRAFT_FOR_REVIEW
IN-02076,Kangra Outdoor Region,Himachal Pradesh,Kangra,,NATURE_REGION,INDIA_NATURE,,Regional nature discovery candidate around Kangra. Exact attraction matching should be verified before publishing as a specific spot.,,,,,CANDIDATE,AI-curated regional discovery candidate; verify against authoritative local source,,,AI_CURATED_REGION_CANDIDATE,2026-09-11,DRAFT_FOR_REVIEW
IN-02077,Kangra Landscape Zone,Himachal Pradesh,Kangra,,NATURE_REGION,INDIA_NATURE,,Regional nature discovery candidate around Kangra. Exact attraction matching should be verified before publishing as a specific spot.,,,,,CANDIDATE,AI-curated regional discovery candidate; verify against authoritative local source,,,AI_CURATED_REGION_CANDIDATE,2026-09-11,DRAFT_FOR_REVIEW
IN-02078,Shimla Scenic Belt,Himachal Pradesh,Shimla,,NATURE_REGION,INDIA_NATURE,,Regional nature discovery candidate around Shimla. Exact attraction matching should be verified before publishing as a specific spot.,,,,,CANDIDATE,AI-curated regional discovery candidate; verify against authoritative local source,,,AI_CURATED_REGION_CANDIDATE,2026-09-11,DRAFT_FOR_REVIEW
IN-02079,Shimla Nature Corridor,Himachal Pradesh,Shimla,,NATURE_REGION,INDIA_NATURE,,Regional nature discovery candidate around Shimla. Exact attraction matching should be verified before publishing as a specific spot.,,,,,CANDIDATE,AI-curated regional discovery candidate; verify against authoritative local source,,,AI_CURATED_REGION_CANDIDATE,2026-09-11,DRAFT_FOR_REVIEW
IN-02080,Shimla Outdoor Region,Himachal Pradesh,Shimla,,NATURE_REGION,INDIA_NATURE,,Regional nature discovery candidate around Shimla. Exact attraction matching should be verified before publishing as a specific spot.,,,,,CANDIDATE,AI-curated regional discovery candidate; verify against authoritative local source,,,AI_CURATED_REGION_CANDIDATE,2026-09-11,DRAFT_FOR_REVIEW
IN-02081,Shimla Landscape Zone,Himachal Pradesh,Shimla,,NATURE_REGION,INDIA_NATURE,,Regional nature discovery candidate around Shimla. Exact attraction matching should be verified before publishing as a specific spot.,,,,,CANDIDATE,AI-curated regional discovery candidate; verify against authoritative local source,,,AI_CURATED_REGION_CANDIDATE,2026-09-11,DRAFT_FOR_REVIEW
IN-02082,Mandi Scenic Belt,Himachal Pradesh,Mandi,,NATURE_REGION,INDIA_NATURE,,Regional nature discovery candidate around Mandi. Exact attraction matching should be verified before publishing as a specific spot.,,,,,CANDIDATE,AI-curated regional discovery candidate; verify against authoritative local source,,,AI_CURATED_REGION_CANDIDATE,2026-09-11,DRAFT_FOR_REVIEW
IN-02083,Mandi Nature Corridor,Himachal Pradesh,Mandi,,NATURE_REGION,INDIA_NATURE,,Regional nature discovery candidate around Mandi. Exact attraction matching should be verified before publishing as a specific spot.,,,,,CANDIDATE,AI-curated regional discovery candidate; verify against authoritative local source,,,AI_CURATED_REGION_CANDIDATE,2026-09-11,DRAFT_FOR_REVIEW
IN-02084,Mandi Outdoor Region,Himachal Pradesh,Mandi,,NATURE_REGION,INDIA_NATURE,,Regional nature discovery candidate around Mandi. Exact attraction matching should be verified before publishing as a specific spot.,,,,,CANDIDATE,AI-curated regional discovery candidate; verify against authoritative local source,,,AI_CURATED_REGION_CANDIDATE,2026-09-11,DRAFT_FOR_REVIEW
IN-02085,Mandi Landscape Zone,Himachal Pradesh,Mandi,,NATURE_REGION,INDIA_NATURE,,Regional nature discovery candidate around Mandi. Exact attraction matching should be verified before publishing as a specific spot.,,,,,CANDIDATE,AI-curated regional discovery candidate; verify against authoritative local source,,,AI_CURATED_REGION_CANDIDATE,2026-09-11,DRAFT_FOR_REVIEW
IN-02086,Sirmaur Scenic Belt,Himachal Pradesh,Sirmaur,,NATURE_REGION,INDIA_NATURE,,Regional nature discovery candidate around Sirmaur. Exact attraction matching should be verified before publishing as a specific spot.,,,,,CANDIDATE,AI-curated regional discovery candidate; verify against authoritative local source,,,AI_CURATED_REGION_CANDIDATE,2026-09-11,DRAFT_FOR_REVIEW
IN-02087,Sirmaur Nature Corridor,Himachal Pradesh,Sirmaur,,NATURE_REGION,INDIA_NATURE,,Regional nature discovery candidate around Sirmaur. Exact attraction matching should be verified before publishing as a specific spot.,,,,,CANDIDATE,AI-curated regional discovery candidate; verify against authoritative local source,,,AI_CURATED_REGION_CANDIDATE,2026-09-11,DRAFT_FOR_REVIEW
IN-02088,Sirmaur Outdoor Region,Himachal Pradesh,Sirmaur,,NATURE_REGION,INDIA_NATURE,,Regional nature discovery candidate around Sirmaur. Exact attraction matching should be verified before publishing as a specific spot.,,,,,CANDIDATE,AI-curated regional discovery candidate; verify against authoritative local source,,,AI_CURATED_REGION_CANDIDATE,2026-09-11,DRAFT_FOR_REVIEW
IN-02089,Sirmaur Landscape Zone,Himachal Pradesh,Sirmaur,,NATURE_REGION,INDIA_NATURE,,Regional nature discovery candidate around Sirmaur. Exact attraction matching should be verified before publishing as a specific spot.,,,,,CANDIDATE,AI-curated regional discovery candidate; verify against authoritative local source,,,AI_CURATED_REGION_CANDIDATE,2026-09-11,DRAFT_FOR_REVIEW
IN-02090,Solan Scenic Belt,Himachal Pradesh,Solan,,NATURE_REGION,INDIA_NATURE,,Regional nature discovery candidate around Solan. Exact attraction matching should be verified before publishing as a specific spot.,,,,,CANDIDATE,AI-curated regional discovery candidate; verify against authoritative local source,,,AI_CURATED_REGION_CANDIDATE,2026-09-11,DRAFT_FOR_REVIEW
IN-02091,Solan Nature Corridor,Himachal Pradesh,Solan,,NATURE_REGION,INDIA_NATURE,,Regional nature discovery candidate around Solan. Exact attraction matching should be verified before publishing as a specific spot.,,,,,CANDIDATE,AI-curated regional discovery candidate; verify against authoritative local source,,,AI_CURATED_REGION_CANDIDATE,2026-09-11,DRAFT_FOR_REVIEW
IN-02092,Solan Outdoor Region,Himachal Pradesh,Solan,,NATURE_REGION,INDIA_NATURE,,Regional nature discovery candidate around Solan. Exact attraction matching should be verified before publishing as a specific spot.,,,,,CANDIDATE,AI-curated regional discovery candidate; verify against authoritative local source,,,AI_CURATED_REGION_CANDIDATE,2026-09-11,DRAFT_FOR_REVIEW
IN-02093,Solan Landscape Zone,Himachal Pradesh,Solan,,NATURE_REGION,INDIA_NATURE,,Regional nature discovery candidate around Solan. Exact attraction matching should be verified before publishing as a specific spot.,,,,,CANDIDATE,AI-curated regional discovery candidate; verify against authoritative local source,,,AI_CURATED_REGION_CANDIDATE,2026-09-11,DRAFT_FOR_REVIEW
IN-02094,Bilaspur Scenic Belt,Himachal Pradesh,Bilaspur,,NATURE_REGION,INDIA_NATURE,,Regional nature discovery candidate around Bilaspur. Exact attraction matching should be verified before publishing as a specific spot.,,,,,CANDIDATE,AI-curated regional discovery candidate; verify against authoritative local source,,,AI_CURATED_REGION_CANDIDATE,2026-09-11,DRAFT_FOR_REVIEW
IN-02095,Bilaspur Nature Corridor,Himachal Pradesh,Bilaspur,,NATURE_REGION,INDIA_NATURE,,Regional nature discovery candidate around Bilaspur. Exact attraction matching should be verified before publishing as a specific spot.,,,,,CANDIDATE,AI-curated regional discovery candidate; verify against authoritative local source,,,AI_CURATED_REGION_CANDIDATE,2026-09-11,DRAFT_FOR_REVIEW
IN-02096,Bilaspur Outdoor Region,Himachal Pradesh,Bilaspur,,NATURE_REGION,INDIA_NATURE,,Regional nature discovery candidate around Bilaspur. Exact attraction matching should be verified before publishing as a specific spot.,,,,,CANDIDATE,AI-curated regional discovery candidate; verify against authoritative local source,,,AI_CURATED_REGION_CANDIDATE,2026-09-11,DRAFT_FOR_REVIEW
IN-02097,Bilaspur Landscape Zone,Himachal Pradesh,Bilaspur,,NATURE_REGION,INDIA_NATURE,,Regional nature discovery candidate around Bilaspur. Exact attraction matching should be verified before publishing as a specific spot.,,,,,CANDIDATE,AI-curated regional discovery candidate; verify against authoritative local source,,,AI_CURATED_REGION_CANDIDATE,2026-09-11,DRAFT_FOR_REVIEW
IN-02098,Una Scenic Belt,Himachal Pradesh,Una,,NATURE_REGION,INDIA_NATURE,,Regional nature discovery candidate around Una. Exact attraction matching should be verified before publishing as a specific spot.,,,,,CANDIDATE,AI-curated regional discovery candidate; verify against authoritative local source,,,AI_CURATED_REGION_CANDIDATE,2026-09-11,DRAFT_FOR_REVIEW
IN-02099,Una Nature Corridor,Himachal Pradesh,Una,,NATURE_REGION,INDIA_NATURE,,Regional nature discovery candidate around Una. Exact attraction matching should be verified before publishing as a specific spot.,,,,,CANDIDATE,AI-curated regional discovery candidate; verify against authoritative local source,,,AI_CURATED_REGION_CANDIDATE,2026-09-11,DRAFT_FOR_REVIEW
IN-02100,Una Outdoor Region,Himachal Pradesh,Una,,NATURE_REGION,INDIA_NATURE,,Regional nature discovery candidate around Una. Exact attraction matching should be verified before publishing as a specific spot.,,,,,CANDIDATE,AI-curated regional discovery candidate; verify against authoritative local source,,,AI_CURATED_REGION_CANDIDATE,2026-09-11,DRAFT_FOR_REVIEW
IN-02101,Agra Fort,Uttar Pradesh,,,World Heritage Site,WORLD_HERITAGE,UNESCO World Heritage property in India.,UNESCO-recognized heritage value; detailed site information should be read from the official UNESCO source.,,,,,ICONIC,UNESCO World Heritage Centre,,https://whc.unesco.org/en/statesparties/in/,OFFICIAL_UNESCO_LIST,2026-09-11,PUBLISHED_SOURCE_REFERENCE
IN-02102,Ancient Buddhist Site of Sarnath,PENDING,,,World Heritage Site,WORLD_HERITAGE,UNESCO World Heritage property in India.,UNESCO-recognized heritage value; detailed site information should be read from the official UNESCO source.,,,,,ICONIC,UNESCO World Heritage Centre,,https://whc.unesco.org/en/statesparties/in/,OFFICIAL_UNESCO_LIST,2026-09-11,PUBLISHED_SOURCE_REFERENCE
IN-02103,"Archaeological Site of Nalanda Mahavihara at Nalanda, Bihar",PENDING,,,World Heritage Site,WORLD_HERITAGE,UNESCO World Heritage property in India.,UNESCO-recognized heritage value; detailed site information should be read from the official UNESCO source.,,,,,ICONIC,UNESCO World Heritage Centre,,https://whc.unesco.org/en/statesparties/in/,OFFICIAL_UNESCO_LIST,2026-09-11,PUBLISHED_SOURCE_REFERENCE
IN-02104,Buddhist Monuments at Sanchi,Madhya Pradesh,,,World Heritage Site,WORLD_HERITAGE,UNESCO World Heritage property in India.,UNESCO-recognized heritage value; detailed site information should be read from the official UNESCO source.,,,,,ICONIC,UNESCO World Heritage Centre,,https://whc.unesco.org/en/statesparties/in/,OFFICIAL_UNESCO_LIST,2026-09-11,PUBLISHED_SOURCE_REFERENCE
IN-02105,Champaner-Pavagadh Archaeological Park,Gujarat,,,World Heritage Site,WORLD_HERITAGE,UNESCO World Heritage property in India.,UNESCO-recognized heritage value; detailed site information should be read from the official UNESCO source.,,,,,ICONIC,UNESCO World Heritage Centre,,https://whc.unesco.org/en/statesparties/in/,OFFICIAL_UNESCO_LIST,2026-09-11,PUBLISHED_SOURCE_REFERENCE
IN-02106,Chhatrapati Shivaji Terminus (formerly Victoria Terminus),Maharashtra,,,World Heritage Site,WORLD_HERITAGE,UNESCO World Heritage property in India.,UNESCO-recognized heritage value; detailed site information should be read from the official UNESCO source.,,,,,ICONIC,UNESCO World Heritage Centre,,https://whc.unesco.org/en/statesparties/in/,OFFICIAL_UNESCO_LIST,2026-09-11,PUBLISHED_SOURCE_REFERENCE
IN-02107,Churches and Convents of Goa,Goa,,,World Heritage Site,WORLD_HERITAGE,UNESCO World Heritage property in India.,UNESCO-recognized heritage value; detailed site information should be read from the official UNESCO source.,,,,,ICONIC,UNESCO World Heritage Centre,,https://whc.unesco.org/en/statesparties/in/,OFFICIAL_UNESCO_LIST,2026-09-11,PUBLISHED_SOURCE_REFERENCE
IN-02108,Dholavira: a Harappan City,Gujarat,,,World Heritage Site,WORLD_HERITAGE,UNESCO World Heritage property in India.,UNESCO-recognized heritage value; detailed site information should be read from the official UNESCO source.,,,,,ICONIC,UNESCO World Heritage Centre,,https://whc.unesco.org/en/statesparties/in/,OFFICIAL_UNESCO_LIST,2026-09-11,PUBLISHED_SOURCE_REFERENCE
IN-02109,Fatehpur Sikri,Uttar Pradesh,,,World Heritage Site,WORLD_HERITAGE,UNESCO World Heritage property in India.,UNESCO-recognized heritage value; detailed site information should be read from the official UNESCO source.,,,,,ICONIC,UNESCO World Heritage Centre,,https://whc.unesco.org/en/statesparties/in/,OFFICIAL_UNESCO_LIST,2026-09-11,PUBLISHED_SOURCE_REFERENCE
IN-02110,Great Living Chola Temples,Tamil Nadu,,,World Heritage Site,WORLD_HERITAGE,UNESCO World Heritage property in India.,UNESCO-recognized heritage value; detailed site information should be read from the official UNESCO source.,,,,,ICONIC,UNESCO World Heritage Centre,,https://whc.unesco.org/en/statesparties/in/,OFFICIAL_UNESCO_LIST,2026-09-11,PUBLISHED_SOURCE_REFERENCE
IN-02111,Group of Monuments at Hampi,Karnataka,,,World Heritage Site,WORLD_HERITAGE,UNESCO World Heritage property in India.,UNESCO-recognized heritage value; detailed site information should be read from the official UNESCO source.,,,,,ICONIC,UNESCO World Heritage Centre,,https://whc.unesco.org/en/statesparties/in/,OFFICIAL_UNESCO_LIST,2026-09-11,PUBLISHED_SOURCE_REFERENCE
IN-02112,Group of Monuments at Mahabalipuram,Tamil Nadu,,,World Heritage Site,WORLD_HERITAGE,UNESCO World Heritage property in India.,UNESCO-recognized heritage value; detailed site information should be read from the official UNESCO source.,,,,,ICONIC,UNESCO World Heritage Centre,,https://whc.unesco.org/en/statesparties/in/,OFFICIAL_UNESCO_LIST,2026-09-11,PUBLISHED_SOURCE_REFERENCE
IN-02113,Group of Monuments at Pattadakal,Karnataka,,,World Heritage Site,WORLD_HERITAGE,UNESCO World Heritage property in India.,UNESCO-recognized heritage value; detailed site information should be read from the official UNESCO source.,,,,,ICONIC,UNESCO World Heritage Centre,,https://whc.unesco.org/en/statesparties/in/,OFFICIAL_UNESCO_LIST,2026-09-11,PUBLISHED_SOURCE_REFERENCE
IN-02114,Hill Forts of Rajasthan,Rajasthan,,,World Heritage Site,WORLD_HERITAGE,UNESCO World Heritage property in India.,UNESCO-recognized heritage value; detailed site information should be read from the official UNESCO source.,,,,,ICONIC,UNESCO World Heritage Centre,,https://whc.unesco.org/en/statesparties/in/,OFFICIAL_UNESCO_LIST,2026-09-11,PUBLISHED_SOURCE_REFERENCE
IN-02115,Historic City of Ahmadabad,Gujarat,,,World Heritage Site,WORLD_HERITAGE,UNESCO World Heritage property in India.,UNESCO-recognized heritage value; detailed site information should be read from the official UNESCO source.,,,,,ICONIC,UNESCO World Heritage Centre,,https://whc.unesco.org/en/statesparties/in/,OFFICIAL_UNESCO_LIST,2026-09-11,PUBLISHED_SOURCE_REFERENCE
IN-02116,"Humayun's Tomb, Delhi",Delhi,,,World Heritage Site,WORLD_HERITAGE,UNESCO World Heritage property in India.,UNESCO-recognized heritage value; detailed site information should be read from the official UNESCO source.,,,,,ICONIC,UNESCO World Heritage Centre,,https://whc.unesco.org/en/statesparties/in/,OFFICIAL_UNESCO_LIST,2026-09-11,PUBLISHED_SOURCE_REFERENCE
IN-02117,"Jaipur City, Rajasthan",Rajasthan,,,World Heritage Site,WORLD_HERITAGE,UNESCO World Heritage property in India.,UNESCO-recognized heritage value; detailed site information should be read from the official UNESCO source.,,,,,ICONIC,UNESCO World Heritage Centre,,https://whc.unesco.org/en/statesparties/in/,OFFICIAL_UNESCO_LIST,2026-09-11,PUBLISHED_SOURCE_REFERENCE
IN-02118,"Kakatiya Rudreshwara (Ramappa) Temple, Telangana",Telangana,,,World Heritage Site,WORLD_HERITAGE,UNESCO World Heritage property in India.,UNESCO-recognized heritage value; detailed site information should be read from the official UNESCO source.,,,,,ICONIC,UNESCO World Heritage Centre,,https://whc.unesco.org/en/statesparties/in/,OFFICIAL_UNESCO_LIST,2026-09-11,PUBLISHED_SOURCE_REFERENCE
IN-02119,Khajuraho Group of Monuments,Madhya Pradesh,,,World Heritage Site,WORLD_HERITAGE,UNESCO World Heritage property in India.,UNESCO-recognized heritage value; detailed site information should be read from the official UNESCO source.,,,,,ICONIC,UNESCO World Heritage Centre,,https://whc.unesco.org/en/statesparties/in/,OFFICIAL_UNESCO_LIST,2026-09-11,PUBLISHED_SOURCE_REFERENCE
IN-02120,Mahabodhi Temple Complex at Bodh Gaya,Bihar,,,World Heritage Site,WORLD_HERITAGE,UNESCO World Heritage property in India.,UNESCO-recognized heritage value; detailed site information should be read from the official UNESCO source.,,,,,ICONIC,UNESCO World Heritage Centre,,https://whc.unesco.org/en/statesparties/in/,OFFICIAL_UNESCO_LIST,2026-09-11,PUBLISHED_SOURCE_REFERENCE
IN-02121,Maratha Military Landscapes of India,Maharashtra,,,World Heritage Site,WORLD_HERITAGE,UNESCO World Heritage property in India.,UNESCO-recognized heritage value; detailed site information should be read from the official UNESCO source.,,,,,ICONIC,UNESCO World Heritage Centre,,https://whc.unesco.org/en/statesparties/in/,OFFICIAL_UNESCO_LIST,2026-09-11,PUBLISHED_SOURCE_REFERENCE
IN-02122,Moidams – the Mound-Burial System of the Ahom Dynasty,Assam,,,World Heritage Site,WORLD_HERITAGE,UNESCO World Heritage property in India.,UNESCO-recognized heritage value; detailed site information should be read from the official UNESCO source.,,,,,ICONIC,UNESCO World Heritage Centre,,https://whc.unesco.org/en/statesparties/in/,OFFICIAL_UNESCO_LIST,2026-09-11,PUBLISHED_SOURCE_REFERENCE
IN-02123,Mountain Railways of India,Multi-state,,,World Heritage Site,WORLD_HERITAGE,UNESCO World Heritage property in India.,UNESCO-recognized heritage value; detailed site information should be read from the official UNESCO source.,,,,,ICONIC,UNESCO World Heritage Centre,,https://whc.unesco.org/en/statesparties/in/,OFFICIAL_UNESCO_LIST,2026-09-11,PUBLISHED_SOURCE_REFERENCE
IN-02124,"Qutb Minar and its Monuments, Delhi",Delhi,,,World Heritage Site,WORLD_HERITAGE,UNESCO World Heritage property in India.,UNESCO-recognized heritage value; detailed site information should be read from the official UNESCO source.,,,,,ICONIC,UNESCO World Heritage Centre,,https://whc.unesco.org/en/statesparties/in/,OFFICIAL_UNESCO_LIST,2026-09-11,PUBLISHED_SOURCE_REFERENCE
IN-02125,"Rani-ki-Vav (the Queen's Stepwell) at Patan, Gujarat",Gujarat,,,World Heritage Site,WORLD_HERITAGE,UNESCO World Heritage property in India.,UNESCO-recognized heritage value; detailed site information should be read from the official UNESCO source.,,,,,ICONIC,UNESCO World Heritage Centre,,https://whc.unesco.org/en/statesparties/in/,OFFICIAL_UNESCO_LIST,2026-09-11,PUBLISHED_SOURCE_REFERENCE
IN-02126,Red Fort Complex,Rajasthan,,,World Heritage Site,WORLD_HERITAGE,UNESCO World Heritage property in India.,UNESCO-recognized heritage value; detailed site information should be read from the official UNESCO source.,,,,,ICONIC,UNESCO World Heritage Centre,,https://whc.unesco.org/en/statesparties/in/,OFFICIAL_UNESCO_LIST,2026-09-11,PUBLISHED_SOURCE_REFERENCE
IN-02127,Sacred Ensembles of the Hoysalas,Karnataka,,,World Heritage Site,WORLD_HERITAGE,UNESCO World Heritage property in India.,UNESCO-recognized heritage value; detailed site information should be read from the official UNESCO source.,,,,,ICONIC,UNESCO World Heritage Centre,,https://whc.unesco.org/en/statesparties/in/,OFFICIAL_UNESCO_LIST,2026-09-11,PUBLISHED_SOURCE_REFERENCE
IN-02128,Santiniketan,West Bengal,,,World Heritage Site,WORLD_HERITAGE,UNESCO World Heritage property in India.,UNESCO-recognized heritage value; detailed site information should be read from the official UNESCO source.,,,,,ICONIC,UNESCO World Heritage Centre,,https://whc.unesco.org/en/statesparties/in/,OFFICIAL_UNESCO_LIST,2026-09-11,PUBLISHED_SOURCE_REFERENCE
IN-02129,"Sun Temple, Konârak",Odisha,,,World Heritage Site,WORLD_HERITAGE,UNESCO World Heritage property in India.,UNESCO-recognized heritage value; detailed site information should be read from the official UNESCO source.,,,,,ICONIC,UNESCO World Heritage Centre,,https://whc.unesco.org/en/statesparties/in/,OFFICIAL_UNESCO_LIST,2026-09-11,PUBLISHED_SOURCE_REFERENCE
IN-02130,Taj Mahal,Uttar Pradesh,,,World Heritage Site,WORLD_HERITAGE,UNESCO World Heritage property in India.,UNESCO-recognized heritage value; detailed site information should be read from the official UNESCO source.,,,,,ICONIC,UNESCO World Heritage Centre,,https://whc.unesco.org/en/statesparties/in/,OFFICIAL_UNESCO_LIST,2026-09-11,PUBLISHED_SOURCE_REFERENCE
IN-02131,"The Architectural Work of Le Corbusier, an Outstanding Contribution to the Modern Movement",Chandigarh,,,World Heritage Site,WORLD_HERITAGE,UNESCO World Heritage property in India.,UNESCO-recognized heritage value; detailed site information should be read from the official UNESCO source.,,,,,ICONIC,UNESCO World Heritage Centre,,https://whc.unesco.org/en/statesparties/in/,OFFICIAL_UNESCO_LIST,2026-09-11,PUBLISHED_SOURCE_REFERENCE
IN-02132,"The Jantar Mantar, Jaipur",Rajasthan,,,World Heritage Site,WORLD_HERITAGE,UNESCO World Heritage property in India.,UNESCO-recognized heritage value; detailed site information should be read from the official UNESCO source.,,,,,ICONIC,UNESCO World Heritage Centre,,https://whc.unesco.org/en/statesparties/in/,OFFICIAL_UNESCO_LIST,2026-09-11,PUBLISHED_SOURCE_REFERENCE
IN-02133,Victorian Gothic and Art Deco Ensembles of Mumbai,Maharashtra,,,World Heritage Site,WORLD_HERITAGE,UNESCO World Heritage property in India.,UNESCO-recognized heritage value; detailed site information should be read from the official UNESCO source.,,,,,ICONIC,UNESCO World Heritage Centre,,https://whc.unesco.org/en/statesparties/in/,OFFICIAL_UNESCO_LIST,2026-09-11,PUBLISHED_SOURCE_REFERENCE
