asset_id,asset_type,name,district,category,photo_strategy,wikipedia_api_url,wikipedia_search_url,wikimedia_commons_search_url,info_strategy,photo_match_rule
MH-F-001,FORT,Ahmednagar Fort,Ahilyanagar,FORT, — ,https://en.wikipedia.org/w/api.php,https://en.wikipedia.org/wiki/Special:Search?search=Ahmednagar+Fort,,Live Wikipedia extract when an exact/strong destination match exists; otherwise use registry fields and mark missing values PENDING,Wikipedia lead image first; Wikimedia Commons exact-name fallback
MH-F-002,FORT,Akluj Fort,Solapur,FORT, — ,https://en.wikipedia.org/w/api.php,https://en.wikipedia.org/wiki/Special:Search?search=Akluj+Fort,,Live Wikipedia extract when an exact/strong destination match exists; otherwise use registry fields and mark missing values PENDING,Wikipedia lead image first; Wikimedia Commons exact-name fallback
MH-F-003,FORT,Ambagar Fort,Bhandara,FORT, — ,https://en.wikipedia.org/w/api.php,https://en.wikipedia.org/wiki/Special:Search?search=Ambagar+Fort,,Live Wikipedia extract when an exact/strong destination match exists; otherwise use registry fields and mark missing values PENDING,Wikipedia lead image first; Wikimedia Commons exact-name fallback
MH-F-004,FORT,Daulatabad / Devgiri Fort,Chhatrapati Sambhajinagar,FORT, — ,https://en.wikipedia.org/w/api.php,https://en.wikipedia.org/wiki/Special:Search?search=Daulatabad+/+Devgiri+Fort,,Live Wikipedia extract when an exact/strong destination match exists; otherwise use registry fields and mark missing values PENDING,Wikipedia lead image first; Wikimedia Commons exact-name fallback
MH-F-005,FORT,Gawilgad Fort,Amravati,FORT, — ,https://en.wikipedia.org/w/api.php,https://en.wikipedia.org/wiki/Special:Search?search=Gawilgad+Fort,,Live Wikipedia extract when an exact/strong destination match exists; otherwise use registry fields and mark missing values PENDING,Wikipedia lead image first; Wikimedia Commons exact-name fallback
MH-F-006,FORT,Harishchandragad Fort,Ahilyanagar,FORT, — ,https://en.wikipedia.org/w/api.php,https://en.wikipedia.org/wiki/Special:Search?search=Harishchandragad+Fort,,Live Wikipedia extract when an exact/strong destination match exists; otherwise use registry fields and mark missing values PENDING,Wikipedia lead image first; Wikimedia Commons exact-name fallback
MH-F-007,FORT,Jaigad Fort,Ratnagiri,FORT, — ,https://en.wikipedia.org/w/api.php,https://en.wikipedia.org/wiki/Special:Search?search=Jaigad+Fort,,Live Wikipedia extract when an exact/strong destination match exists; otherwise use registry fields and mark missing values PENDING,Wikipedia lead image first; Wikimedia Commons exact-name fallback
MH-F-008,FORT,Kandhar Fort,Nanded,FORT, — ,https://en.wikipedia.org/w/api.php,https://en.wikipedia.org/wiki/Special:Search?search=Kandhar+Fort,,Live Wikipedia extract when an exact/strong destination match exists; otherwise use registry fields and mark missing values PENDING,Wikipedia lead image first; Wikimedia Commons exact-name fallback
MH-F-009,FORT,Laling Fort,Dhule,FORT, — ,https://en.wikipedia.org/w/api.php,https://en.wikipedia.org/wiki/Special:Search?search=Laling+Fort,,Live Wikipedia extract when an exact/strong destination match exists; otherwise use registry fields and mark missing values PENDING,Wikipedia lead image first; Wikimedia Commons exact-name fallback
MH-F-010,FORT,Lohagad Fort,Pune,FORT, — ,https://en.wikipedia.org/w/api.php,https://en.wikipedia.org/wiki/Special:Search?search=Lohagad+Fort,,Live Wikipedia extract when an exact/strong destination match exists; otherwise use registry fields and mark missing values PENDING,Wikipedia lead image first; Wikimedia Commons exact-name fallback
MH-F-011,FORT,Murud-Janjira Fort,Raigad,FORT, — ,https://en.wikipedia.org/w/api.php,https://en.wikipedia.org/wiki/Special:Search?search=Murud-Janjira+Fort,,Live Wikipedia extract when an exact/strong destination match exists; otherwise use registry fields and mark missing values PENDING,Wikipedia lead image first; Wikimedia Commons exact-name fallback
MH-F-012,FORT,Nagardhan Fort,Nagpur,FORT, — ,https://en.wikipedia.org/w/api.php,https://en.wikipedia.org/wiki/Special:Search?search=Nagardhan+Fort,,Live Wikipedia extract when an exact/strong destination match exists; otherwise use registry fields and mark missing values PENDING,Wikipedia lead image first; Wikimedia Commons exact-name fallback
MH-F-013,FORT,Naldurg Fort,Dharashiv,FORT, — ,https://en.wikipedia.org/w/api.php,https://en.wikipedia.org/wiki/Special:Search?search=Naldurg+Fort,,Live Wikipedia extract when an exact/strong destination match exists; otherwise use registry fields and mark missing values PENDING,Wikipedia lead image first; Wikimedia Commons exact-name fallback
MH-F-014,FORT,Narnala Fort,Akola,FORT, — ,https://en.wikipedia.org/w/api.php,https://en.wikipedia.org/wiki/Special:Search?search=Narnala+Fort,,Live Wikipedia extract when an exact/strong destination match exists; otherwise use registry fields and mark missing values PENDING,Wikipedia lead image first; Wikimedia Commons exact-name fallback
MH-F-015,FORT,Panhala Fort,Kolhapur,FORT, — ,https://en.wikipedia.org/w/api.php,https://en.wikipedia.org/wiki/Special:Search?search=Panhala+Fort,,Live Wikipedia extract when an exact/strong destination match exists; otherwise use registry fields and mark missing values PENDING,Wikipedia lead image first; Wikimedia Commons exact-name fallback
MH-F-016,FORT,Pauni Fort,Bhandara,FORT, — ,https://en.wikipedia.org/w/api.php,https://en.wikipedia.org/wiki/Special:Search?search=Pauni+Fort,,Live Wikipedia extract when an exact/strong destination match exists; otherwise use registry fields and mark missing values PENDING,Wikipedia lead image first; Wikimedia Commons exact-name fallback
MH-F-017,FORT,Pratapgad Fort,Satara,FORT, — ,https://en.wikipedia.org/w/api.php,https://en.wikipedia.org/wiki/Special:Search?search=Pratapgad+Fort,,Live Wikipedia extract when an exact/strong destination match exists; otherwise use registry fields and mark missing values PENDING,Wikipedia lead image first; Wikimedia Commons exact-name fallback
MH-F-018,FORT,Purandar Fort,Pune,FORT, — ,https://en.wikipedia.org/w/api.php,https://en.wikipedia.org/wiki/Special:Search?search=Purandar+Fort,,Live Wikipedia extract when an exact/strong destination match exists; otherwise use registry fields and mark missing values PENDING,Wikipedia lead image first; Wikimedia Commons exact-name fallback
MH-F-019,FORT,Rajgad Fort,Pune,FORT, — ,https://en.wikipedia.org/w/api.php,https://en.wikipedia.org/wiki/Special:Search?search=Rajgad+Fort,,Live Wikipedia extract when an exact/strong destination match exists; otherwise use registry fields and mark missing values PENDING,Wikipedia lead image first; Wikimedia Commons exact-name fallback
MH-F-020,FORT,Sajjangad Fort,Satara,FORT, — ,https://en.wikipedia.org/w/api.php,https://en.wikipedia.org/wiki/Special:Search?search=Sajjangad+Fort,,Live Wikipedia extract when an exact/strong destination match exists; otherwise use registry fields and mark missing values PENDING,Wikipedia lead image first; Wikimedia Commons exact-name fallback
MH-F-021,FORT,Shivneri Fort,Pune,FORT, — ,https://en.wikipedia.org/w/api.php,https://en.wikipedia.org/wiki/Special:Search?search=Shivneri+Fort,,Live Wikipedia extract when an exact/strong destination match exists; otherwise use registry fields and mark missing values PENDING,Wikipedia lead image first; Wikimedia Commons exact-name fallback
MH-F-022,FORT,Sindhudurg Fort,Sindhudurg,FORT, — ,https://en.wikipedia.org/w/api.php,https://en.wikipedia.org/wiki/Special:Search?search=Sindhudurg+Fort,,Live Wikipedia extract when an exact/strong destination match exists; otherwise use registry fields and mark missing values PENDING,Wikipedia lead image first; Wikimedia Commons exact-name fallback
MH-F-023,FORT,Sinhagad Fort,Pune,FORT, — ,https://en.wikipedia.org/w/api.php,https://en.wikipedia.org/wiki/Special:Search?search=Sinhagad+Fort,,Live Wikipedia extract when an exact/strong destination match exists; otherwise use registry fields and mark missing values PENDING,Wikipedia lead image first; Wikimedia Commons exact-name fallback
MH-F-024,FORT,Torna Fort,Pune,FORT, — ,https://en.wikipedia.org/w/api.php,https://en.wikipedia.org/wiki/Special:Search?search=Torna+Fort,,Live Wikipedia extract when an exact/strong destination match exists; otherwise use registry fields and mark missing values PENDING,Wikipedia lead image first; Wikimedia Commons exact-name fallback
MH-F-025,FORT,Vasai Fort,Palghar,FORT, — ,https://en.wikipedia.org/w/api.php,https://en.wikipedia.org/wiki/Special:Search?search=Vasai+Fort,,Live Wikipedia extract when an exact/strong destination match exists; otherwise use registry fields and mark missing values PENDING,Wikipedia lead image first; Wikimedia Commons exact-name fallback
MH-F-026,FORT,Vijaydurg Fort,Sindhudurg,FORT, — ,https://en.wikipedia.org/w/api.php,https://en.wikipedia.org/wiki/Special:Search?search=Vijaydurg+Fort,,Live Wikipedia extract when an exact/strong destination match exists; otherwise use registry fields and mark missing values PENDING,Wikipedia lead image first; Wikimedia Commons exact-name fallback
MH-F-027,FORT,Vishalgad Fort,Kolhapur,FORT, — ,https://en.wikipedia.org/w/api.php,https://en.wikipedia.org/wiki/Special:Search?search=Vishalgad+Fort,,Live Wikipedia extract when an exact/strong destination match exists; otherwise use registry fields and mark missing values PENDING,Wikipedia lead image first; Wikimedia Commons exact-name fallback
MH-F-028,FORT,Shirgaon Fort,Palghar,FORT, — ,https://en.wikipedia.org/w/api.php,https://en.wikipedia.org/wiki/Special:Search?search=Shirgaon+Fort,,Live Wikipedia extract when an exact/strong destination match exists; otherwise use registry fields and mark missing values PENDING,Wikipedia lead image first; Wikimedia Commons exact-name fallback
MH-F-029,FORT,Bhudargad Fort,Kolhapur,FORT, — ,https://en.wikipedia.org/w/api.php,https://en.wikipedia.org/wiki/Special:Search?search=Bhudargad+Fort,,Live Wikipedia extract when an exact/strong destination match exists; otherwise use registry fields and mark missing values PENDING,Wikipedia lead image first; Wikimedia Commons exact-name fallback
MH-F-030,FORT,Kharda Fort,Ahilyanagar,FORT, — ,https://en.wikipedia.org/w/api.php,https://en.wikipedia.org/wiki/Special:Search?search=Kharda+Fort,,Live Wikipedia extract when an exact/strong destination match exists; otherwise use registry fields and mark missing values PENDING,Wikipedia lead image first; Wikimedia Commons exact-name fallback
MH-F-031,FORT,Galana Fort,Nashik,FORT, — ,https://en.wikipedia.org/w/api.php,https://en.wikipedia.org/wiki/Special:Search?search=Galana+Fort,,Live Wikipedia extract when an exact/strong destination match exists; otherwise use registry fields and mark missing values PENDING,Wikipedia lead image first; Wikimedia Commons exact-name fallback
MH-F-032,FORT,Ambagad Fort,Bhandara,FORT, — ,https://en.wikipedia.org/w/api.php,https://en.wikipedia.org/wiki/Special:Search?search=Ambagad+Fort,,Live Wikipedia extract when an exact/strong destination match exists; otherwise use registry fields and mark missing values PENDING,Wikipedia lead image first; Wikimedia Commons exact-name fallback
MH-F-033,FORT,Manikgad Fort,Chandrapur,FORT, — ,https://en.wikipedia.org/w/api.php,https://en.wikipedia.org/wiki/Special:Search?search=Manikgad+Fort,,Live Wikipedia extract when an exact/strong destination match exists; otherwise use registry fields and mark missing values PENDING,Wikipedia lead image first; Wikimedia Commons exact-name fallback
MH-F-034,FORT,Antur Fort,Chhatrapati Sambhajinagar,FORT, — ,https://en.wikipedia.org/w/api.php,https://en.wikipedia.org/wiki/Special:Search?search=Antur+Fort,,Live Wikipedia extract when an exact/strong destination match exists; otherwise use registry fields and mark missing values PENDING,Wikipedia lead image first; Wikimedia Commons exact-name fallback
MH-F-035,FORT,Paranda Fort,Dharashiv,FORT, — ,https://en.wikipedia.org/w/api.php,https://en.wikipedia.org/wiki/Special:Search?search=Paranda+Fort,,Live Wikipedia extract when an exact/strong destination match exists; otherwise use registry fields and mark missing values PENDING,Wikipedia lead image first; Wikimedia Commons exact-name fallback
MH-F-036,FORT,Dharur Fort,Beed,FORT, — ,https://en.wikipedia.org/w/api.php,https://en.wikipedia.org/wiki/Special:Search?search=Dharur+Fort,,Live Wikipedia extract when an exact/strong destination match exists; otherwise use registry fields and mark missing values PENDING,Wikipedia lead image first; Wikimedia Commons exact-name fallback
MH-F-037,FORT,Ausa Fort,Latur,FORT, — ,https://en.wikipedia.org/w/api.php,https://en.wikipedia.org/wiki/Special:Search?search=Ausa+Fort,,Live Wikipedia extract when an exact/strong destination match exists; otherwise use registry fields and mark missing values PENDING,Wikipedia lead image first; Wikimedia Commons exact-name fallback
MH-F-038,FORT,Mahur Fort,Nanded,FORT, — ,https://en.wikipedia.org/w/api.php,https://en.wikipedia.org/wiki/Special:Search?search=Mahur+Fort,,Live Wikipedia extract when an exact/strong destination match exists; otherwise use registry fields and mark missing values PENDING,Wikipedia lead image first; Wikimedia Commons exact-name fallback
MH-F-039,FORT,Purngad Fort,Ratnagiri,FORT, — ,https://en.wikipedia.org/w/api.php,https://en.wikipedia.org/wiki/Special:Search?search=Purngad+Fort,,Live Wikipedia extract when an exact/strong destination match exists; otherwise use registry fields and mark missing values PENDING,Wikipedia lead image first; Wikimedia Commons exact-name fallback
MH-F-040,FORT,Bankot Fort,Ratnagiri,FORT, — ,https://en.wikipedia.org/w/api.php,https://en.wikipedia.org/wiki/Special:Search?search=Bankot+Fort,,Live Wikipedia extract when an exact/strong destination match exists; otherwise use registry fields and mark missing values PENDING,Wikipedia lead image first; Wikimedia Commons exact-name fallback
MH-F-041,FORT,Underi Fort,Raigad,FORT, — ,https://en.wikipedia.org/w/api.php,https://en.wikipedia.org/wiki/Special:Search?search=Underi+Fort,,Live Wikipedia extract when an exact/strong destination match exists; otherwise use registry fields and mark missing values PENDING,Wikipedia lead image first; Wikimedia Commons exact-name fallback
MH-F-042,FORT,Yashwantgad Fort,Sindhudurg,FORT, — ,https://en.wikipedia.org/w/api.php,https://en.wikipedia.org/wiki/Special:Search?search=Yashwantgad+Fort,,Live Wikipedia extract when an exact/strong destination match exists; otherwise use registry fields and mark missing values PENDING,Wikipedia lead image first; Wikimedia Commons exact-name fallback
MH-F-043,FORT,Bharatgad Fort,Sindhudurg,FORT, — ,https://en.wikipedia.org/w/api.php,https://en.wikipedia.org/wiki/Special:Search?search=Bharatgad+Fort,,Live Wikipedia extract when an exact/strong destination match exists; otherwise use registry fields and mark missing values PENDING,Wikipedia lead image first; Wikimedia Commons exact-name fallback
MH-F-044,FORT,Korigad Fort,Pune,FORT, — ,https://en.wikipedia.org/w/api.php,https://en.wikipedia.org/wiki/Special:Search?search=Korigad+Fort,,Live Wikipedia extract when an exact/strong destination match exists; otherwise use registry fields and mark missing values PENDING,Wikipedia lead image first; Wikimedia Commons exact-name fallback
MH-F-045,FORT,Rangana Fort,Kolhapur,FORT, — ,https://en.wikipedia.org/w/api.php,https://en.wikipedia.org/wiki/Special:Search?search=Rangana+Fort,,Live Wikipedia extract when an exact/strong destination match exists; otherwise use registry fields and mark missing values PENDING,Wikipedia lead image first; Wikimedia Commons exact-name fallback
MH-F-046,FORT,Ankai Fort,Nashik,FORT, — ,https://en.wikipedia.org/w/api.php,https://en.wikipedia.org/wiki/Special:Search?search=Ankai+Fort,,Live Wikipedia extract when an exact/strong destination match exists; otherwise use registry fields and mark missing values PENDING,Wikipedia lead image first; Wikimedia Commons exact-name fallback
MH-F-047,FORT,Tankai Fort,Nashik,FORT, — ,https://en.wikipedia.org/w/api.php,https://en.wikipedia.org/wiki/Special:Search?search=Tankai+Fort,,Live Wikipedia extract when an exact/strong destination match exists; otherwise use registry fields and mark missing values PENDING,Wikipedia lead image first; Wikimedia Commons exact-name fallback
MH-F-048,FORT,Salher Fort,Nashik,FORT, — ,https://en.wikipedia.org/w/api.php,https://en.wikipedia.org/wiki/Special:Search?search=Salher+Fort,,Live Wikipedia extract when an exact/strong destination match exists; otherwise use registry fields and mark missing values PENDING,Wikipedia lead image first; Wikimedia Commons exact-name fallback
MH-F-049,FORT,Mulher Fort,Nashik,FORT, — ,https://en.wikipedia.org/w/api.php,https://en.wikipedia.org/wiki/Special:Search?search=Mulher+Fort,,Live Wikipedia extract when an exact/strong destination match exists; otherwise use registry fields and mark missing values PENDING,Wikipedia lead image first; Wikimedia Commons exact-name fallback
MH-F-050,FORT,Vetalwadi Fort,Chhatrapati Sambhajinagar,FORT, — ,https://en.wikipedia.org/w/api.php,https://en.wikipedia.org/wiki/Special:Search?search=Vetalwadi+Fort,,Live Wikipedia extract when an exact/strong destination match exists; otherwise use registry fields and mark missing values PENDING,Wikipedia lead image first; Wikimedia Commons exact-name fallback
MH-F-051,FORT,Aad,,FORT, — ,https://en.wikipedia.org/w/api.php,https://en.wikipedia.org/wiki/Special:Search?search=Aad,,Live Wikipedia extract when an exact/strong destination match exists; otherwise use registry fields and mark missing values PENDING,Wikipedia lead image first; Wikimedia Commons exact-name fallback
MH-F-052,FORT,Abhasgad,,FORT, — ,https://en.wikipedia.org/w/api.php,https://en.wikipedia.org/wiki/Special:Search?search=Abhasgad,,Live Wikipedia extract when an exact/strong destination match exists; otherwise use registry fields and mark missing values PENDING,Wikipedia lead image first; Wikimedia Commons exact-name fallback
MH-F-053,FORT,Achala,Nashik,FORT, — ,https://en.wikipedia.org/w/api.php,https://en.wikipedia.org/wiki/Special:Search?search=Achala,,Live Wikipedia extract when an exact/strong destination match exists; otherwise use registry fields and mark missing values PENDING,Wikipedia lead image first; Wikimedia Commons exact-name fallback
MH-F-054,FORT,Achalpur (Ellichpur),,FORT, — ,https://en.wikipedia.org/w/api.php,https://en.wikipedia.org/wiki/Special:Search?search=Achalpur+(Ellichpur),,Live Wikipedia extract when an exact/strong destination match exists; otherwise use registry fields and mark missing values PENDING,Wikipedia lead image first; Wikimedia Commons exact-name fallback
MH-F-055,FORT,Adas,,FORT, — ,https://en.wikipedia.org/w/api.php,https://en.wikipedia.org/wiki/Special:Search?search=Adas,,Live Wikipedia extract when an exact/strong destination match exists; otherwise use registry fields and mark missing values PENDING,Wikipedia lead image first; Wikimedia Commons exact-name fallback
MH-F-056,FORT,Adgaum (Argaon),,FORT, — ,https://en.wikipedia.org/w/api.php,https://en.wikipedia.org/wiki/Special:Search?search=Adgaum+(Argaon),,Live Wikipedia extract when an exact/strong destination match exists; otherwise use registry fields and mark missing values PENDING,Wikipedia lead image first; Wikimedia Commons exact-name fallback
MH-F-057,FORT,Agashi,,FORT, — ,https://en.wikipedia.org/w/api.php,https://en.wikipedia.org/wiki/Special:Search?search=Agashi,,Live Wikipedia extract when an exact/strong destination match exists; otherwise use registry fields and mark missing values PENDING,Wikipedia lead image first; Wikimedia Commons exact-name fallback
MH-F-058,FORT,Ahiwant (Sarp/Serpant),Nashik,FORT, — ,https://en.wikipedia.org/w/api.php,https://en.wikipedia.org/wiki/Special:Search?search=Ahiwant+(Sarp/Serpant),,Live Wikipedia extract when an exact/strong destination match exists; otherwise use registry fields and mark missing values PENDING,Wikipedia lead image first; Wikimedia Commons exact-name fallback
MH-F-059,FORT,Ajare,,FORT, — ,https://en.wikipedia.org/w/api.php,https://en.wikipedia.org/wiki/Special:Search?search=Ajare,,Live Wikipedia extract when an exact/strong destination match exists; otherwise use registry fields and mark missing values PENDING,Wikipedia lead image first; Wikimedia Commons exact-name fallback
MH-F-060,FORT,Akeri,,FORT, — ,https://en.wikipedia.org/w/api.php,https://en.wikipedia.org/wiki/Special:Search?search=Akeri,,Live Wikipedia extract when an exact/strong destination match exists; otherwise use registry fields and mark missing values PENDING,Wikipedia lead image first; Wikimedia Commons exact-name fallback
MH-F-061,FORT,Akhrani,,FORT, — ,https://en.wikipedia.org/w/api.php,https://en.wikipedia.org/wiki/Special:Search?search=Akhrani,,Live Wikipedia extract when an exact/strong destination match exists; otherwise use registry fields and mark missing values PENDING,Wikipedia lead image first; Wikimedia Commons exact-name fallback
MH-F-062,FORT,Akola (Asagad/Asadgad),,FORT, — ,https://en.wikipedia.org/w/api.php,https://en.wikipedia.org/wiki/Special:Search?search=Akola+(Asagad/Asadgad),,Live Wikipedia extract when an exact/strong destination match exists; otherwise use registry fields and mark missing values PENDING,Wikipedia lead image first; Wikimedia Commons exact-name fallback
MH-F-063,FORT,Alang,Nashik,FORT, — ,https://en.wikipedia.org/w/api.php,https://en.wikipedia.org/wiki/Special:Search?search=Alang,,Live Wikipedia extract when an exact/strong destination match exists; otherwise use registry fields and mark missing values PENDING,Wikipedia lead image first; Wikimedia Commons exact-name fallback
MH-F-064,FORT,Alibag (Hirakot),,FORT, — ,https://en.wikipedia.org/w/api.php,https://en.wikipedia.org/wiki/Special:Search?search=Alibag+(Hirakot),,Live Wikipedia extract when an exact/strong destination match exists; otherwise use registry fields and mark missing values PENDING,Wikipedia lead image first; Wikimedia Commons exact-name fallback
MH-F-065,FORT,Amalner,,FORT, — ,https://en.wikipedia.org/w/api.php,https://en.wikipedia.org/wiki/Special:Search?search=Amalner,,Live Wikipedia extract when an exact/strong destination match exists; otherwise use registry fields and mark missing values PENDING,Wikipedia lead image first; Wikimedia Commons exact-name fallback
MH-F-066,FORT,Ambagadh,,FORT, — ,https://en.wikipedia.org/w/api.php,https://en.wikipedia.org/wiki/Special:Search?search=Ambagadh,,Live Wikipedia extract when an exact/strong destination match exists; otherwise use registry fields and mark missing values PENDING,Wikipedia lead image first; Wikimedia Commons exact-name fallback
MH-F-067,FORT,Ambi Khurd,,FORT, — ,https://en.wikipedia.org/w/api.php,https://en.wikipedia.org/wiki/Special:Search?search=Ambi+Khurd,,Live Wikipedia extract when an exact/strong destination match exists; otherwise use registry fields and mark missing values PENDING,Wikipedia lead image first; Wikimedia Commons exact-name fallback
MH-F-068,FORT,Ambolgad,,FORT, — ,https://en.wikipedia.org/w/api.php,https://en.wikipedia.org/wiki/Special:Search?search=Ambolgad,,Live Wikipedia extract when an exact/strong destination match exists; otherwise use registry fields and mark missing values PENDING,Wikipedia lead image first; Wikimedia Commons exact-name fallback
MH-F-069,FORT,Amner (Jilpi),,FORT, — ,https://en.wikipedia.org/w/api.php,https://en.wikipedia.org/wiki/Special:Search?search=Amner+(Jilpi),,Live Wikipedia extract when an exact/strong destination match exists; otherwise use registry fields and mark missing values PENDING,Wikipedia lead image first; Wikimedia Commons exact-name fallback
MH-F-070,FORT,Andhalgaum,,FORT, — ,https://en.wikipedia.org/w/api.php,https://en.wikipedia.org/wiki/Special:Search?search=Andhalgaum,,Live Wikipedia extract when an exact/strong destination match exists; otherwise use registry fields and mark missing values PENDING,Wikipedia lead image first; Wikimedia Commons exact-name fallback
MH-F-071,FORT,Anjaneri,Nashik,FORT, — ,https://en.wikipedia.org/w/api.php,https://en.wikipedia.org/wiki/Special:Search?search=Anjaneri,,Live Wikipedia extract when an exact/strong destination match exists; otherwise use registry fields and mark missing values PENDING,Wikipedia lead image first; Wikimedia Commons exact-name fallback
MH-F-072,FORT,Anjanvel (Gopalgad),Ratnagiri,FORT, — ,https://en.wikipedia.org/w/api.php,https://en.wikipedia.org/wiki/Special:Search?search=Anjanvel+(Gopalgad),,Live Wikipedia extract when an exact/strong destination match exists; otherwise use registry fields and mark missing values PENDING,Wikipedia lead image first; Wikimedia Commons exact-name fallback
MH-F-073,FORT,Arnala,Palghar,FORT, — ,https://en.wikipedia.org/w/api.php,https://en.wikipedia.org/wiki/Special:Search?search=Arnala,,Live Wikipedia extract when an exact/strong destination match exists; otherwise use registry fields and mark missing values PENDING,Wikipedia lead image first; Wikimedia Commons exact-name fallback
MH-F-074,FORT,Asava (Ashagad/Asavagad),,FORT, — ,https://en.wikipedia.org/w/api.php,https://en.wikipedia.org/wiki/Special:Search?search=Asava+(Ashagad/Asavagad),,Live Wikipedia extract when an exact/strong destination match exists; otherwise use registry fields and mark missing values PENDING,Wikipedia lead image first; Wikimedia Commons exact-name fallback
MH-F-075,FORT,Asheri,Palghar,FORT, — ,https://en.wikipedia.org/w/api.php,https://en.wikipedia.org/wiki/Special:Search?search=Asheri,,Live Wikipedia extract when an exact/strong destination match exists; otherwise use registry fields and mark missing values PENDING,Wikipedia lead image first; Wikimedia Commons exact-name fallback
MH-F-076,FORT,Assaye,,FORT, — ,https://en.wikipedia.org/w/api.php,https://en.wikipedia.org/wiki/Special:Search?search=Assaye,,Live Wikipedia extract when an exact/strong destination match exists; otherwise use registry fields and mark missing values PENDING,Wikipedia lead image first; Wikimedia Commons exact-name fallback
MH-F-077,FORT,Aundh,,FORT, — ,https://en.wikipedia.org/w/api.php,https://en.wikipedia.org/wiki/Special:Search?search=Aundh,,Live Wikipedia extract when an exact/strong destination match exists; otherwise use registry fields and mark missing values PENDING,Wikipedia lead image first; Wikimedia Commons exact-name fallback
MH-F-078,FORT,Aundha (Avandha),,FORT, — ,https://en.wikipedia.org/w/api.php,https://en.wikipedia.org/wiki/Special:Search?search=Aundha+(Avandha),,Live Wikipedia extract when an exact/strong destination match exists; otherwise use registry fields and mark missing values PENDING,Wikipedia lead image first; Wikimedia Commons exact-name fallback
MH-F-079,FORT,Avachtigad (Medha),Raigad,FORT, — ,https://en.wikipedia.org/w/api.php,https://en.wikipedia.org/wiki/Special:Search?search=Avachtigad+(Medha),,Live Wikipedia extract when an exact/strong destination match exists; otherwise use registry fields and mark missing values PENDING,Wikipedia lead image first; Wikimedia Commons exact-name fallback
MH-F-080,FORT,Avandha (Aundha),,FORT, — ,https://en.wikipedia.org/w/api.php,https://en.wikipedia.org/wiki/Special:Search?search=Avandha+(Aundha),,Live Wikipedia extract when an exact/strong destination match exists; otherwise use registry fields and mark missing values PENDING,Wikipedia lead image first; Wikimedia Commons exact-name fallback
MH-F-081,FORT,Avre,,FORT, — ,https://en.wikipedia.org/w/api.php,https://en.wikipedia.org/wiki/Special:Search?search=Avre,,Live Wikipedia extract when an exact/strong destination match exists; otherwise use registry fields and mark missing values PENDING,Wikipedia lead image first; Wikimedia Commons exact-name fallback
MH-F-082,FORT,Badanera,,FORT, — ,https://en.wikipedia.org/w/api.php,https://en.wikipedia.org/wiki/Special:Search?search=Badanera,,Live Wikipedia extract when an exact/strong destination match exists; otherwise use registry fields and mark missing values PENDING,Wikipedia lead image first; Wikimedia Commons exact-name fallback
MH-F-083,FORT,Bagni,,FORT, — ,https://en.wikipedia.org/w/api.php,https://en.wikipedia.org/wiki/Special:Search?search=Bagni,,Live Wikipedia extract when an exact/strong destination match exists; otherwise use registry fields and mark missing values PENDING,Wikipedia lead image first; Wikimedia Commons exact-name fallback
MH-F-084,FORT,Bahadurwadi,,FORT, — ,https://en.wikipedia.org/w/api.php,https://en.wikipedia.org/wiki/Special:Search?search=Bahadurwadi,,Live Wikipedia extract when an exact/strong destination match exists; otherwise use registry fields and mark missing values PENDING,Wikipedia lead image first; Wikimedia Commons exact-name fallback
MH-F-085,FORT,Bahem,,FORT, — ,https://en.wikipedia.org/w/api.php,https://en.wikipedia.org/wiki/Special:Search?search=Bahem,,Live Wikipedia extract when an exact/strong destination match exists; otherwise use registry fields and mark missing values PENDING,Wikipedia lead image first; Wikimedia Commons exact-name fallback
MH-F-086,FORT,Bahiravgad (Bhai Ramgad/Bairamgad/Saramja),,FORT, — ,https://en.wikipedia.org/w/api.php,https://en.wikipedia.org/wiki/Special:Search?search=Bahiravgad+(Bhai+Ramgad/Bairamgad/Saramja),,Live Wikipedia extract when an exact/strong destination match exists; otherwise use registry fields and mark missing values PENDING,Wikipedia lead image first; Wikimedia Commons exact-name fallback
MH-F-087,FORT,Bahirgad,,FORT, — ,https://en.wikipedia.org/w/api.php,https://en.wikipedia.org/wiki/Special:Search?search=Bahirgad,,Live Wikipedia extract when an exact/strong destination match exists; otherwise use registry fields and mark missing values PENDING,Wikipedia lead image first; Wikimedia Commons exact-name fallback
MH-F-088,FORT,Bahula,,FORT, — ,https://en.wikipedia.org/w/api.php,https://en.wikipedia.org/wiki/Special:Search?search=Bahula,,Live Wikipedia extract when an exact/strong destination match exists; otherwise use registry fields and mark missing values PENDING,Wikipedia lead image first; Wikimedia Commons exact-name fallback
MH-F-089,FORT,Baitulawadi (Vetalwadi/Baitalwadi),,FORT, — ,https://en.wikipedia.org/w/api.php,https://en.wikipedia.org/wiki/Special:Search?search=Baitulawadi+(Vetalwadi/Baitalwadi),,Live Wikipedia extract when an exact/strong destination match exists; otherwise use registry fields and mark missing values PENDING,Wikipedia lead image first; Wikimedia Commons exact-name fallback
MH-F-090,FORT,Balapur,,FORT, — ,https://en.wikipedia.org/w/api.php,https://en.wikipedia.org/wiki/Special:Search?search=Balapur,,Live Wikipedia extract when an exact/strong destination match exists; otherwise use registry fields and mark missing values PENDING,Wikipedia lead image first; Wikimedia Commons exact-name fallback
MH-F-091,FORT,Ballalgad,,FORT, — ,https://en.wikipedia.org/w/api.php,https://en.wikipedia.org/wiki/Special:Search?search=Ballalgad,,Live Wikipedia extract when an exact/strong destination match exists; otherwise use registry fields and mark missing values PENDING,Wikipedia lead image first; Wikimedia Commons exact-name fallback
MH-F-092,FORT,Ballalpur,,FORT, — ,https://en.wikipedia.org/w/api.php,https://en.wikipedia.org/wiki/Special:Search?search=Ballalpur,,Live Wikipedia extract when an exact/strong destination match exists; otherwise use registry fields and mark missing values PENDING,Wikipedia lead image first; Wikimedia Commons exact-name fallback
MH-F-093,FORT,Balwantgad,,FORT, — ,https://en.wikipedia.org/w/api.php,https://en.wikipedia.org/wiki/Special:Search?search=Balwantgad,,Live Wikipedia extract when an exact/strong destination match exists; otherwise use registry fields and mark missing values PENDING,Wikipedia lead image first; Wikimedia Commons exact-name fallback
MH-F-094,FORT,Bande,,FORT, — ,https://en.wikipedia.org/w/api.php,https://en.wikipedia.org/wiki/Special:Search?search=Bande,,Live Wikipedia extract when an exact/strong destination match exists; otherwise use registry fields and mark missing values PENDING,Wikipedia lead image first; Wikimedia Commons exact-name fallback
MH-F-095,FORT,Baramati,,FORT, — ,https://en.wikipedia.org/w/api.php,https://en.wikipedia.org/wiki/Special:Search?search=Baramati,,Live Wikipedia extract when an exact/strong destination match exists; otherwise use registry fields and mark missing values PENDING,Wikipedia lead image first; Wikimedia Commons exact-name fallback
MH-F-096,FORT,Basgad,,FORT, — ,https://en.wikipedia.org/w/api.php,https://en.wikipedia.org/wiki/Special:Search?search=Basgad,,Live Wikipedia extract when an exact/strong destination match exists; otherwise use registry fields and mark missing values PENDING,Wikipedia lead image first; Wikimedia Commons exact-name fallback
MH-F-097,FORT,Bavda (Gagangad),,FORT, — ,https://en.wikipedia.org/w/api.php,https://en.wikipedia.org/wiki/Special:Search?search=Bavda+(Gagangad),,Live Wikipedia extract when an exact/strong destination match exists; otherwise use registry fields and mark missing values PENDING,Wikipedia lead image first; Wikimedia Commons exact-name fallback
MH-F-098,FORT,Bavdhan,,FORT, — ,https://en.wikipedia.org/w/api.php,https://en.wikipedia.org/wiki/Special:Search?search=Bavdhan,,Live Wikipedia extract when an exact/strong destination match exists; otherwise use registry fields and mark missing values PENDING,Wikipedia lead image first; Wikimedia Commons exact-name fallback
MH-F-099,FORT,Belapur,,FORT, — ,https://en.wikipedia.org/w/api.php,https://en.wikipedia.org/wiki/Special:Search?search=Belapur,,Live Wikipedia extract when an exact/strong destination match exists; otherwise use registry fields and mark missing values PENDING,Wikipedia lead image first; Wikimedia Commons exact-name fallback
MH-F-100,FORT,Betavad,,FORT, — ,https://en.wikipedia.org/w/api.php,https://en.wikipedia.org/wiki/Special:Search?search=Betavad,,Live Wikipedia extract when an exact/strong destination match exists; otherwise use registry fields and mark missing values PENDING,Wikipedia lead image first; Wikimedia Commons exact-name fallback
MH-F-101,FORT,Bhagwantgad,,FORT, — ,https://en.wikipedia.org/w/api.php,https://en.wikipedia.org/wiki/Special:Search?search=Bhagwantgad,,Live Wikipedia extract when an exact/strong destination match exists; otherwise use registry fields and mark missing values PENDING,Wikipedia lead image first; Wikimedia Commons exact-name fallback
MH-F-102,FORT,Bhairavgad (Bhairamgad),,FORT, — ,https://en.wikipedia.org/w/api.php,https://en.wikipedia.org/wiki/Special:Search?search=Bhairavgad+(Bhairamgad),,Live Wikipedia extract when an exact/strong destination match exists; otherwise use registry fields and mark missing values PENDING,Wikipedia lead image first; Wikimedia Commons exact-name fallback
MH-F-103,FORT,Bhairavgad,Satara,FORT, — ,https://en.wikipedia.org/w/api.php,https://en.wikipedia.org/wiki/Special:Search?search=Bhairavgad,,Live Wikipedia extract when an exact/strong destination match exists; otherwise use registry fields and mark missing values PENDING,Wikipedia lead image first; Wikimedia Commons exact-name fallback
MH-F-104,FORT,Bhamer,Dhule,FORT, — ,https://en.wikipedia.org/w/api.php,https://en.wikipedia.org/wiki/Special:Search?search=Bhamer,,Live Wikipedia extract when an exact/strong destination match exists; otherwise use registry fields and mark missing values PENDING,Wikipedia lead image first; Wikimedia Commons exact-name fallback
MH-F-105,FORT,Bhamragad,,FORT, — ,https://en.wikipedia.org/w/api.php,https://en.wikipedia.org/wiki/Special:Search?search=Bhamragad,,Live Wikipedia extract when an exact/strong destination match exists; otherwise use registry fields and mark missing values PENDING,Wikipedia lead image first; Wikimedia Commons exact-name fallback
MH-F-106,FORT,Bhana Hivra,,FORT, — ,https://en.wikipedia.org/w/api.php,https://en.wikipedia.org/wiki/Special:Search?search=Bhana+Hivra,,Live Wikipedia extract when an exact/strong destination match exists; otherwise use registry fields and mark missing values PENDING,Wikipedia lead image first; Wikimedia Commons exact-name fallback
MH-F-107,FORT,Bhandara (Behnor),,FORT, — ,https://en.wikipedia.org/w/api.php,https://en.wikipedia.org/wiki/Special:Search?search=Bhandara+(Behnor),,Live Wikipedia extract when an exact/strong destination match exists; otherwise use registry fields and mark missing values PENDING,Wikipedia lead image first; Wikimedia Commons exact-name fallback
MH-F-108,FORT,Bhandargad,,FORT, — ,https://en.wikipedia.org/w/api.php,https://en.wikipedia.org/wiki/Special:Search?search=Bhandargad,,Live Wikipedia extract when an exact/strong destination match exists; otherwise use registry fields and mark missing values PENDING,Wikipedia lead image first; Wikimedia Commons exact-name fallback
MH-F-109,FORT,Bhaskargad (Basgad),Nashik,FORT, — ,https://en.wikipedia.org/w/api.php,https://en.wikipedia.org/wiki/Special:Search?search=Bhaskargad+(Basgad),,Live Wikipedia extract when an exact/strong destination match exists; otherwise use registry fields and mark missing values PENDING,Wikipedia lead image first; Wikimedia Commons exact-name fallback
MH-F-110,FORT,Bhavangad,,FORT, — ,https://en.wikipedia.org/w/api.php,https://en.wikipedia.org/wiki/Special:Search?search=Bhavangad,,Live Wikipedia extract when an exact/strong destination match exists; otherwise use registry fields and mark missing values PENDING,Wikipedia lead image first; Wikimedia Commons exact-name fallback
MH-F-111,FORT,Bhimgad,,FORT, — ,https://en.wikipedia.org/w/api.php,https://en.wikipedia.org/wiki/Special:Search?search=Bhimgad,,Live Wikipedia extract when an exact/strong destination match exists; otherwise use registry fields and mark missing values PENDING,Wikipedia lead image first; Wikimedia Commons exact-name fallback
MH-F-112,FORT,Bhivagad (Gaurkamat),,FORT, — ,https://en.wikipedia.org/w/api.php,https://en.wikipedia.org/wiki/Special:Search?search=Bhivagad+(Gaurkamat),,Live Wikipedia extract when an exact/strong destination match exists; otherwise use registry fields and mark missing values PENDING,Wikipedia lead image first; Wikimedia Commons exact-name fallback
MH-F-113,FORT,Bhopalgad,,FORT, — ,https://en.wikipedia.org/w/api.php,https://en.wikipedia.org/wiki/Special:Search?search=Bhopalgad,,Live Wikipedia extract when an exact/strong destination match exists; otherwise use registry fields and mark missing values PENDING,Wikipedia lead image first; Wikimedia Commons exact-name fallback
MH-F-114,FORT,Bhorgad,,FORT, — ,https://en.wikipedia.org/w/api.php,https://en.wikipedia.org/wiki/Special:Search?search=Bhorgad,,Live Wikipedia extract when an exact/strong destination match exists; otherwise use registry fields and mark missing values PENDING,Wikipedia lead image first; Wikimedia Commons exact-name fallback
MH-F-115,FORT,Bhupalgad,,FORT, — ,https://en.wikipedia.org/w/api.php,https://en.wikipedia.org/wiki/Special:Search?search=Bhupalgad,,Live Wikipedia extract when an exact/strong destination match exists; otherwise use registry fields and mark missing values PENDING,Wikipedia lead image first; Wikimedia Commons exact-name fallback
MH-F-116,FORT,Bhupatgad (Bhopatgad),Palghar,FORT, — ,https://en.wikipedia.org/w/api.php,https://en.wikipedia.org/wiki/Special:Search?search=Bhupatgad+(Bhopatgad),,Live Wikipedia extract when an exact/strong destination match exists; otherwise use registry fields and mark missing values PENDING,Wikipedia lead image first; Wikimedia Commons exact-name fallback
MH-F-117,FORT,Bhushangad,,FORT, — ,https://en.wikipedia.org/w/api.php,https://en.wikipedia.org/wiki/Special:Search?search=Bhushangad,,Live Wikipedia extract when an exact/strong destination match exists; otherwise use registry fields and mark missing values PENDING,Wikipedia lead image first; Wikimedia Commons exact-name fallback
MH-F-118,FORT,Birwadi,Raigad,FORT, — ,https://en.wikipedia.org/w/api.php,https://en.wikipedia.org/wiki/Special:Search?search=Birwadi,,Live Wikipedia extract when an exact/strong destination match exists; otherwise use registry fields and mark missing values PENDING,Wikipedia lead image first; Wikimedia Commons exact-name fallback
MH-F-119,FORT,Bitangad,Nashik,FORT, — ,https://en.wikipedia.org/w/api.php,https://en.wikipedia.org/wiki/Special:Search?search=Bitangad,,Live Wikipedia extract when an exact/strong destination match exists; otherwise use registry fields and mark missing values PENDING,Wikipedia lead image first; Wikimedia Commons exact-name fallback
MH-F-120,FORT,Bodvad,,FORT, — ,https://en.wikipedia.org/w/api.php,https://en.wikipedia.org/wiki/Special:Search?search=Bodvad,,Live Wikipedia extract when an exact/strong destination match exists; otherwise use registry fields and mark missing values PENDING,Wikipedia lead image first; Wikimedia Commons exact-name fallback
MH-F-121,FORT,Bombay,,FORT, — ,https://en.wikipedia.org/w/api.php,https://en.wikipedia.org/wiki/Special:Search?search=Bombay,,Live Wikipedia extract when an exact/strong destination match exists; otherwise use registry fields and mark missing values PENDING,Wikipedia lead image first; Wikimedia Commons exact-name fallback
MH-F-122,FORT,Borale,,FORT, — ,https://en.wikipedia.org/w/api.php,https://en.wikipedia.org/wiki/Special:Search?search=Borale,,Live Wikipedia extract when an exact/strong destination match exists; otherwise use registry fields and mark missing values PENDING,Wikipedia lead image first; Wikimedia Commons exact-name fallback
MH-F-123,FORT,Borgaum,,FORT, — ,https://en.wikipedia.org/w/api.php,https://en.wikipedia.org/wiki/Special:Search?search=Borgaum,,Live Wikipedia extract when an exact/strong destination match exists; otherwise use registry fields and mark missing values PENDING,Wikipedia lead image first; Wikimedia Commons exact-name fallback
MH-F-124,FORT,Bhorgiri,,FORT, — ,https://en.wikipedia.org/w/api.php,https://en.wikipedia.org/wiki/Special:Search?search=Bhorgiri,,Live Wikipedia extract when an exact/strong destination match exists; otherwise use registry fields and mark missing values PENDING,Wikipedia lead image first; Wikimedia Commons exact-name fallback
MH-F-125,FORT,Chakan (Islamabad/Sangramgad/Vikramgad),,FORT, — ,https://en.wikipedia.org/w/api.php,https://en.wikipedia.org/wiki/Special:Search?search=Chakan+(Islamabad/Sangramgad/Vikramgad),,Live Wikipedia extract when an exact/strong destination match exists; otherwise use registry fields and mark missing values PENDING,Wikipedia lead image first; Wikimedia Commons exact-name fallback
MH-F-126,FORT,Chambhargad,,FORT, — ,https://en.wikipedia.org/w/api.php,https://en.wikipedia.org/wiki/Special:Search?search=Chambhargad,,Live Wikipedia extract when an exact/strong destination match exists; otherwise use registry fields and mark missing values PENDING,Wikipedia lead image first; Wikimedia Commons exact-name fallback
MH-F-127,FORT,Chandan,Satara,FORT, — ,https://en.wikipedia.org/w/api.php,https://en.wikipedia.org/wiki/Special:Search?search=Chandan,,Live Wikipedia extract when an exact/strong destination match exists; otherwise use registry fields and mark missing values PENDING,Wikipedia lead image first; Wikimedia Commons exact-name fallback
MH-F-128,FORT,Chanderi,,FORT, — ,https://en.wikipedia.org/w/api.php,https://en.wikipedia.org/wiki/Special:Search?search=Chanderi,,Live Wikipedia extract when an exact/strong destination match exists; otherwise use registry fields and mark missing values PENDING,Wikipedia lead image first; Wikimedia Commons exact-name fallback
MH-F-129,FORT,Chandgad,,FORT, — ,https://en.wikipedia.org/w/api.php,https://en.wikipedia.org/wiki/Special:Search?search=Chandgad,,Live Wikipedia extract when an exact/strong destination match exists; otherwise use registry fields and mark missing values PENDING,Wikipedia lead image first; Wikimedia Commons exact-name fallback
MH-F-130,FORT,Chandpur,,FORT, — ,https://en.wikipedia.org/w/api.php,https://en.wikipedia.org/wiki/Special:Search?search=Chandpur,,Live Wikipedia extract when an exact/strong destination match exists; otherwise use registry fields and mark missing values PENDING,Wikipedia lead image first; Wikimedia Commons exact-name fallback
MH-F-131,FORT,Chandragad,,FORT, — ,https://en.wikipedia.org/w/api.php,https://en.wikipedia.org/wiki/Special:Search?search=Chandragad,,Live Wikipedia extract when an exact/strong destination match exists; otherwise use registry fields and mark missing values PENDING,Wikipedia lead image first; Wikimedia Commons exact-name fallback
MH-F-132,FORT,Chandrapur (Gonddurg/Chanderi/Chanda),,FORT, — ,https://en.wikipedia.org/w/api.php,https://en.wikipedia.org/wiki/Special:Search?search=Chandrapur+(Gonddurg/Chanderi/Chanda),,Live Wikipedia extract when an exact/strong destination match exists; otherwise use registry fields and mark missing values PENDING,Wikipedia lead image first; Wikimedia Commons exact-name fallback
MH-F-133,FORT,Chandvad,,FORT, — ,https://en.wikipedia.org/w/api.php,https://en.wikipedia.org/wiki/Special:Search?search=Chandvad,,Live Wikipedia extract when an exact/strong destination match exists; otherwise use registry fields and mark missing values PENDING,Wikipedia lead image first; Wikimedia Commons exact-name fallback
MH-F-134,FORT,Chatale,,FORT, — ,https://en.wikipedia.org/w/api.php,https://en.wikipedia.org/wiki/Special:Search?search=Chatale,,Live Wikipedia extract when an exact/strong destination match exists; otherwise use registry fields and mark missing values PENDING,Wikipedia lead image first; Wikimedia Commons exact-name fallback
MH-F-135,FORT,Chaul (Agarkot/Palm Garden),,FORT, — ,https://en.wikipedia.org/w/api.php,https://en.wikipedia.org/wiki/Special:Search?search=Chaul+(Agarkot/Palm+Garden),,Live Wikipedia extract when an exact/strong destination match exists; otherwise use registry fields and mark missing values PENDING,Wikipedia lead image first; Wikimedia Commons exact-name fallback
MH-F-136,FORT,Chauler (Tilwan),,FORT, — ,https://en.wikipedia.org/w/api.php,https://en.wikipedia.org/wiki/Special:Search?search=Chauler+(Tilwan),,Live Wikipedia extract when an exact/strong destination match exists; otherwise use registry fields and mark missing values PENDING,Wikipedia lead image first; Wikimedia Commons exact-name fallback
MH-F-137,FORT,Chaugaum,,FORT, — ,https://en.wikipedia.org/w/api.php,https://en.wikipedia.org/wiki/Special:Search?search=Chaugaum,,Live Wikipedia extract when an exact/strong destination match exists; otherwise use registry fields and mark missing values PENDING,Wikipedia lead image first; Wikimedia Commons exact-name fallback
MH-F-138,FORT,Chavand (Jund/Prassanagad),,FORT, — ,https://en.wikipedia.org/w/api.php,https://en.wikipedia.org/wiki/Special:Search?search=Chavand+(Jund/Prassanagad),,Live Wikipedia extract when an exact/strong destination match exists; otherwise use registry fields and mark missing values PENDING,Wikipedia lead image first; Wikimedia Commons exact-name fallback
MH-F-139,FORT,Chimur,,FORT, — ,https://en.wikipedia.org/w/api.php,https://en.wikipedia.org/wiki/Special:Search?search=Chimur,,Live Wikipedia extract when an exact/strong destination match exists; otherwise use registry fields and mark missing values PENDING,Wikipedia lead image first; Wikimedia Commons exact-name fallback
MH-F-140,FORT,Chinchgad,,FORT, — ,https://en.wikipedia.org/w/api.php,https://en.wikipedia.org/wiki/Special:Search?search=Chinchgad,,Live Wikipedia extract when an exact/strong destination match exists; otherwise use registry fields and mark missing values PENDING,Wikipedia lead image first; Wikimedia Commons exact-name fallback
MH-F-141,FORT,Chinchani,,FORT, — ,https://en.wikipedia.org/w/api.php,https://en.wikipedia.org/wiki/Special:Search?search=Chinchani,,Live Wikipedia extract when an exact/strong destination match exists; otherwise use registry fields and mark missing values PENDING,Wikipedia lead image first; Wikimedia Commons exact-name fallback
MH-F-142,FORT,Chopda (Mustafabad),,FORT, — ,https://en.wikipedia.org/w/api.php,https://en.wikipedia.org/wiki/Special:Search?search=Chopda+(Mustafabad),,Live Wikipedia extract when an exact/strong destination match exists; otherwise use registry fields and mark missing values PENDING,Wikipedia lead image first; Wikimedia Commons exact-name fallback
MH-F-143,FORT,Dabhol,,FORT, — ,https://en.wikipedia.org/w/api.php,https://en.wikipedia.org/wiki/Special:Search?search=Dabhol,,Live Wikipedia extract when an exact/strong destination match exists; otherwise use registry fields and mark missing values PENDING,Wikipedia lead image first; Wikimedia Commons exact-name fallback
MH-F-144,FORT,Dahanu,,FORT, — ,https://en.wikipedia.org/w/api.php,https://en.wikipedia.org/wiki/Special:Search?search=Dahanu,,Live Wikipedia extract when an exact/strong destination match exists; otherwise use registry fields and mark missing values PENDING,Wikipedia lead image first; Wikimedia Commons exact-name fallback
MH-F-145,FORT,Danda,,FORT, — ,https://en.wikipedia.org/w/api.php,https://en.wikipedia.org/wiki/Special:Search?search=Danda,,Live Wikipedia extract when an exact/strong destination match exists; otherwise use registry fields and mark missing values PENDING,Wikipedia lead image first; Wikimedia Commons exact-name fallback
MH-F-146,FORT,Danda Rajpuri,,FORT, — ,https://en.wikipedia.org/w/api.php,https://en.wikipedia.org/wiki/Special:Search?search=Danda+Rajpuri,,Live Wikipedia extract when an exact/strong destination match exists; otherwise use registry fields and mark missing values PENDING,Wikipedia lead image first; Wikimedia Commons exact-name fallback
MH-F-147,FORT,Danda Rajapur,,FORT, — ,https://en.wikipedia.org/w/api.php,https://en.wikipedia.org/wiki/Special:Search?search=Danda+Rajapur,,Live Wikipedia extract when an exact/strong destination match exists; otherwise use registry fields and mark missing values PENDING,Wikipedia lead image first; Wikimedia Commons exact-name fallback
MH-F-148,FORT,Dategad (Sudergad/Ghera Dategad),Satara,FORT, — ,https://en.wikipedia.org/w/api.php,https://en.wikipedia.org/wiki/Special:Search?search=Dategad+(Sudergad/Ghera+Dategad),,Live Wikipedia extract when an exact/strong destination match exists; otherwise use registry fields and mark missing values PENDING,Wikipedia lead image first; Wikimedia Commons exact-name fallback
MH-F-149,FORT,Dativre,Palghar,FORT, — ,https://en.wikipedia.org/w/api.php,https://en.wikipedia.org/wiki/Special:Search?search=Dativre,,Live Wikipedia extract when an exact/strong destination match exists; otherwise use registry fields and mark missing values PENDING,Wikipedia lead image first; Wikimedia Commons exact-name fallback
MH-F-150,FORT,Daulatmangal (Bhuleshwar),,FORT, — ,https://en.wikipedia.org/w/api.php,https://en.wikipedia.org/wiki/Special:Search?search=Daulatmangal+(Bhuleshwar),,Live Wikipedia extract when an exact/strong destination match exists; otherwise use registry fields and mark missing values PENDING,Wikipedia lead image first; Wikimedia Commons exact-name fallback
MH-F-151,FORT,Dehra (Bhorgad/Rajdehr),,FORT, — ,https://en.wikipedia.org/w/api.php,https://en.wikipedia.org/wiki/Special:Search?search=Dehra+(Bhorgad/Rajdehr),,Live Wikipedia extract when an exact/strong destination match exists; otherwise use registry fields and mark missing values PENDING,Wikipedia lead image first; Wikimedia Commons exact-name fallback
MH-F-152,FORT,Deoli,,FORT, — ,https://en.wikipedia.org/w/api.php,https://en.wikipedia.org/wiki/Special:Search?search=Deoli,,Live Wikipedia extract when an exact/strong destination match exists; otherwise use registry fields and mark missing values PENDING,Wikipedia lead image first; Wikimedia Commons exact-name fallback
MH-F-153,FORT,Dermal,Nashik,FORT, — ,https://en.wikipedia.org/w/api.php,https://en.wikipedia.org/wiki/Special:Search?search=Dermal,,Live Wikipedia extract when an exact/strong destination match exists; otherwise use registry fields and mark missing values PENDING,Wikipedia lead image first; Wikimedia Commons exact-name fallback
MH-F-154,FORT,Devgad,,FORT, — ,https://en.wikipedia.org/w/api.php,https://en.wikipedia.org/wiki/Special:Search?search=Devgad,,Live Wikipedia extract when an exact/strong destination match exists; otherwise use registry fields and mark missing values PENDING,Wikipedia lead image first; Wikimedia Commons exact-name fallback
MH-F-155,FORT,Devrukh,,FORT, — ,https://en.wikipedia.org/w/api.php,https://en.wikipedia.org/wiki/Special:Search?search=Devrukh,,Live Wikipedia extract when an exact/strong destination match exists; otherwise use registry fields and mark missing values PENDING,Wikipedia lead image first; Wikimedia Commons exact-name fallback
MH-F-156,FORT,Dhadgaum,,FORT, — ,https://en.wikipedia.org/w/api.php,https://en.wikipedia.org/wiki/Special:Search?search=Dhadgaum,,Live Wikipedia extract when an exact/strong destination match exists; otherwise use registry fields and mark missing values PENDING,Wikipedia lead image first; Wikimedia Commons exact-name fallback
MH-F-157,FORT,Dhak (Bahiri),,FORT, — ,https://en.wikipedia.org/w/api.php,https://en.wikipedia.org/wiki/Special:Search?search=Dhak+(Bahiri),,Live Wikipedia extract when an exact/strong destination match exists; otherwise use registry fields and mark missing values PENDING,Wikipedia lead image first; Wikimedia Commons exact-name fallback
MH-F-158,FORT,Dhamnya,,FORT, — ,https://en.wikipedia.org/w/api.php,https://en.wikipedia.org/wiki/Special:Search?search=Dhamnya,,Live Wikipedia extract when an exact/strong destination match exists; otherwise use registry fields and mark missing values PENDING,Wikipedia lead image first; Wikimedia Commons exact-name fallback
MH-F-159,FORT,Dhangad (Gahangad),,FORT, — ,https://en.wikipedia.org/w/api.php,https://en.wikipedia.org/wiki/Special:Search?search=Dhangad+(Gahangad),,Live Wikipedia extract when an exact/strong destination match exists; otherwise use registry fields and mark missing values PENDING,Wikipedia lead image first; Wikimedia Commons exact-name fallback
MH-F-160,FORT,Dharavi (Kala Killa),,FORT, — ,https://en.wikipedia.org/w/api.php,https://en.wikipedia.org/wiki/Special:Search?search=Dharavi+(Kala+Killa),,Live Wikipedia extract when an exact/strong destination match exists; otherwise use registry fields and mark missing values PENDING,Wikipedia lead image first; Wikimedia Commons exact-name fallback
MH-F-161,FORT,Dharni,,FORT, — ,https://en.wikipedia.org/w/api.php,https://en.wikipedia.org/wiki/Special:Search?search=Dharni,,Live Wikipedia extract when an exact/strong destination match exists; otherwise use registry fields and mark missing values PENDING,Wikipedia lead image first; Wikimedia Commons exact-name fallback
MH-F-162,FORT,Dhule (Devpur),,FORT, — ,https://en.wikipedia.org/w/api.php,https://en.wikipedia.org/wiki/Special:Search?search=Dhule+(Devpur),,Live Wikipedia extract when an exact/strong destination match exists; otherwise use registry fields and mark missing values PENDING,Wikipedia lead image first; Wikimedia Commons exact-name fallback
MH-F-163,FORT,Dindu,,FORT, — ,https://en.wikipedia.org/w/api.php,https://en.wikipedia.org/wiki/Special:Search?search=Dindu,,Live Wikipedia extract when an exact/strong destination match exists; otherwise use registry fields and mark missing values PENDING,Wikipedia lead image first; Wikimedia Commons exact-name fallback
MH-F-164,FORT,Dondwada,,FORT, — ,https://en.wikipedia.org/w/api.php,https://en.wikipedia.org/wiki/Special:Search?search=Dondwada,,Live Wikipedia extract when an exact/strong destination match exists; otherwise use registry fields and mark missing values PENDING,Wikipedia lead image first; Wikimedia Commons exact-name fallback
MH-F-165,FORT,Dronagiri (Karanja),,FORT, — ,https://en.wikipedia.org/w/api.php,https://en.wikipedia.org/wiki/Special:Search?search=Dronagiri+(Karanja),,Live Wikipedia extract when an exact/strong destination match exists; otherwise use registry fields and mark missing values PENDING,Wikipedia lead image first; Wikimedia Commons exact-name fallback
MH-F-166,FORT,Drug,,FORT, — ,https://en.wikipedia.org/w/api.php,https://en.wikipedia.org/wiki/Special:Search?search=Drug,,Live Wikipedia extract when an exact/strong destination match exists; otherwise use registry fields and mark missing values PENDING,Wikipedia lead image first; Wikimedia Commons exact-name fallback
MH-F-167,FORT,Dudmal,,FORT, — ,https://en.wikipedia.org/w/api.php,https://en.wikipedia.org/wiki/Special:Search?search=Dudmal,,Live Wikipedia extract when an exact/strong destination match exists; otherwise use registry fields and mark missing values PENDING,Wikipedia lead image first; Wikimedia Commons exact-name fallback
MH-F-168,FORT,Dusana,,FORT, — ,https://en.wikipedia.org/w/api.php,https://en.wikipedia.org/wiki/Special:Search?search=Dusana,,Live Wikipedia extract when an exact/strong destination match exists; otherwise use registry fields and mark missing values PENDING,Wikipedia lead image first; Wikimedia Commons exact-name fallback
MH-F-169,FORT,Ekadara,,FORT, — ,https://en.wikipedia.org/w/api.php,https://en.wikipedia.org/wiki/Special:Search?search=Ekadara,,Live Wikipedia extract when an exact/strong destination match exists; otherwise use registry fields and mark missing values PENDING,Wikipedia lead image first; Wikimedia Commons exact-name fallback
MH-F-170,FORT,Elephanta (Gharapuri),,FORT, — ,https://en.wikipedia.org/w/api.php,https://en.wikipedia.org/wiki/Special:Search?search=Elephanta+(Gharapuri),,Live Wikipedia extract when an exact/strong destination match exists; otherwise use registry fields and mark missing values PENDING,Wikipedia lead image first; Wikimedia Commons exact-name fallback
MH-F-171,FORT,Fatehkheda,,FORT, — ,https://en.wikipedia.org/w/api.php,https://en.wikipedia.org/wiki/Special:Search?search=Fatehkheda,,Live Wikipedia extract when an exact/strong destination match exists; otherwise use registry fields and mark missing values PENDING,Wikipedia lead image first; Wikimedia Commons exact-name fallback
MH-F-172,FORT,Fattegad,,FORT, — ,https://en.wikipedia.org/w/api.php,https://en.wikipedia.org/wiki/Special:Search?search=Fattegad,,Live Wikipedia extract when an exact/strong destination match exists; otherwise use registry fields and mark missing values PENDING,Wikipedia lead image first; Wikimedia Commons exact-name fallback
MH-F-173,FORT,Gadhinglaj,,FORT, — ,https://en.wikipedia.org/w/api.php,https://en.wikipedia.org/wiki/Special:Search?search=Gadhinglaj,,Live Wikipedia extract when an exact/strong destination match exists; otherwise use registry fields and mark missing values PENDING,Wikipedia lead image first; Wikimedia Commons exact-name fallback
MH-F-174,FORT,Gagangad,,FORT, — ,https://en.wikipedia.org/w/api.php,https://en.wikipedia.org/wiki/Special:Search?search=Gagangad,,Live Wikipedia extract when an exact/strong destination match exists; otherwise use registry fields and mark missing values PENDING,Wikipedia lead image first; Wikimedia Commons exact-name fallback
MH-F-175,FORT,Gambhirgad,,FORT, — ,https://en.wikipedia.org/w/api.php,https://en.wikipedia.org/wiki/Special:Search?search=Gambhirgad,,Live Wikipedia extract when an exact/strong destination match exists; otherwise use registry fields and mark missing values PENDING,Wikipedia lead image first; Wikimedia Commons exact-name fallback
MH-F-176,FORT,Gandharvagad,,FORT, — ,https://en.wikipedia.org/w/api.php,https://en.wikipedia.org/wiki/Special:Search?search=Gandharvagad,,Live Wikipedia extract when an exact/strong destination match exists; otherwise use registry fields and mark missing values PENDING,Wikipedia lead image first; Wikimedia Commons exact-name fallback
MH-F-177,FORT,Ganeshdurg,,FORT, — ,https://en.wikipedia.org/w/api.php,https://en.wikipedia.org/wiki/Special:Search?search=Ganeshdurg,,Live Wikipedia extract when an exact/strong destination match exists; otherwise use registry fields and mark missing values PENDING,Wikipedia lead image first; Wikimedia Commons exact-name fallback
MH-F-178,FORT,Ghanora,,FORT, — ,https://en.wikipedia.org/w/api.php,https://en.wikipedia.org/wiki/Special:Search?search=Ghanora,,Live Wikipedia extract when an exact/strong destination match exists; otherwise use registry fields and mark missing values PENDING,Wikipedia lead image first; Wikimedia Commons exact-name fallback
MH-F-179,FORT,Ghargad (Dhargad),,FORT, — ,https://en.wikipedia.org/w/api.php,https://en.wikipedia.org/wiki/Special:Search?search=Ghargad+(Dhargad),,Live Wikipedia extract when an exact/strong destination match exists; otherwise use registry fields and mark missing values PENDING,Wikipedia lead image first; Wikimedia Commons exact-name fallback
MH-F-180,FORT,Ghodbandar,,FORT, — ,https://en.wikipedia.org/w/api.php,https://en.wikipedia.org/wiki/Special:Search?search=Ghodbandar,,Live Wikipedia extract when an exact/strong destination match exists; otherwise use registry fields and mark missing values PENDING,Wikipedia lead image first; Wikimedia Commons exact-name fallback
MH-F-181,FORT,Ghosalgad (Ghosale),,FORT, — ,https://en.wikipedia.org/w/api.php,https://en.wikipedia.org/wiki/Special:Search?search=Ghosalgad+(Ghosale),,Live Wikipedia extract when an exact/strong destination match exists; otherwise use registry fields and mark missing values PENDING,Wikipedia lead image first; Wikimedia Commons exact-name fallback
MH-F-182,FORT,Gorakhgad,Thane,FORT, — ,https://en.wikipedia.org/w/api.php,https://en.wikipedia.org/wiki/Special:Search?search=Gorakhgad,,Live Wikipedia extract when an exact/strong destination match exists; otherwise use registry fields and mark missing values PENDING,Wikipedia lead image first; Wikimedia Commons exact-name fallback
MH-F-183,FORT,Govagad,,FORT, — ,https://en.wikipedia.org/w/api.php,https://en.wikipedia.org/wiki/Special:Search?search=Govagad,,Live Wikipedia extract when an exact/strong destination match exists; otherwise use registry fields and mark missing values PENDING,Wikipedia lead image first; Wikimedia Commons exact-name fallback
MH-F-184,FORT,Gumtara,,FORT, — ,https://en.wikipedia.org/w/api.php,https://en.wikipedia.org/wiki/Special:Search?search=Gumtara,,Live Wikipedia extract when an exact/strong destination match exists; otherwise use registry fields and mark missing values PENDING,Wikipedia lead image first; Wikimedia Commons exact-name fallback
MH-F-185,FORT,Gunwantgad (Morgiri),,FORT, — ,https://en.wikipedia.org/w/api.php,https://en.wikipedia.org/wiki/Special:Search?search=Gunwantgad+(Morgiri),,Live Wikipedia extract when an exact/strong destination match exists; otherwise use registry fields and mark missing values PENDING,Wikipedia lead image first; Wikimedia Commons exact-name fallback
MH-F-186,FORT,Hadsar (Parvatgad),,FORT, — ,https://en.wikipedia.org/w/api.php,https://en.wikipedia.org/wiki/Special:Search?search=Hadsar+(Parvatgad),,Live Wikipedia extract when an exact/strong destination match exists; otherwise use registry fields and mark missing values PENDING,Wikipedia lead image first; Wikimedia Commons exact-name fallback
MH-F-187,FORT,Hanumangad (Manchigad/Bijarnigad),,FORT, — ,https://en.wikipedia.org/w/api.php,https://en.wikipedia.org/wiki/Special:Search?search=Hanumangad+(Manchigad/Bijarnigad),,Live Wikipedia extract when an exact/strong destination match exists; otherwise use registry fields and mark missing values PENDING,Wikipedia lead image first; Wikimedia Commons exact-name fallback
MH-F-188,FORT,Hanumangad,,FORT, — ,https://en.wikipedia.org/w/api.php,https://en.wikipedia.org/wiki/Special:Search?search=Hanumangad,,Live Wikipedia extract when an exact/strong destination match exists; otherwise use registry fields and mark missing values PENDING,Wikipedia lead image first; Wikimedia Commons exact-name fallback
MH-F-189,FORT,Hargad,,FORT, — ,https://en.wikipedia.org/w/api.php,https://en.wikipedia.org/wiki/Special:Search?search=Hargad,,Live Wikipedia extract when an exact/strong destination match exists; otherwise use registry fields and mark missing values PENDING,Wikipedia lead image first; Wikimedia Commons exact-name fallback
MH-F-190,FORT,Harihar,Nashik,FORT, — ,https://en.wikipedia.org/w/api.php,https://en.wikipedia.org/wiki/Special:Search?search=Harihar,,Live Wikipedia extract when an exact/strong destination match exists; otherwise use registry fields and mark missing values PENDING,Wikipedia lead image first; Wikimedia Commons exact-name fallback
MH-F-191,FORT,Harshgad (Harishgad),,FORT, — ,https://en.wikipedia.org/w/api.php,https://en.wikipedia.org/wiki/Special:Search?search=Harshgad+(Harishgad),,Live Wikipedia extract when an exact/strong destination match exists; otherwise use registry fields and mark missing values PENDING,Wikipedia lead image first; Wikimedia Commons exact-name fallback
MH-F-192,FORT,Hatgad,Nashik,FORT, — ,https://en.wikipedia.org/w/api.php,https://en.wikipedia.org/wiki/Special:Search?search=Hatgad,,Live Wikipedia extract when an exact/strong destination match exists; otherwise use registry fields and mark missing values PENDING,Wikipedia lead image first; Wikimedia Commons exact-name fallback
MH-F-193,FORT,Helvak,,FORT, — ,https://en.wikipedia.org/w/api.php,https://en.wikipedia.org/wiki/Special:Search?search=Helvak,,Live Wikipedia extract when an exact/strong destination match exists; otherwise use registry fields and mark missing values PENDING,Wikipedia lead image first; Wikimedia Commons exact-name fallback
MH-F-194,FORT,Hindola,,FORT, — ,https://en.wikipedia.org/w/api.php,https://en.wikipedia.org/wiki/Special:Search?search=Hindola,,Live Wikipedia extract when an exact/strong destination match exists; otherwise use registry fields and mark missing values PENDING,Wikipedia lead image first; Wikimedia Commons exact-name fallback
MH-F-195,FORT,Hingana,,FORT, — ,https://en.wikipedia.org/w/api.php,https://en.wikipedia.org/wiki/Special:Search?search=Hingana,,Live Wikipedia extract when an exact/strong destination match exists; otherwise use registry fields and mark missing values PENDING,Wikipedia lead image first; Wikimedia Commons exact-name fallback
MH-F-196,FORT,Indragad,,FORT, — ,https://en.wikipedia.org/w/api.php,https://en.wikipedia.org/wiki/Special:Search?search=Indragad,,Live Wikipedia extract when an exact/strong destination match exists; otherwise use registry fields and mark missing values PENDING,Wikipedia lead image first; Wikimedia Commons exact-name fallback
MH-F-197,FORT,Indrai (Indragad),Nashik,FORT, — ,https://en.wikipedia.org/w/api.php,https://en.wikipedia.org/wiki/Special:Search?search=Indrai+(Indragad),,Live Wikipedia extract when an exact/strong destination match exists; otherwise use registry fields and mark missing values PENDING,Wikipedia lead image first; Wikimedia Commons exact-name fallback
MH-F-198,FORT,Indori,,FORT, — ,https://en.wikipedia.org/w/api.php,https://en.wikipedia.org/wiki/Special:Search?search=Indori,,Live Wikipedia extract when an exact/strong destination match exists; otherwise use registry fields and mark missing values PENDING,Wikipedia lead image first; Wikimedia Commons exact-name fallback
MH-F-199,FORT,Jalna,,FORT, — ,https://en.wikipedia.org/w/api.php,https://en.wikipedia.org/wiki/Special:Search?search=Jalna,,Live Wikipedia extract when an exact/strong destination match exists; otherwise use registry fields and mark missing values PENDING,Wikipedia lead image first; Wikimedia Commons exact-name fallback
MH-F-200,FORT,Jallalkheda,,FORT, — ,https://en.wikipedia.org/w/api.php,https://en.wikipedia.org/wiki/Special:Search?search=Jallalkheda,,Live Wikipedia extract when an exact/strong destination match exists; otherwise use registry fields and mark missing values PENDING,Wikipedia lead image first; Wikimedia Commons exact-name fallback
MH-F-201,FORT,Jamba,,FORT, — ,https://en.wikipedia.org/w/api.php,https://en.wikipedia.org/wiki/Special:Search?search=Jamba,,Live Wikipedia extract when an exact/strong destination match exists; otherwise use registry fields and mark missing values PENDING,Wikipedia lead image first; Wikimedia Commons exact-name fallback
MH-F-202,FORT,Jamgaum,,FORT, — ,https://en.wikipedia.org/w/api.php,https://en.wikipedia.org/wiki/Special:Search?search=Jamgaum,,Live Wikipedia extract when an exact/strong destination match exists; otherwise use registry fields and mark missing values PENDING,Wikipedia lead image first; Wikimedia Commons exact-name fallback
MH-F-203,FORT,Jamner,,FORT, — ,https://en.wikipedia.org/w/api.php,https://en.wikipedia.org/wiki/Special:Search?search=Jamner,,Live Wikipedia extract when an exact/strong destination match exists; otherwise use registry fields and mark missing values PENDING,Wikipedia lead image first; Wikimedia Commons exact-name fallback
MH-F-204,FORT,Jangli Jaygad,Satara,FORT, — ,https://en.wikipedia.org/w/api.php,https://en.wikipedia.org/wiki/Special:Search?search=Jangli+Jaygad,,Live Wikipedia extract when an exact/strong destination match exists; otherwise use registry fields and mark missing values PENDING,Wikipedia lead image first; Wikimedia Commons exact-name fallback
MH-F-205,FORT,Javlya,,FORT, — ,https://en.wikipedia.org/w/api.php,https://en.wikipedia.org/wiki/Special:Search?search=Javlya,,Live Wikipedia extract when an exact/strong destination match exists; otherwise use registry fields and mark missing values PENDING,Wikipedia lead image first; Wikimedia Commons exact-name fallback
MH-F-206,FORT,Jivdhan,Pune,FORT, — ,https://en.wikipedia.org/w/api.php,https://en.wikipedia.org/wiki/Special:Search?search=Jivdhan,,Live Wikipedia extract when an exact/strong destination match exists; otherwise use registry fields and mark missing values PENDING,Wikipedia lead image first; Wikimedia Commons exact-name fallback
MH-F-207,FORT,Jintur,,FORT, — ,https://en.wikipedia.org/w/api.php,https://en.wikipedia.org/wiki/Special:Search?search=Jintur,,Live Wikipedia extract when an exact/strong destination match exists; otherwise use registry fields and mark missing values PENDING,Wikipedia lead image first; Wikimedia Commons exact-name fallback
MH-F-208,FORT,Junnar,,FORT, — ,https://en.wikipedia.org/w/api.php,https://en.wikipedia.org/wiki/Special:Search?search=Junnar,,Live Wikipedia extract when an exact/strong destination match exists; otherwise use registry fields and mark missing values PENDING,Wikipedia lead image first; Wikimedia Commons exact-name fallback
MH-F-209,FORT,Juna Panhala,,FORT, — ,https://en.wikipedia.org/w/api.php,https://en.wikipedia.org/wiki/Special:Search?search=Juna+Panhala,,Live Wikipedia extract when an exact/strong destination match exists; otherwise use registry fields and mark missing values PENDING,Wikipedia lead image first; Wikimedia Commons exact-name fallback
MH-F-210,FORT,Kachan,,FORT, — ,https://en.wikipedia.org/w/api.php,https://en.wikipedia.org/wiki/Special:Search?search=Kachan,,Live Wikipedia extract when an exact/strong destination match exists; otherwise use registry fields and mark missing values PENDING,Wikipedia lead image first; Wikimedia Commons exact-name fallback
MH-F-211,FORT,Kada,,FORT, — ,https://en.wikipedia.org/w/api.php,https://en.wikipedia.org/wiki/Special:Search?search=Kada,,Live Wikipedia extract when an exact/strong destination match exists; otherwise use registry fields and mark missing values PENDING,Wikipedia lead image first; Wikimedia Commons exact-name fallback
MH-F-212,FORT,Kagal,,FORT, — ,https://en.wikipedia.org/w/api.php,https://en.wikipedia.org/wiki/Special:Search?search=Kagal,,Live Wikipedia extract when an exact/strong destination match exists; otherwise use registry fields and mark missing values PENDING,Wikipedia lead image first; Wikimedia Commons exact-name fallback
MH-F-213,FORT,Kailashgad,,FORT, — ,https://en.wikipedia.org/w/api.php,https://en.wikipedia.org/wiki/Special:Search?search=Kailashgad,,Live Wikipedia extract when an exact/strong destination match exists; otherwise use registry fields and mark missing values PENDING,Wikipedia lead image first; Wikimedia Commons exact-name fallback
MH-F-214,FORT,Kajagad (Lokhandi Killa),,FORT, — ,https://en.wikipedia.org/w/api.php,https://en.wikipedia.org/wiki/Special:Search?search=Kajagad+(Lokhandi+Killa),,Live Wikipedia extract when an exact/strong destination match exists; otherwise use registry fields and mark missing values PENDING,Wikipedia lead image first; Wikimedia Commons exact-name fallback
MH-F-215,FORT,Kaldurg,Palghar,FORT, — ,https://en.wikipedia.org/w/api.php,https://en.wikipedia.org/wiki/Special:Search?search=Kaldurg,,Live Wikipedia extract when an exact/strong destination match exists; otherwise use registry fields and mark missing values PENDING,Wikipedia lead image first; Wikimedia Commons exact-name fallback
MH-F-216,FORT,Kalam (Kalamb/Kolambi),,FORT, — ,https://en.wikipedia.org/w/api.php,https://en.wikipedia.org/wiki/Special:Search?search=Kalam+(Kalamb/Kolambi),,Live Wikipedia extract when an exact/strong destination match exists; otherwise use registry fields and mark missing values PENDING,Wikipedia lead image first; Wikimedia Commons exact-name fallback
MH-F-217,FORT,Kalanidhigad,,FORT, — ,https://en.wikipedia.org/w/api.php,https://en.wikipedia.org/wiki/Special:Search?search=Kalanidhigad,,Live Wikipedia extract when an exact/strong destination match exists; otherwise use registry fields and mark missing values PENDING,Wikipedia lead image first; Wikimedia Commons exact-name fallback
MH-F-218,FORT,Kalyan (Durgadi),,FORT, — ,https://en.wikipedia.org/w/api.php,https://en.wikipedia.org/wiki/Special:Search?search=Kalyan+(Durgadi),,Live Wikipedia extract when an exact/strong destination match exists; otherwise use registry fields and mark missing values PENDING,Wikipedia lead image first; Wikimedia Commons exact-name fallback
MH-F-219,FORT,Kamalgad,Satara,FORT, — ,https://en.wikipedia.org/w/api.php,https://en.wikipedia.org/wiki/Special:Search?search=Kamalgad,,Live Wikipedia extract when an exact/strong destination match exists; otherwise use registry fields and mark missing values PENDING,Wikipedia lead image first; Wikimedia Commons exact-name fallback
MH-F-220,FORT,Kamandurg,,FORT, — ,https://en.wikipedia.org/w/api.php,https://en.wikipedia.org/wiki/Special:Search?search=Kamandurg,,Live Wikipedia extract when an exact/strong destination match exists; otherwise use registry fields and mark missing values PENDING,Wikipedia lead image first; Wikimedia Commons exact-name fallback
MH-F-221,FORT,Kamsagad (Padamdurg),,FORT, — ,https://en.wikipedia.org/w/api.php,https://en.wikipedia.org/wiki/Special:Search?search=Kamsagad+(Padamdurg),,Live Wikipedia extract when an exact/strong destination match exists; otherwise use registry fields and mark missing values PENDING,Wikipedia lead image first; Wikimedia Commons exact-name fallback
MH-F-222,FORT,Kamtekot,,FORT, — ,https://en.wikipedia.org/w/api.php,https://en.wikipedia.org/wiki/Special:Search?search=Kamtekot,,Live Wikipedia extract when an exact/strong destination match exists; otherwise use registry fields and mark missing values PENDING,Wikipedia lead image first; Wikimedia Commons exact-name fallback
MH-F-223,FORT,Kamtha,,FORT, — ,https://en.wikipedia.org/w/api.php,https://en.wikipedia.org/wiki/Special:Search?search=Kamtha,,Live Wikipedia extract when an exact/strong destination match exists; otherwise use registry fields and mark missing values PENDING,Wikipedia lead image first; Wikimedia Commons exact-name fallback
MH-F-224,FORT,Kanchana,,FORT, — ,https://en.wikipedia.org/w/api.php,https://en.wikipedia.org/wiki/Special:Search?search=Kanchana,,Live Wikipedia extract when an exact/strong destination match exists; otherwise use registry fields and mark missing values PENDING,Wikipedia lead image first; Wikimedia Commons exact-name fallback
MH-F-225,FORT,Kankrala (Kankadi),,FORT, — ,https://en.wikipedia.org/w/api.php,https://en.wikipedia.org/wiki/Special:Search?search=Kankrala+(Kankadi),,Live Wikipedia extract when an exact/strong destination match exists; otherwise use registry fields and mark missing values PENDING,Wikipedia lead image first; Wikimedia Commons exact-name fallback
MH-F-226,FORT,Kanhergad (Kanhira),,FORT, — ,https://en.wikipedia.org/w/api.php,https://en.wikipedia.org/wiki/Special:Search?search=Kanhergad+(Kanhira),,Live Wikipedia extract when an exact/strong destination match exists; otherwise use registry fields and mark missing values PENDING,Wikipedia lead image first; Wikimedia Commons exact-name fallback
MH-F-227,FORT,Kanheri (Kanhera/Kanherigad),,FORT, — ,https://en.wikipedia.org/w/api.php,https://en.wikipedia.org/wiki/Special:Search?search=Kanheri+(Kanhera/Kanherigad),,Live Wikipedia extract when an exact/strong destination match exists; otherwise use registry fields and mark missing values PENDING,Wikipedia lead image first; Wikimedia Commons exact-name fallback
MH-F-228,FORT,Kankadri (Kantra/Kandas),,FORT, — ,https://en.wikipedia.org/w/api.php,https://en.wikipedia.org/wiki/Special:Search?search=Kankadri+(Kantra/Kandas),,Live Wikipedia extract when an exact/strong destination match exists; otherwise use registry fields and mark missing values PENDING,Wikipedia lead image first; Wikimedia Commons exact-name fallback
MH-F-229,FORT,Kanakdurg,,FORT, — ,https://en.wikipedia.org/w/api.php,https://en.wikipedia.org/wiki/Special:Search?search=Kanakdurg,,Live Wikipedia extract when an exact/strong destination match exists; otherwise use registry fields and mark missing values PENDING,Wikipedia lead image first; Wikimedia Commons exact-name fallback
MH-F-230,FORT,Kanvai,Nashik,FORT, — ,https://en.wikipedia.org/w/api.php,https://en.wikipedia.org/wiki/Special:Search?search=Kanvai,,Live Wikipedia extract when an exact/strong destination match exists; otherwise use registry fields and mark missing values PENDING,Wikipedia lead image first; Wikimedia Commons exact-name fallback
MH-F-231,FORT,Kanhera,,FORT, — ,https://en.wikipedia.org/w/api.php,https://en.wikipedia.org/wiki/Special:Search?search=Kanhera,,Live Wikipedia extract when an exact/strong destination match exists; otherwise use registry fields and mark missing values PENDING,Wikipedia lead image first; Wikimedia Commons exact-name fallback
MH-F-232,FORT,Karad,,FORT, — ,https://en.wikipedia.org/w/api.php,https://en.wikipedia.org/wiki/Special:Search?search=Karad,,Live Wikipedia extract when an exact/strong destination match exists; otherwise use registry fields and mark missing values PENDING,Wikipedia lead image first; Wikimedia Commons exact-name fallback
MH-F-233,FORT,Karanja,,FORT, — ,https://en.wikipedia.org/w/api.php,https://en.wikipedia.org/wiki/Special:Search?search=Karanja,,Live Wikipedia extract when an exact/strong destination match exists; otherwise use registry fields and mark missing values PENDING,Wikipedia lead image first; Wikimedia Commons exact-name fallback
MH-F-234,FORT,Karhe,,FORT, — ,https://en.wikipedia.org/w/api.php,https://en.wikipedia.org/wiki/Special:Search?search=Karhe,,Live Wikipedia extract when an exact/strong destination match exists; otherwise use registry fields and mark missing values PENDING,Wikipedia lead image first; Wikimedia Commons exact-name fallback
MH-F-235,FORT,Karmala,,FORT, — ,https://en.wikipedia.org/w/api.php,https://en.wikipedia.org/wiki/Special:Search?search=Karmala,,Live Wikipedia extract when an exact/strong destination match exists; otherwise use registry fields and mark missing values PENDING,Wikipedia lead image first; Wikimedia Commons exact-name fallback
MH-F-236,FORT,Karanala,Raigad,FORT, — ,https://en.wikipedia.org/w/api.php,https://en.wikipedia.org/wiki/Special:Search?search=Karanala,,Live Wikipedia extract when an exact/strong destination match exists; otherwise use registry fields and mark missing values PENDING,Wikipedia lead image first; Wikimedia Commons exact-name fallback
MH-F-237,FORT,Katol,,FORT, — ,https://en.wikipedia.org/w/api.php,https://en.wikipedia.org/wiki/Special:Search?search=Katol,,Live Wikipedia extract when an exact/strong destination match exists; otherwise use registry fields and mark missing values PENDING,Wikipedia lead image first; Wikimedia Commons exact-name fallback
MH-F-238,FORT,Katragad,,FORT, — ,https://en.wikipedia.org/w/api.php,https://en.wikipedia.org/wiki/Special:Search?search=Katragad,,Live Wikipedia extract when an exact/strong destination match exists; otherwise use registry fields and mark missing values PENDING,Wikipedia lead image first; Wikimedia Commons exact-name fallback
MH-F-239,FORT,Kaula Killa,,FORT, — ,https://en.wikipedia.org/w/api.php,https://en.wikipedia.org/wiki/Special:Search?search=Kaula+Killa,,Live Wikipedia extract when an exact/strong destination match exists; otherwise use registry fields and mark missing values PENDING,Wikipedia lead image first; Wikimedia Commons exact-name fallback
MH-F-240,FORT,Kauthe,,FORT, — ,https://en.wikipedia.org/w/api.php,https://en.wikipedia.org/wiki/Special:Search?search=Kauthe,,Live Wikipedia extract when an exact/strong destination match exists; otherwise use registry fields and mark missing values PENDING,Wikipedia lead image first; Wikimedia Commons exact-name fallback
MH-F-241,FORT,Kayar,,FORT, — ,https://en.wikipedia.org/w/api.php,https://en.wikipedia.org/wiki/Special:Search?search=Kayar,,Live Wikipedia extract when an exact/strong destination match exists; otherwise use registry fields and mark missing values PENDING,Wikipedia lead image first; Wikimedia Commons exact-name fallback
MH-F-242,FORT,Kelapur,,FORT, — ,https://en.wikipedia.org/w/api.php,https://en.wikipedia.org/wiki/Special:Search?search=Kelapur,,Live Wikipedia extract when an exact/strong destination match exists; otherwise use registry fields and mark missing values PENDING,Wikipedia lead image first; Wikimedia Commons exact-name fallback
MH-F-243,FORT,Kelve,,FORT, — ,https://en.wikipedia.org/w/api.php,https://en.wikipedia.org/wiki/Special:Search?search=Kelve,,Live Wikipedia extract when an exact/strong destination match exists; otherwise use registry fields and mark missing values PENDING,Wikipedia lead image first; Wikimedia Commons exact-name fallback
MH-F-244,FORT,Kenjalgad (Kelanja),Satara,FORT, — ,https://en.wikipedia.org/w/api.php,https://en.wikipedia.org/wiki/Special:Search?search=Kenjalgad+(Kelanja),,Live Wikipedia extract when an exact/strong destination match exists; otherwise use registry fields and mark missing values PENDING,Wikipedia lead image first; Wikimedia Commons exact-name fallback
MH-F-245,FORT,Khanapur,,FORT, — ,https://en.wikipedia.org/w/api.php,https://en.wikipedia.org/wiki/Special:Search?search=Khanapur,,Live Wikipedia extract when an exact/strong destination match exists; otherwise use registry fields and mark missing values PENDING,Wikipedia lead image first; Wikimedia Commons exact-name fallback
MH-F-246,FORT,Khandaragad,,FORT, — ,https://en.wikipedia.org/w/api.php,https://en.wikipedia.org/wiki/Special:Search?search=Khandaragad,,Live Wikipedia extract when an exact/strong destination match exists; otherwise use registry fields and mark missing values PENDING,Wikipedia lead image first; Wikimedia Commons exact-name fallback
MH-F-247,FORT,Khanderi,Raigad,FORT, — ,https://en.wikipedia.org/w/api.php,https://en.wikipedia.org/wiki/Special:Search?search=Khanderi,,Live Wikipedia extract when an exact/strong destination match exists; otherwise use registry fields and mark missing values PENDING,Wikipedia lead image first; Wikimedia Commons exact-name fallback
MH-F-248,FORT,Khare Patan,,FORT, — ,https://en.wikipedia.org/w/api.php,https://en.wikipedia.org/wiki/Special:Search?search=Khare+Patan,,Live Wikipedia extract when an exact/strong destination match exists; otherwise use registry fields and mark missing values PENDING,Wikipedia lead image first; Wikimedia Commons exact-name fallback
MH-F-249,FORT,Khatgad,,FORT, — ,https://en.wikipedia.org/w/api.php,https://en.wikipedia.org/wiki/Special:Search?search=Khatgad,,Live Wikipedia extract when an exact/strong destination match exists; otherwise use registry fields and mark missing values PENDING,Wikipedia lead image first; Wikimedia Commons exact-name fallback
MH-F-250,FORT,Khatoda,,FORT, — ,https://en.wikipedia.org/w/api.php,https://en.wikipedia.org/wiki/Special:Search?search=Khatoda,,Live Wikipedia extract when an exact/strong destination match exists; otherwise use registry fields and mark missing values PENDING,Wikipedia lead image first; Wikimedia Commons exact-name fallback
MH-F-251,FORT,Khubladha (Thal),,FORT, — ,https://en.wikipedia.org/w/api.php,https://en.wikipedia.org/wiki/Special:Search?search=Khubladha+(Thal),,Live Wikipedia extract when an exact/strong destination match exists; otherwise use registry fields and mark missing values PENDING,Wikipedia lead image first; Wikimedia Commons exact-name fallback
MH-F-252,FORT,Khatale (Pethkodhala),,FORT, — ,https://en.wikipedia.org/w/api.php,https://en.wikipedia.org/wiki/Special:Search?search=Khatale+(Pethkodhala),,Live Wikipedia extract when an exact/strong destination match exists; otherwise use registry fields and mark missing values PENDING,Wikipedia lead image first; Wikimedia Commons exact-name fallback
MH-F-253,FORT,Kittal,,FORT, — ,https://en.wikipedia.org/w/api.php,https://en.wikipedia.org/wiki/Special:Search?search=Kittal,,Live Wikipedia extract when an exact/strong destination match exists; otherwise use registry fields and mark missing values PENDING,Wikipedia lead image first; Wikimedia Commons exact-name fallback
MH-F-254,FORT,Kohaj (Komj/Konagad),Palghar,FORT, — ,https://en.wikipedia.org/w/api.php,https://en.wikipedia.org/wiki/Special:Search?search=Kohaj+(Komj/Konagad),,Live Wikipedia extract when an exact/strong destination match exists; otherwise use registry fields and mark missing values PENDING,Wikipedia lead image first; Wikimedia Commons exact-name fallback
MH-F-255,FORT,Kokan Diva,,FORT, — ,https://en.wikipedia.org/w/api.php,https://en.wikipedia.org/wiki/Special:Search?search=Kokan+Diva,,Live Wikipedia extract when an exact/strong destination match exists; otherwise use registry fields and mark missing values PENDING,Wikipedia lead image first; Wikimedia Commons exact-name fallback
MH-F-256,FORT,Koldher (Kolther),,FORT, — ,https://en.wikipedia.org/w/api.php,https://en.wikipedia.org/wiki/Special:Search?search=Koldher+(Kolther),,Live Wikipedia extract when an exact/strong destination match exists; otherwise use registry fields and mark missing values PENDING,Wikipedia lead image first; Wikimedia Commons exact-name fallback
MH-F-257,FORT,Kole (Kale/Koldurg),,FORT, — ,https://en.wikipedia.org/w/api.php,https://en.wikipedia.org/wiki/Special:Search?search=Kole+(Kale/Koldurg),,Live Wikipedia extract when an exact/strong destination match exists; otherwise use registry fields and mark missing values PENDING,Wikipedia lead image first; Wikimedia Commons exact-name fallback
MH-F-258,FORT,Koparli (Ranala),,FORT, — ,https://en.wikipedia.org/w/api.php,https://en.wikipedia.org/wiki/Special:Search?search=Koparli+(Ranala),,Live Wikipedia extract when an exact/strong destination match exists; otherwise use registry fields and mark missing values PENDING,Wikipedia lead image first; Wikimedia Commons exact-name fallback
MH-F-259,FORT,Korlai,,FORT, — ,https://en.wikipedia.org/w/api.php,https://en.wikipedia.org/wiki/Special:Search?search=Korlai,,Live Wikipedia extract when an exact/strong destination match exists; otherwise use registry fields and mark missing values PENDING,Wikipedia lead image first; Wikimedia Commons exact-name fallback
MH-F-260,FORT,Kothilgad (Peth),,FORT, — ,https://en.wikipedia.org/w/api.php,https://en.wikipedia.org/wiki/Special:Search?search=Kothilgad+(Peth),,Live Wikipedia extract when an exact/strong destination match exists; otherwise use registry fields and mark missing values PENDING,Wikipedia lead image first; Wikimedia Commons exact-name fallback
MH-F-261,FORT,Kudal,,FORT, — ,https://en.wikipedia.org/w/api.php,https://en.wikipedia.org/wiki/Special:Search?search=Kudal,,Live Wikipedia extract when an exact/strong destination match exists; otherwise use registry fields and mark missing values PENDING,Wikipedia lead image first; Wikimedia Commons exact-name fallback
MH-F-262,FORT,Kulaba (Alibag),Raigad,FORT, — ,https://en.wikipedia.org/w/api.php,https://en.wikipedia.org/wiki/Special:Search?search=Kulaba+(Alibag),,Live Wikipedia extract when an exact/strong destination match exists; otherwise use registry fields and mark missing values PENDING,Wikipedia lead image first; Wikimedia Commons exact-name fallback
MH-F-263,FORT,Kulang (Chota Kulang),,FORT, — ,https://en.wikipedia.org/w/api.php,https://en.wikipedia.org/wiki/Special:Search?search=Kulang+(Chota+Kulang),,Live Wikipedia extract when an exact/strong destination match exists; otherwise use registry fields and mark missing values PENDING,Wikipedia lead image first; Wikimedia Commons exact-name fallback
MH-F-264,FORT,Kumwarigad (Koraigad),,FORT, — ,https://en.wikipedia.org/w/api.php,https://en.wikipedia.org/wiki/Special:Search?search=Kumwarigad+(Koraigad),,Live Wikipedia extract when an exact/strong destination match exists; otherwise use registry fields and mark missing values PENDING,Wikipedia lead image first; Wikimedia Commons exact-name fallback
MH-F-265,FORT,Kunjalgad,,FORT, — ,https://en.wikipedia.org/w/api.php,https://en.wikipedia.org/wiki/Special:Search?search=Kunjalgad,,Live Wikipedia extract when an exact/strong destination match exists; otherwise use registry fields and mark missing values PENDING,Wikipedia lead image first; Wikimedia Commons exact-name fallback
MH-F-266,FORT,Kurdugad (Vitangad/Bishramgad),Raigad,FORT, — ,https://en.wikipedia.org/w/api.php,https://en.wikipedia.org/wiki/Special:Search?search=Kurdugad+(Vitangad/Bishramgad),,Live Wikipedia extract when an exact/strong destination match exists; otherwise use registry fields and mark missing values PENDING,Wikipedia lead image first; Wikimedia Commons exact-name fallback
MH-F-267,FORT,Lasalgaum,,FORT, — ,https://en.wikipedia.org/w/api.php,https://en.wikipedia.org/wiki/Special:Search?search=Lasalgaum,,Live Wikipedia extract when an exact/strong destination match exists; otherwise use registry fields and mark missing values PENDING,Wikipedia lead image first; Wikimedia Commons exact-name fallback
MH-F-268,FORT,Lasur,,FORT, — ,https://en.wikipedia.org/w/api.php,https://en.wikipedia.org/wiki/Special:Search?search=Lasur,,Live Wikipedia extract when an exact/strong destination match exists; otherwise use registry fields and mark missing values PENDING,Wikipedia lead image first; Wikimedia Commons exact-name fallback
MH-F-269,FORT,Lingana,,FORT, — ,https://en.wikipedia.org/w/api.php,https://en.wikipedia.org/wiki/Special:Search?search=Lingana,,Live Wikipedia extract when an exact/strong destination match exists; otherwise use registry fields and mark missing values PENDING,Wikipedia lead image first; Wikimedia Commons exact-name fallback
MH-F-270,FORT,Loni Bhapkar,,FORT, — ,https://en.wikipedia.org/w/api.php,https://en.wikipedia.org/wiki/Special:Search?search=Loni+Bhapkar,,Live Wikipedia extract when an exact/strong destination match exists; otherwise use registry fields and mark missing values PENDING,Wikipedia lead image first; Wikimedia Commons exact-name fallback
MH-F-271,FORT,Machal,,FORT, — ,https://en.wikipedia.org/w/api.php,https://en.wikipedia.org/wiki/Special:Search?search=Machal,,Live Wikipedia extract when an exact/strong destination match exists; otherwise use registry fields and mark missing values PENDING,Wikipedia lead image first; Wikimedia Commons exact-name fallback
MH-F-272,FORT,Machindragad,,FORT, — ,https://en.wikipedia.org/w/api.php,https://en.wikipedia.org/wiki/Special:Search?search=Machindragad,,Live Wikipedia extract when an exact/strong destination match exists; otherwise use registry fields and mark missing values PENDING,Wikipedia lead image first; Wikimedia Commons exact-name fallback
MH-F-273,FORT,Madangad,,FORT, — ,https://en.wikipedia.org/w/api.php,https://en.wikipedia.org/wiki/Special:Search?search=Madangad,,Live Wikipedia extract when an exact/strong destination match exists; otherwise use registry fields and mark missing values PENDING,Wikipedia lead image first; Wikimedia Commons exact-name fallback
MH-F-274,FORT,Madgad,,FORT, — ,https://en.wikipedia.org/w/api.php,https://en.wikipedia.org/wiki/Special:Search?search=Madgad,,Live Wikipedia extract when an exact/strong destination match exists; otherwise use registry fields and mark missing values PENDING,Wikipedia lead image first; Wikimedia Commons exact-name fallback
MH-F-275,FORT,Madha,,FORT, — ,https://en.wikipedia.org/w/api.php,https://en.wikipedia.org/wiki/Special:Search?search=Madha,,Live Wikipedia extract when an exact/strong destination match exists; otherwise use registry fields and mark missing values PENDING,Wikipedia lead image first; Wikimedia Commons exact-name fallback
MH-F-276,FORT,Madhala Buruz,,FORT, — ,https://en.wikipedia.org/w/api.php,https://en.wikipedia.org/wiki/Special:Search?search=Madhala+Buruz,,Live Wikipedia extract when an exact/strong destination match exists; otherwise use registry fields and mark missing values PENDING,Wikipedia lead image first; Wikimedia Commons exact-name fallback
MH-F-277,FORT,Mahadevgad,,FORT, — ,https://en.wikipedia.org/w/api.php,https://en.wikipedia.org/wiki/Special:Search?search=Mahadevgad,,Live Wikipedia extract when an exact/strong destination match exists; otherwise use registry fields and mark missing values PENDING,Wikipedia lead image first; Wikimedia Commons exact-name fallback
MH-F-278,FORT,Mahim,,FORT, — ,https://en.wikipedia.org/w/api.php,https://en.wikipedia.org/wiki/Special:Search?search=Mahim,,Live Wikipedia extract when an exact/strong destination match exists; otherwise use registry fields and mark missing values PENDING,Wikipedia lead image first; Wikimedia Commons exact-name fallback
MH-F-279,FORT,Mahimangad,,FORT, — ,https://en.wikipedia.org/w/api.php,https://en.wikipedia.org/wiki/Special:Search?search=Mahimangad,,Live Wikipedia extract when an exact/strong destination match exists; otherwise use registry fields and mark missing values PENDING,Wikipedia lead image first; Wikimedia Commons exact-name fallback
MH-F-280,FORT,Mahipalgad,,FORT, — ,https://en.wikipedia.org/w/api.php,https://en.wikipedia.org/wiki/Special:Search?search=Mahipalgad,,Live Wikipedia extract when an exact/strong destination match exists; otherwise use registry fields and mark missing values PENDING,Wikipedia lead image first; Wikimedia Commons exact-name fallback
MH-F-281,FORT,Mahipatgad,Ratnagiri,FORT, — ,https://en.wikipedia.org/w/api.php,https://en.wikipedia.org/wiki/Special:Search?search=Mahipatgad,,Live Wikipedia extract when an exact/strong destination match exists; otherwise use registry fields and mark missing values PENDING,Wikipedia lead image first; Wikimedia Commons exact-name fallback
MH-F-282,FORT,Makarandgad,,FORT, — ,https://en.wikipedia.org/w/api.php,https://en.wikipedia.org/wiki/Special:Search?search=Makarandgad,,Live Wikipedia extract when an exact/strong destination match exists; otherwise use registry fields and mark missing values PENDING,Wikipedia lead image first; Wikimedia Commons exact-name fallback
MH-F-283,FORT,Mahuli,,FORT, — ,https://en.wikipedia.org/w/api.php,https://en.wikipedia.org/wiki/Special:Search?search=Mahuli,,Live Wikipedia extract when an exact/strong destination match exists; otherwise use registry fields and mark missing values PENDING,Wikipedia lead image first; Wikimedia Commons exact-name fallback
MH-F-284,FORT,Malkapur,,FORT, — ,https://en.wikipedia.org/w/api.php,https://en.wikipedia.org/wiki/Special:Search?search=Malkapur,,Live Wikipedia extract when an exact/strong destination match exists; otherwise use registry fields and mark missing values PENDING,Wikipedia lead image first; Wikimedia Commons exact-name fallback
MH-F-285,FORT,Malanggad,Thane,FORT, — ,https://en.wikipedia.org/w/api.php,https://en.wikipedia.org/wiki/Special:Search?search=Malanggad,,Live Wikipedia extract when an exact/strong destination match exists; otherwise use registry fields and mark missing values PENDING,Wikipedia lead image first; Wikimedia Commons exact-name fallback
MH-F-286,FORT,Malavdi,,FORT, — ,https://en.wikipedia.org/w/api.php,https://en.wikipedia.org/wiki/Special:Search?search=Malavdi,,Live Wikipedia extract when an exact/strong destination match exists; otherwise use registry fields and mark missing values PENDING,Wikipedia lead image first; Wikimedia Commons exact-name fallback
MH-F-287,FORT,Malegaum,,FORT, — ,https://en.wikipedia.org/w/api.php,https://en.wikipedia.org/wiki/Special:Search?search=Malegaum,,Live Wikipedia extract when an exact/strong destination match exists; otherwise use registry fields and mark missing values PENDING,Wikipedia lead image first; Wikimedia Commons exact-name fallback
MH-F-288,FORT,Malhargad (Soneri),,FORT, — ,https://en.wikipedia.org/w/api.php,https://en.wikipedia.org/wiki/Special:Search?search=Malhargad+(Soneri),,Live Wikipedia extract when an exact/strong destination match exists; otherwise use registry fields and mark missing values PENDING,Wikipedia lead image first; Wikimedia Commons exact-name fallback
MH-F-289,FORT,Manaranjan (Rajamachi),Pune,FORT, — ,https://en.wikipedia.org/w/api.php,https://en.wikipedia.org/wiki/Special:Search?search=Manaranjan+(Rajamachi),,Live Wikipedia extract when an exact/strong destination match exists; otherwise use registry fields and mark missing values PENDING,Wikipedia lead image first; Wikimedia Commons exact-name fallback
MH-F-290,FORT,Manasantoshgad,,FORT, — ,https://en.wikipedia.org/w/api.php,https://en.wikipedia.org/wiki/Special:Search?search=Manasantoshgad,,Live Wikipedia extract when an exact/strong destination match exists; otherwise use registry fields and mark missing values PENDING,Wikipedia lead image first; Wikimedia Commons exact-name fallback
MH-F-291,FORT,Manchur,,FORT, — ,https://en.wikipedia.org/w/api.php,https://en.wikipedia.org/wiki/Special:Search?search=Manchur,,Live Wikipedia extract when an exact/strong destination match exists; otherwise use registry fields and mark missing values PENDING,Wikipedia lead image first; Wikimedia Commons exact-name fallback
MH-F-292,FORT,Mandangad,,FORT, — ,https://en.wikipedia.org/w/api.php,https://en.wikipedia.org/wiki/Special:Search?search=Mandangad,,Live Wikipedia extract when an exact/strong destination match exists; otherwise use registry fields and mark missing values PENDING,Wikipedia lead image first; Wikimedia Commons exact-name fallback
MH-F-293,FORT,Mangad (Mastiwade/Vinsai),Raigad,FORT, — ,https://en.wikipedia.org/w/api.php,https://en.wikipedia.org/wiki/Special:Search?search=Mangad+(Mastiwade/Vinsai),,Live Wikipedia extract when an exact/strong destination match exists; otherwise use registry fields and mark missing values PENDING,Wikipedia lead image first; Wikimedia Commons exact-name fallback
MH-F-294,FORT,Mangalgad,Raigad,FORT, — ,https://en.wikipedia.org/w/api.php,https://en.wikipedia.org/wiki/Special:Search?search=Mangalgad,,Live Wikipedia extract when an exact/strong destination match exists; otherwise use registry fields and mark missing values PENDING,Wikipedia lead image first; Wikimedia Commons exact-name fallback
MH-F-295,FORT,Mangalvedha,,FORT, — ,https://en.wikipedia.org/w/api.php,https://en.wikipedia.org/wiki/Special:Search?search=Mangalvedha,,Live Wikipedia extract when an exact/strong destination match exists; otherwise use registry fields and mark missing values PENDING,Wikipedia lead image first; Wikimedia Commons exact-name fallback
MH-F-296,FORT,Mangi,,FORT, — ,https://en.wikipedia.org/w/api.php,https://en.wikipedia.org/wiki/Special:Search?search=Mangi,,Live Wikipedia extract when an exact/strong destination match exists; otherwise use registry fields and mark missing values PENDING,Wikipedia lead image first; Wikimedia Commons exact-name fallback
MH-F-297,FORT,Manikpunj,,FORT, — ,https://en.wikipedia.org/w/api.php,https://en.wikipedia.org/wiki/Special:Search?search=Manikpunj,,Live Wikipedia extract when an exact/strong destination match exists; otherwise use registry fields and mark missing values PENDING,Wikipedia lead image first; Wikimedia Commons exact-name fallback
MH-F-298,FORT,Manohargad,,FORT, — ,https://en.wikipedia.org/w/api.php,https://en.wikipedia.org/wiki/Special:Search?search=Manohargad,,Live Wikipedia extract when an exact/strong destination match exists; otherwise use registry fields and mark missing values PENDING,Wikipedia lead image first; Wikimedia Commons exact-name fallback
MH-F-299,FORT,Manor,,FORT, — ,https://en.wikipedia.org/w/api.php,https://en.wikipedia.org/wiki/Special:Search?search=Manor,,Live Wikipedia extract when an exact/strong destination match exists; otherwise use registry fields and mark missing values PENDING,Wikipedia lead image first; Wikimedia Commons exact-name fallback
MH-F-300,FORT,Markandya (Mayurkhandi),,FORT, — ,https://en.wikipedia.org/w/api.php,https://en.wikipedia.org/wiki/Special:Search?search=Markandya+(Mayurkhandi),,Live Wikipedia extract when an exact/strong destination match exists; otherwise use registry fields and mark missing values PENDING,Wikipedia lead image first; Wikimedia Commons exact-name fallback
MH-F-301,FORT,Masur,,FORT, — ,https://en.wikipedia.org/w/api.php,https://en.wikipedia.org/wiki/Special:Search?search=Masur,,Live Wikipedia extract when an exact/strong destination match exists; otherwise use registry fields and mark missing values PENDING,Wikipedia lead image first; Wikimedia Commons exact-name fallback
MH-F-302,FORT,Mathane,,FORT, — ,https://en.wikipedia.org/w/api.php,https://en.wikipedia.org/wiki/Special:Search?search=Mathane,,Live Wikipedia extract when an exact/strong destination match exists; otherwise use registry fields and mark missing values PENDING,Wikipedia lead image first; Wikimedia Commons exact-name fallback
MH-F-303,FORT,Mathan (Malchan),,FORT, — ,https://en.wikipedia.org/w/api.php,https://en.wikipedia.org/wiki/Special:Search?search=Mathan+(Malchan),,Live Wikipedia extract when an exact/strong destination match exists; otherwise use registry fields and mark missing values PENDING,Wikipedia lead image first; Wikimedia Commons exact-name fallback
MH-F-304,FORT,Mazgaum,,FORT, — ,https://en.wikipedia.org/w/api.php,https://en.wikipedia.org/wiki/Special:Search?search=Mazgaum,,Live Wikipedia extract when an exact/strong destination match exists; otherwise use registry fields and mark missing values PENDING,Wikipedia lead image first; Wikimedia Commons exact-name fallback
MH-F-305,FORT,Medad,,FORT, — ,https://en.wikipedia.org/w/api.php,https://en.wikipedia.org/wiki/Special:Search?search=Medad,,Live Wikipedia extract when an exact/strong destination match exists; otherwise use registry fields and mark missing values PENDING,Wikipedia lead image first; Wikimedia Commons exact-name fallback
MH-F-306,FORT,Mesna,,FORT, — ,https://en.wikipedia.org/w/api.php,https://en.wikipedia.org/wiki/Special:Search?search=Mesna,,Live Wikipedia extract when an exact/strong destination match exists; otherwise use registry fields and mark missing values PENDING,Wikipedia lead image first; Wikimedia Commons exact-name fallback
MH-F-307,FORT,Miraj (Murtazabad),,FORT, — ,https://en.wikipedia.org/w/api.php,https://en.wikipedia.org/wiki/Special:Search?search=Miraj+(Murtazabad),,Live Wikipedia extract when an exact/strong destination match exists; otherwise use registry fields and mark missing values PENDING,Wikipedia lead image first; Wikimedia Commons exact-name fallback
MH-F-308,FORT,Mohangad (Jasalodgad),,FORT, — ,https://en.wikipedia.org/w/api.php,https://en.wikipedia.org/wiki/Special:Search?search=Mohangad+(Jasalodgad),,Live Wikipedia extract when an exact/strong destination match exists; otherwise use registry fields and mark missing values PENDING,Wikipedia lead image first; Wikimedia Commons exact-name fallback
MH-F-309,FORT,Mohol,,FORT, — ,https://en.wikipedia.org/w/api.php,https://en.wikipedia.org/wiki/Special:Search?search=Mohol,,Live Wikipedia extract when an exact/strong destination match exists; otherwise use registry fields and mark missing values PENDING,Wikipedia lead image first; Wikimedia Commons exact-name fallback
MH-F-310,FORT,Moragad,,FORT, — ,https://en.wikipedia.org/w/api.php,https://en.wikipedia.org/wiki/Special:Search?search=Moragad,,Live Wikipedia extract when an exact/strong destination match exists; otherwise use registry fields and mark missing values PENDING,Wikipedia lead image first; Wikimedia Commons exact-name fallback
MH-F-311,FORT,Murtazapur,,FORT, — ,https://en.wikipedia.org/w/api.php,https://en.wikipedia.org/wiki/Special:Search?search=Murtazapur,,Live Wikipedia extract when an exact/strong destination match exists; otherwise use registry fields and mark missing values PENDING,Wikipedia lead image first; Wikimedia Commons exact-name fallback
MH-F-312,FORT,Nanded,,FORT, — ,https://en.wikipedia.org/w/api.php,https://en.wikipedia.org/wiki/Special:Search?search=Nanded,,Live Wikipedia extract when an exact/strong destination match exists; otherwise use registry fields and mark missing values PENDING,Wikipedia lead image first; Wikimedia Commons exact-name fallback
MH-F-313,FORT,Nandgiri (Kalyangad),Satara,FORT, — ,https://en.wikipedia.org/w/api.php,https://en.wikipedia.org/wiki/Special:Search?search=Nandgiri+(Kalyangad),,Live Wikipedia extract when an exact/strong destination match exists; otherwise use registry fields and mark missing values PENDING,Wikipedia lead image first; Wikimedia Commons exact-name fallback
MH-F-314,FORT,Nandos,,FORT, — ,https://en.wikipedia.org/w/api.php,https://en.wikipedia.org/wiki/Special:Search?search=Nandos,,Live Wikipedia extract when an exact/strong destination match exists; otherwise use registry fields and mark missing values PENDING,Wikipedia lead image first; Wikimedia Commons exact-name fallback
MH-F-315,FORT,Nandurbar,,FORT, — ,https://en.wikipedia.org/w/api.php,https://en.wikipedia.org/wiki/Special:Search?search=Nandurbar,,Live Wikipedia extract when an exact/strong destination match exists; otherwise use registry fields and mark missing values PENDING,Wikipedia lead image first; Wikimedia Commons exact-name fallback
MH-F-316,FORT,Narkher,,FORT, — ,https://en.wikipedia.org/w/api.php,https://en.wikipedia.org/wiki/Special:Search?search=Narkher,,Live Wikipedia extract when an exact/strong destination match exists; otherwise use registry fields and mark missing values PENDING,Wikipedia lead image first; Wikimedia Commons exact-name fallback
MH-F-317,FORT,Nashratpur,,FORT, — ,https://en.wikipedia.org/w/api.php,https://en.wikipedia.org/wiki/Special:Search?search=Nashratpur,,Live Wikipedia extract when an exact/strong destination match exists; otherwise use registry fields and mark missing values PENDING,Wikipedia lead image first; Wikimedia Commons exact-name fallback
MH-F-318,FORT,Nhavi Killa (Ratangad),Ahilyanagar,FORT, — ,https://en.wikipedia.org/w/api.php,https://en.wikipedia.org/wiki/Special:Search?search=Nhavi+Killa+(Ratangad),,Live Wikipedia extract when an exact/strong destination match exists; otherwise use registry fields and mark missing values PENDING,Wikipedia lead image first; Wikimedia Commons exact-name fallback
MH-F-319,FORT,Nivati,,FORT, — ,https://en.wikipedia.org/w/api.php,https://en.wikipedia.org/wiki/Special:Search?search=Nivati,,Live Wikipedia extract when an exact/strong destination match exists; otherwise use registry fields and mark missing values PENDING,Wikipedia lead image first; Wikimedia Commons exact-name fallback
MH-F-320,FORT,Nimgiri,,FORT, — ,https://en.wikipedia.org/w/api.php,https://en.wikipedia.org/wiki/Special:Search?search=Nimgiri,,Live Wikipedia extract when an exact/strong destination match exists; otherwise use registry fields and mark missing values PENDING,Wikipedia lead image first; Wikimedia Commons exact-name fallback
MH-F-321,FORT,Pabar,Nashik,FORT, — ,https://en.wikipedia.org/w/api.php,https://en.wikipedia.org/wiki/Special:Search?search=Pabar,,Live Wikipedia extract when an exact/strong destination match exists; otherwise use registry fields and mark missing values PENDING,Wikipedia lead image first; Wikimedia Commons exact-name fallback
MH-F-322,FORT,Padar,,FORT, — ,https://en.wikipedia.org/w/api.php,https://en.wikipedia.org/wiki/Special:Search?search=Padar,,Live Wikipedia extract when an exact/strong destination match exists; otherwise use registry fields and mark missing values PENDING,Wikipedia lead image first; Wikimedia Commons exact-name fallback
MH-F-323,FORT,Padargad,,FORT, — ,https://en.wikipedia.org/w/api.php,https://en.wikipedia.org/wiki/Special:Search?search=Padargad,,Live Wikipedia extract when an exact/strong destination match exists; otherwise use registry fields and mark missing values PENDING,Wikipedia lead image first; Wikimedia Commons exact-name fallback
MH-F-324,FORT,Padamgad (Padmagad/Padmadurg),,FORT, — ,https://en.wikipedia.org/w/api.php,https://en.wikipedia.org/wiki/Special:Search?search=Padamgad+(Padmagad/Padmadurg),,Live Wikipedia extract when an exact/strong destination match exists; otherwise use registry fields and mark missing values PENDING,Wikipedia lead image first; Wikimedia Commons exact-name fallback
MH-F-325,FORT,Pal,,FORT, — ,https://en.wikipedia.org/w/api.php,https://en.wikipedia.org/wiki/Special:Search?search=Pal,,Live Wikipedia extract when an exact/strong destination match exists; otherwise use registry fields and mark missing values PENDING,Wikipedia lead image first; Wikimedia Commons exact-name fallback
MH-F-326,FORT,Palgad,,FORT, — ,https://en.wikipedia.org/w/api.php,https://en.wikipedia.org/wiki/Special:Search?search=Palgad,,Live Wikipedia extract when an exact/strong destination match exists; otherwise use registry fields and mark missing values PENDING,Wikipedia lead image first; Wikimedia Commons exact-name fallback
MH-F-327,FORT,Palshi,,FORT, — ,https://en.wikipedia.org/w/api.php,https://en.wikipedia.org/wiki/Special:Search?search=Palshi,,Live Wikipedia extract when an exact/strong destination match exists; otherwise use registry fields and mark missing values PENDING,Wikipedia lead image first; Wikimedia Commons exact-name fallback
MH-F-328,FORT,Pan Buruz,,FORT, — ,https://en.wikipedia.org/w/api.php,https://en.wikipedia.org/wiki/Special:Search?search=Pan+Buruz,,Live Wikipedia extract when an exact/strong destination match exists; otherwise use registry fields and mark missing values PENDING,Wikipedia lead image first; Wikimedia Commons exact-name fallback
MH-F-329,FORT,Pandavgad,Satara,FORT, — ,https://en.wikipedia.org/w/api.php,https://en.wikipedia.org/wiki/Special:Search?search=Pandavgad,,Live Wikipedia extract when an exact/strong destination match exists; otherwise use registry fields and mark missing values PENDING,Wikipedia lead image first; Wikimedia Commons exact-name fallback
MH-F-330,FORT,Pargad,,FORT, — ,https://en.wikipedia.org/w/api.php,https://en.wikipedia.org/wiki/Special:Search?search=Pargad,,Live Wikipedia extract when an exact/strong destination match exists; otherwise use registry fields and mark missing values PENDING,Wikipedia lead image first; Wikimedia Commons exact-name fallback
MH-F-331,FORT,Parkot,,FORT, — ,https://en.wikipedia.org/w/api.php,https://en.wikipedia.org/wiki/Special:Search?search=Parkot,,Live Wikipedia extract when an exact/strong destination match exists; otherwise use registry fields and mark missing values PENDING,Wikipedia lead image first; Wikimedia Commons exact-name fallback
MH-F-332,FORT,Parinda,,FORT, — ,https://en.wikipedia.org/w/api.php,https://en.wikipedia.org/wiki/Special:Search?search=Parinda,,Live Wikipedia extract when an exact/strong destination match exists; otherwise use registry fields and mark missing values PENDING,Wikipedia lead image first; Wikimedia Commons exact-name fallback
MH-F-333,FORT,Parola,,FORT, — ,https://en.wikipedia.org/w/api.php,https://en.wikipedia.org/wiki/Special:Search?search=Parola,,Live Wikipedia extract when an exact/strong destination match exists; otherwise use registry fields and mark missing values PENDING,Wikipedia lead image first; Wikimedia Commons exact-name fallback
MH-F-334,FORT,Parsik,,FORT, — ,https://en.wikipedia.org/w/api.php,https://en.wikipedia.org/wiki/Special:Search?search=Parsik,,Live Wikipedia extract when an exact/strong destination match exists; otherwise use registry fields and mark missing values PENDING,Wikipedia lead image first; Wikimedia Commons exact-name fallback
MH-F-335,FORT,Parwadi,,FORT, — ,https://en.wikipedia.org/w/api.php,https://en.wikipedia.org/wiki/Special:Search?search=Parwadi,,Live Wikipedia extract when an exact/strong destination match exists; otherwise use registry fields and mark missing values PENDING,Wikipedia lead image first; Wikimedia Commons exact-name fallback
MH-F-336,FORT,Patheri,,FORT, — ,https://en.wikipedia.org/w/api.php,https://en.wikipedia.org/wiki/Special:Search?search=Patheri,,Live Wikipedia extract when an exact/strong destination match exists; otherwise use registry fields and mark missing values PENDING,Wikipedia lead image first; Wikimedia Commons exact-name fallback
MH-F-337,FORT,Patta (Vishramgad),,FORT, — ,https://en.wikipedia.org/w/api.php,https://en.wikipedia.org/wiki/Special:Search?search=Patta+(Vishramgad),,Live Wikipedia extract when an exact/strong destination match exists; otherwise use registry fields and mark missing values PENDING,Wikipedia lead image first; Wikimedia Commons exact-name fallback
MH-F-338,FORT,Pavangad,,FORT, — ,https://en.wikipedia.org/w/api.php,https://en.wikipedia.org/wiki/Special:Search?search=Pavangad,,Live Wikipedia extract when an exact/strong destination match exists; otherwise use registry fields and mark missing values PENDING,Wikipedia lead image first; Wikimedia Commons exact-name fallback
MH-F-339,FORT,Peb (Vikatgad),Raigad,FORT, — ,https://en.wikipedia.org/w/api.php,https://en.wikipedia.org/wiki/Special:Search?search=Peb+(Vikatgad),,Live Wikipedia extract when an exact/strong destination match exists; otherwise use registry fields and mark missing values PENDING,Wikipedia lead image first; Wikimedia Commons exact-name fallback
MH-F-340,FORT,Pedagaum (Bahadurgad),,FORT, — ,https://en.wikipedia.org/w/api.php,https://en.wikipedia.org/wiki/Special:Search?search=Pedagaum+(Bahadurgad),,Live Wikipedia extract when an exact/strong destination match exists; otherwise use registry fields and mark missing values PENDING,Wikipedia lead image first; Wikimedia Commons exact-name fallback
MH-F-341,FORT,Pemgiri (Shahagad),,FORT, — ,https://en.wikipedia.org/w/api.php,https://en.wikipedia.org/wiki/Special:Search?search=Pemgiri+(Shahagad),,Live Wikipedia extract when an exact/strong destination match exists; otherwise use registry fields and mark missing values PENDING,Wikipedia lead image first; Wikimedia Commons exact-name fallback
MH-F-342,FORT,Pedka,,FORT, — ,https://en.wikipedia.org/w/api.php,https://en.wikipedia.org/wiki/Special:Search?search=Pedka,,Live Wikipedia extract when an exact/strong destination match exists; otherwise use registry fields and mark missing values PENDING,Wikipedia lead image first; Wikimedia Commons exact-name fallback
MH-F-343,FORT,Phardapur,,FORT, — ,https://en.wikipedia.org/w/api.php,https://en.wikipedia.org/wiki/Special:Search?search=Phardapur,,Live Wikipedia extract when an exact/strong destination match exists; otherwise use registry fields and mark missing values PENDING,Wikipedia lead image first; Wikimedia Commons exact-name fallback
MH-F-344,FORT,Phonda,,FORT, — ,https://en.wikipedia.org/w/api.php,https://en.wikipedia.org/wiki/Special:Search?search=Phonda,,Live Wikipedia extract when an exact/strong destination match exists; otherwise use registry fields and mark missing values PENDING,Wikipedia lead image first; Wikimedia Commons exact-name fallback
MH-F-345,FORT,Phutaka Buruz,,FORT, — ,https://en.wikipedia.org/w/api.php,https://en.wikipedia.org/wiki/Special:Search?search=Phutaka+Buruz,,Live Wikipedia extract when an exact/strong destination match exists; otherwise use registry fields and mark missing values PENDING,Wikipedia lead image first; Wikimedia Commons exact-name fallback
MH-F-346,FORT,Pimpalner,,FORT, — ,https://en.wikipedia.org/w/api.php,https://en.wikipedia.org/wiki/Special:Search?search=Pimpalner,,Live Wikipedia extract when an exact/strong destination match exists; otherwise use registry fields and mark missing values PENDING,Wikipedia lead image first; Wikimedia Commons exact-name fallback
MH-F-347,FORT,Pisol (Dighve),,FORT, — ,https://en.wikipedia.org/w/api.php,https://en.wikipedia.org/wiki/Special:Search?search=Pisol+(Dighve),,Live Wikipedia extract when an exact/strong destination match exists; otherwise use registry fields and mark missing values PENDING,Wikipedia lead image first; Wikimedia Commons exact-name fallback
MH-F-348,FORT,Prabalgad,Raigad,FORT, — ,https://en.wikipedia.org/w/api.php,https://en.wikipedia.org/wiki/Special:Search?search=Prabalgad,,Live Wikipedia extract when an exact/strong destination match exists; otherwise use registry fields and mark missing values PENDING,Wikipedia lead image first; Wikimedia Commons exact-name fallback
MH-F-349,FORT,Prachitgad (Uchitgad),,FORT, — ,https://en.wikipedia.org/w/api.php,https://en.wikipedia.org/wiki/Special:Search?search=Prachitgad+(Uchitgad),,Live Wikipedia extract when an exact/strong destination match exists; otherwise use registry fields and mark missing values PENDING,Wikipedia lead image first; Wikimedia Commons exact-name fallback
MH-F-350,FORT,Raireshwar,,FORT, — ,https://en.wikipedia.org/w/api.php,https://en.wikipedia.org/wiki/Special:Search?search=Raireshwar,,Live Wikipedia extract when an exact/strong destination match exists; otherwise use registry fields and mark missing values PENDING,Wikipedia lead image first; Wikimedia Commons exact-name fallback
MH-F-351,FORT,Rajdehar,,FORT, — ,https://en.wikipedia.org/w/api.php,https://en.wikipedia.org/wiki/Special:Search?search=Rajdehar,,Live Wikipedia extract when an exact/strong destination match exists; otherwise use registry fields and mark missing values PENDING,Wikipedia lead image first; Wikimedia Commons exact-name fallback
MH-F-352,FORT,Rajdher,,FORT, — ,https://en.wikipedia.org/w/api.php,https://en.wikipedia.org/wiki/Special:Search?search=Rajdher,,Live Wikipedia extract when an exact/strong destination match exists; otherwise use registry fields and mark missing values PENDING,Wikipedia lead image first; Wikimedia Commons exact-name fallback
MH-F-353,FORT,Ramshej,Nashik,FORT, — ,https://en.wikipedia.org/w/api.php,https://en.wikipedia.org/wiki/Special:Search?search=Ramshej,,Live Wikipedia extract when an exact/strong destination match exists; otherwise use registry fields and mark missing values PENDING,Wikipedia lead image first; Wikimedia Commons exact-name fallback
MH-F-354,FORT,Ramtek,,FORT, — ,https://en.wikipedia.org/w/api.php,https://en.wikipedia.org/wiki/Special:Search?search=Ramtek,,Live Wikipedia extract when an exact/strong destination match exists; otherwise use registry fields and mark missing values PENDING,Wikipedia lead image first; Wikimedia Commons exact-name fallback
MH-F-355,FORT,Rasalgad,,FORT, — ,https://en.wikipedia.org/w/api.php,https://en.wikipedia.org/wiki/Special:Search?search=Rasalgad,,Live Wikipedia extract when an exact/strong destination match exists; otherwise use registry fields and mark missing values PENDING,Wikipedia lead image first; Wikimedia Commons exact-name fallback
MH-F-356,FORT,Ratandurg,,FORT, — ,https://en.wikipedia.org/w/api.php,https://en.wikipedia.org/wiki/Special:Search?search=Ratandurg,,Live Wikipedia extract when an exact/strong destination match exists; otherwise use registry fields and mark missing values PENDING,Wikipedia lead image first; Wikimedia Commons exact-name fallback
MH-F-357,FORT,Ratnagiri (Ramdurg),,FORT, — ,https://en.wikipedia.org/w/api.php,https://en.wikipedia.org/wiki/Special:Search?search=Ratnagiri+(Ramdurg),,Live Wikipedia extract when an exact/strong destination match exists; otherwise use registry fields and mark missing values PENDING,Wikipedia lead image first; Wikimedia Commons exact-name fallback
MH-F-358,FORT,Raver (Rasalpur),,FORT, — ,https://en.wikipedia.org/w/api.php,https://en.wikipedia.org/wiki/Special:Search?search=Raver+(Rasalpur),,Live Wikipedia extract when an exact/strong destination match exists; otherwise use registry fields and mark missing values PENDING,Wikipedia lead image first; Wikimedia Commons exact-name fallback
MH-F-359,FORT,Rawlya,,FORT, — ,https://en.wikipedia.org/w/api.php,https://en.wikipedia.org/wiki/Special:Search?search=Rawlya,,Live Wikipedia extract when an exact/strong destination match exists; otherwise use registry fields and mark missing values PENDING,Wikipedia lead image first; Wikimedia Commons exact-name fallback
MH-F-360,FORT,Revdanda,,FORT, — ,https://en.wikipedia.org/w/api.php,https://en.wikipedia.org/wiki/Special:Search?search=Revdanda,,Live Wikipedia extract when an exact/strong destination match exists; otherwise use registry fields and mark missing values PENDING,Wikipedia lead image first; Wikimedia Commons exact-name fallback
MH-F-361,FORT,Rohida (Vichitragad),Pune,FORT, — ,https://en.wikipedia.org/w/api.php,https://en.wikipedia.org/wiki/Special:Search?search=Rohida+(Vichitragad),,Live Wikipedia extract when an exact/strong destination match exists; otherwise use registry fields and mark missing values PENDING,Wikipedia lead image first; Wikimedia Commons exact-name fallback
MH-F-362,FORT,Rohilgad,,FORT, — ,https://en.wikipedia.org/w/api.php,https://en.wikipedia.org/wiki/Special:Search?search=Rohilgad,,Live Wikipedia extract when an exact/strong destination match exists; otherwise use registry fields and mark missing values PENDING,Wikipedia lead image first; Wikimedia Commons exact-name fallback
MH-F-363,FORT,Sadashivgad,,FORT, — ,https://en.wikipedia.org/w/api.php,https://en.wikipedia.org/wiki/Special:Search?search=Sadashivgad,,Live Wikipedia extract when an exact/strong destination match exists; otherwise use registry fields and mark missing values PENDING,Wikipedia lead image first; Wikimedia Commons exact-name fallback
MH-F-364,FORT,Sagargad (Kheldurg/Khaladurg),,FORT, — ,https://en.wikipedia.org/w/api.php,https://en.wikipedia.org/wiki/Special:Search?search=Sagargad+(Kheldurg/Khaladurg),,Live Wikipedia extract when an exact/strong destination match exists; otherwise use registry fields and mark missing values PENDING,Wikipedia lead image first; Wikimedia Commons exact-name fallback
MH-F-365,FORT,Saitonda (Sutanda),,FORT, — ,https://en.wikipedia.org/w/api.php,https://en.wikipedia.org/wiki/Special:Search?search=Saitonda+(Sutanda),,Live Wikipedia extract when an exact/strong destination match exists; otherwise use registry fields and mark missing values PENDING,Wikipedia lead image first; Wikimedia Commons exact-name fallback
MH-F-366,FORT,Sakri,,FORT, — ,https://en.wikipedia.org/w/api.php,https://en.wikipedia.org/wiki/Special:Search?search=Sakri,,Live Wikipedia extract when an exact/strong destination match exists; otherwise use registry fields and mark missing values PENDING,Wikipedia lead image first; Wikimedia Commons exact-name fallback
MH-F-367,FORT,Salota,,FORT, — ,https://en.wikipedia.org/w/api.php,https://en.wikipedia.org/wiki/Special:Search?search=Salota,,Live Wikipedia extract when an exact/strong destination match exists; otherwise use registry fields and mark missing values PENDING,Wikipedia lead image first; Wikimedia Commons exact-name fallback
MH-F-368,FORT,Samangad,,FORT, — ,https://en.wikipedia.org/w/api.php,https://en.wikipedia.org/wiki/Special:Search?search=Samangad,,Live Wikipedia extract when an exact/strong destination match exists; otherwise use registry fields and mark missing values PENDING,Wikipedia lead image first; Wikimedia Commons exact-name fallback
MH-F-369,FORT,Samkshi (Badrud-din),,FORT, — ,https://en.wikipedia.org/w/api.php,https://en.wikipedia.org/wiki/Special:Search?search=Samkshi+(Badrud-din),,Live Wikipedia extract when an exact/strong destination match exists; otherwise use registry fields and mark missing values PENDING,Wikipedia lead image first; Wikimedia Commons exact-name fallback
MH-F-370,FORT,Sangli,,FORT, — ,https://en.wikipedia.org/w/api.php,https://en.wikipedia.org/wiki/Special:Search?search=Sangli,,Live Wikipedia extract when an exact/strong destination match exists; otherwise use registry fields and mark missing values PENDING,Wikipedia lead image first; Wikimedia Commons exact-name fallback
MH-F-371,FORT,Sanjan,,FORT, — ,https://en.wikipedia.org/w/api.php,https://en.wikipedia.org/wiki/Special:Search?search=Sanjan,,Live Wikipedia extract when an exact/strong destination match exists; otherwise use registry fields and mark missing values PENDING,Wikipedia lead image first; Wikimedia Commons exact-name fallback
MH-F-372,FORT,Santoshgad,,FORT, — ,https://en.wikipedia.org/w/api.php,https://en.wikipedia.org/wiki/Special:Search?search=Santoshgad,,Live Wikipedia extract when an exact/strong destination match exists; otherwise use registry fields and mark missing values PENDING,Wikipedia lead image first; Wikimedia Commons exact-name fallback
MH-F-373,FORT,Sarasgad (Aminabad/Pali),Raigad,FORT, — ,https://en.wikipedia.org/w/api.php,https://en.wikipedia.org/wiki/Special:Search?search=Sarasgad+(Aminabad/Pali),,Live Wikipedia extract when an exact/strong destination match exists; otherwise use registry fields and mark missing values PENDING,Wikipedia lead image first; Wikimedia Commons exact-name fallback
MH-F-374,FORT,Sarjekot,,FORT, — ,https://en.wikipedia.org/w/api.php,https://en.wikipedia.org/wiki/Special:Search?search=Sarjekot,,Live Wikipedia extract when an exact/strong destination match exists; otherwise use registry fields and mark missing values PENDING,Wikipedia lead image first; Wikimedia Commons exact-name fallback
MH-F-375,FORT,Satara (Ajinkyatara),Satara,FORT, — ,https://en.wikipedia.org/w/api.php,https://en.wikipedia.org/wiki/Special:Search?search=Satara+(Ajinkyatara),,Live Wikipedia extract when an exact/strong destination match exists; otherwise use registry fields and mark missing values PENDING,Wikipedia lead image first; Wikimedia Commons exact-name fallback
MH-F-376,FORT,Sathavli,,FORT, — ,https://en.wikipedia.org/w/api.php,https://en.wikipedia.org/wiki/Special:Search?search=Sathavli,,Live Wikipedia extract when an exact/strong destination match exists; otherwise use registry fields and mark missing values PENDING,Wikipedia lead image first; Wikimedia Commons exact-name fallback
MH-F-377,FORT,Savda,,FORT, — ,https://en.wikipedia.org/w/api.php,https://en.wikipedia.org/wiki/Special:Search?search=Savda,,Live Wikipedia extract when an exact/strong destination match exists; otherwise use registry fields and mark missing values PENDING,Wikipedia lead image first; Wikimedia Commons exact-name fallback
MH-F-378,FORT,Sawantwadi,,FORT, — ,https://en.wikipedia.org/w/api.php,https://en.wikipedia.org/wiki/Special:Search?search=Sawantwadi,,Live Wikipedia extract when an exact/strong destination match exists; otherwise use registry fields and mark missing values PENDING,Wikipedia lead image first; Wikimedia Commons exact-name fallback
MH-F-379,FORT,Sawargaum,,FORT, — ,https://en.wikipedia.org/w/api.php,https://en.wikipedia.org/wiki/Special:Search?search=Sawargaum,,Live Wikipedia extract when an exact/strong destination match exists; otherwise use registry fields and mark missing values PENDING,Wikipedia lead image first; Wikimedia Commons exact-name fallback
MH-F-380,FORT,Sewri,,FORT, — ,https://en.wikipedia.org/w/api.php,https://en.wikipedia.org/wiki/Special:Search?search=Sewri,,Live Wikipedia extract when an exact/strong destination match exists; otherwise use registry fields and mark missing values PENDING,Wikipedia lead image first; Wikimedia Commons exact-name fallback
MH-F-381,FORT,Shahada,,FORT, — ,https://en.wikipedia.org/w/api.php,https://en.wikipedia.org/wiki/Special:Search?search=Shahada,,Live Wikipedia extract when an exact/strong destination match exists; otherwise use registry fields and mark missing values PENDING,Wikipedia lead image first; Wikimedia Commons exact-name fallback
MH-F-382,FORT,Shahagad (Bhimgad),,FORT, — ,https://en.wikipedia.org/w/api.php,https://en.wikipedia.org/wiki/Special:Search?search=Shahagad+(Bhimgad),,Live Wikipedia extract when an exact/strong destination match exists; otherwise use registry fields and mark missing values PENDING,Wikipedia lead image first; Wikimedia Commons exact-name fallback
MH-F-383,FORT,Shegwa,,FORT, — ,https://en.wikipedia.org/w/api.php,https://en.wikipedia.org/wiki/Special:Search?search=Shegwa,,Live Wikipedia extract when an exact/strong destination match exists; otherwise use registry fields and mark missing values PENDING,Wikipedia lead image first; Wikimedia Commons exact-name fallback
MH-F-384,FORT,Shirgaum,,FORT, — ,https://en.wikipedia.org/w/api.php,https://en.wikipedia.org/wiki/Special:Search?search=Shirgaum,,Live Wikipedia extract when an exact/strong destination match exists; otherwise use registry fields and mark missing values PENDING,Wikipedia lead image first; Wikimedia Commons exact-name fallback
MH-F-385,FORT,Shirpur,,FORT, — ,https://en.wikipedia.org/w/api.php,https://en.wikipedia.org/wiki/Special:Search?search=Shirpur,,Live Wikipedia extract when an exact/strong destination match exists; otherwise use registry fields and mark missing values PENDING,Wikipedia lead image first; Wikimedia Commons exact-name fallback
MH-F-386,FORT,Shirval (Subhamangalgad),,FORT, — ,https://en.wikipedia.org/w/api.php,https://en.wikipedia.org/wiki/Special:Search?search=Shirval+(Subhamangalgad),,Live Wikipedia extract when an exact/strong destination match exists; otherwise use registry fields and mark missing values PENDING,Wikipedia lead image first; Wikimedia Commons exact-name fallback
MH-F-387,FORT,Shivgad,,FORT, — ,https://en.wikipedia.org/w/api.php,https://en.wikipedia.org/wiki/Special:Search?search=Shivgad,,Live Wikipedia extract when an exact/strong destination match exists; otherwise use registry fields and mark missing values PENDING,Wikipedia lead image first; Wikimedia Commons exact-name fallback
MH-F-388,FORT,Shrivardhan (Rajamachi),Pune,FORT, — ,https://en.wikipedia.org/w/api.php,https://en.wikipedia.org/wiki/Special:Search?search=Shrivardhan+(Rajamachi),,Live Wikipedia extract when an exact/strong destination match exists; otherwise use registry fields and mark missing values PENDING,Wikipedia lead image first; Wikimedia Commons exact-name fallback
MH-F-389,FORT,Shrimangalgad (Haji Malang),,FORT, — ,https://en.wikipedia.org/w/api.php,https://en.wikipedia.org/wiki/Special:Search?search=Shrimangalgad+(Haji+Malang),,Live Wikipedia extract when an exact/strong destination match exists; otherwise use registry fields and mark missing values PENDING,Wikipedia lead image first; Wikimedia Commons exact-name fallback
MH-F-390,FORT,Sidhagad (Bakshidabaksh),,FORT, — ,https://en.wikipedia.org/w/api.php,https://en.wikipedia.org/wiki/Special:Search?search=Sidhagad+(Bakshidabaksh),,Live Wikipedia extract when an exact/strong destination match exists; otherwise use registry fields and mark missing values PENDING,Wikipedia lead image first; Wikimedia Commons exact-name fallback
MH-WF-001,SPOT,Vajrai Waterfall,Satara,WATERFALL, — ,https://en.wikipedia.org/w/api.php,https://en.wikipedia.org/wiki/Special:Search?search=Vajrai+Waterfall,,Live Wikipedia extract when an exact/strong destination match exists; otherwise use registry fields and mark missing values PENDING,Wikipedia lead image first; Wikimedia Commons exact-name fallback
MH-WF-002,SPOT,Kune Falls,Pune,WATERFALL, — ,https://en.wikipedia.org/w/api.php,https://en.wikipedia.org/wiki/Special:Search?search=Kune+Falls,,Live Wikipedia extract when an exact/strong destination match exists; otherwise use registry fields and mark missing values PENDING,Wikipedia lead image first; Wikimedia Commons exact-name fallback
MH-WF-003,SPOT,Devkund Waterfall,Raigad,WATERFALL, — ,https://en.wikipedia.org/w/api.php,https://en.wikipedia.org/wiki/Special:Search?search=Devkund+Waterfall,,Live Wikipedia extract when an exact/strong destination match exists; otherwise use registry fields and mark missing values PENDING,Wikipedia lead image first; Wikimedia Commons exact-name fallback
MH-WF-004,SPOT,Randha Falls,Ahmednagar,WATERFALL, — ,https://en.wikipedia.org/w/api.php,https://en.wikipedia.org/wiki/Special:Search?search=Randha+Falls,,Live Wikipedia extract when an exact/strong destination match exists; otherwise use registry fields and mark missing values PENDING,Wikipedia lead image first; Wikimedia Commons exact-name fallback
MH-WF-005,SPOT,Umbrella Falls,Ahmednagar,WATERFALL, — ,https://en.wikipedia.org/w/api.php,https://en.wikipedia.org/wiki/Special:Search?search=Umbrella+Falls,,Live Wikipedia extract when an exact/strong destination match exists; otherwise use registry fields and mark missing values PENDING,Wikipedia lead image first; Wikimedia Commons exact-name fallback
MH-WF-006,SPOT,Thoseghar Waterfall,Satara,WATERFALL, — ,https://en.wikipedia.org/w/api.php,https://en.wikipedia.org/wiki/Special:Search?search=Thoseghar+Waterfall,,Live Wikipedia extract when an exact/strong destination match exists; otherwise use registry fields and mark missing values PENDING,Wikipedia lead image first; Wikimedia Commons exact-name fallback
MH-WF-007,SPOT,Marleshwar Waterfall,Ratnagiri,WATERFALL, — ,https://en.wikipedia.org/w/api.php,https://en.wikipedia.org/wiki/Special:Search?search=Marleshwar+Waterfall,,Live Wikipedia extract when an exact/strong destination match exists; otherwise use registry fields and mark missing values PENDING,Wikipedia lead image first; Wikimedia Commons exact-name fallback
MH-WF-008,SPOT,Amboli / Nangartas Waterfall,Sindhudurg,WATERFALL, — ,https://en.wikipedia.org/w/api.php,https://en.wikipedia.org/wiki/Special:Search?search=Amboli+/+Nangartas+Waterfall,,Live Wikipedia extract when an exact/strong destination match exists; otherwise use registry fields and mark missing values PENDING,Wikipedia lead image first; Wikimedia Commons exact-name fallback
MH-WF-009,SPOT,Ozarde Waterfall,Pune,WATERFALL, — ,https://en.wikipedia.org/w/api.php,https://en.wikipedia.org/wiki/Special:Search?search=Ozarde+Waterfall,,Live Wikipedia extract when an exact/strong destination match exists; otherwise use registry fields and mark missing values PENDING,Wikipedia lead image first; Wikimedia Commons exact-name fallback
MH-WF-010,SPOT,Pandavkada Falls,Raigad,WATERFALL, — ,https://en.wikipedia.org/w/api.php,https://en.wikipedia.org/wiki/Special:Search?search=Pandavkada+Falls,,Live Wikipedia extract when an exact/strong destination match exists; otherwise use registry fields and mark missing values PENDING,Wikipedia lead image first; Wikimedia Commons exact-name fallback
MH-WF-011,SPOT,Palasdari Waterfall,Nashik,WATERFALL, — ,https://en.wikipedia.org/w/api.php,https://en.wikipedia.org/wiki/Special:Search?search=Palasdari+Waterfall,,Live Wikipedia extract when an exact/strong destination match exists; otherwise use registry fields and mark missing values PENDING,Wikipedia lead image first; Wikimedia Commons exact-name fallback
MH-WF-012,SPOT,Someshwar Waterfall,Satara,WATERFALL, — ,https://en.wikipedia.org/w/api.php,https://en.wikipedia.org/wiki/Special:Search?search=Someshwar+Waterfall,,Live Wikipedia extract when an exact/strong destination match exists; otherwise use registry fields and mark missing values PENDING,Wikipedia lead image first; Wikimedia Commons exact-name fallback
MH-WF-013,SPOT,Chinaman & Dhobi Waterfalls,Raigad,WATERFALL, — ,https://en.wikipedia.org/w/api.php,https://en.wikipedia.org/wiki/Special:Search?search=Chinaman+&+Dhobi+Waterfalls,,Live Wikipedia extract when an exact/strong destination match exists; otherwise use registry fields and mark missing values PENDING,Wikipedia lead image first; Wikimedia Commons exact-name fallback
MH-WF-014,SPOT,Linganmala Waterfall,Ahmednagar,WATERFALL, — ,https://en.wikipedia.org/w/api.php,https://en.wikipedia.org/wiki/Special:Search?search=Linganmala+Waterfall,,Live Wikipedia extract when an exact/strong destination match exists; otherwise use registry fields and mark missing values PENDING,Wikipedia lead image first; Wikimedia Commons exact-name fallback
MH-VL-001,SPOT,Sandhan Valley (Valley of Shadows),Ahmednagar,VALLEY, — ,https://en.wikipedia.org/w/api.php,https://en.wikipedia.org/wiki/Special:Search?search=Sandhan+Valley+(Valley+of+Shadows),,Live Wikipedia extract when an exact/strong destination match exists; otherwise use registry fields and mark missing values PENDING,Wikipedia lead image first; Wikimedia Commons exact-name fallback
MH-VL-002,SPOT,Konkan Kada,Ahmednagar,VALLEY, — ,https://en.wikipedia.org/w/api.php,https://en.wikipedia.org/wiki/Special:Search?search=Konkan+Kada,,Live Wikipedia extract when an exact/strong destination match exists; otherwise use registry fields and mark missing values PENDING,Wikipedia lead image first; Wikimedia Commons exact-name fallback
MH-VL-003,SPOT,Rajmachi Valley,Pune,VALLEY, — ,https://en.wikipedia.org/w/api.php,https://en.wikipedia.org/wiki/Special:Search?search=Rajmachi+Valley,,Live Wikipedia extract when an exact/strong destination match exists; otherwise use registry fields and mark missing values PENDING,Wikipedia lead image first; Wikimedia Commons exact-name fallback
MH-VL-004,SPOT,Mulshi Valley,Pune,VALLEY, — ,https://en.wikipedia.org/w/api.php,https://en.wikipedia.org/wiki/Special:Search?search=Mulshi+Valley,,Live Wikipedia extract when an exact/strong destination match exists; otherwise use registry fields and mark missing values PENDING,Wikipedia lead image first; Wikimedia Commons exact-name fallback
MH-VL-005,SPOT,Tamhini Ghat Valley,Pune,VALLEY, — ,https://en.wikipedia.org/w/api.php,https://en.wikipedia.org/wiki/Special:Search?search=Tamhini+Ghat+Valley,,Live Wikipedia extract when an exact/strong destination match exists; otherwise use registry fields and mark missing values PENDING,Wikipedia lead image first; Wikimedia Commons exact-name fallback
MH-VL-006,SPOT,Velhe Valley,Pune,VALLEY, — ,https://en.wikipedia.org/w/api.php,https://en.wikipedia.org/wiki/Special:Search?search=Velhe+Valley,,Live Wikipedia extract when an exact/strong destination match exists; otherwise use registry fields and mark missing values PENDING,Wikipedia lead image first; Wikimedia Commons exact-name fallback
MH-VL-007,SPOT,Bhimashankar Valley,Pune,VALLEY, — ,https://en.wikipedia.org/w/api.php,https://en.wikipedia.org/wiki/Special:Search?search=Bhimashankar+Valley,,Live Wikipedia extract when an exact/strong destination match exists; otherwise use registry fields and mark missing values PENDING,Wikipedia lead image first; Wikimedia Commons exact-name fallback
MH-VL-008,SPOT,Karnala Valley,Raigad,VALLEY, — ,https://en.wikipedia.org/w/api.php,https://en.wikipedia.org/wiki/Special:Search?search=Karnala+Valley,,Live Wikipedia extract when an exact/strong destination match exists; otherwise use registry fields and mark missing values PENDING,Wikipedia lead image first; Wikimedia Commons exact-name fallback
MH-VL-009,SPOT,Panshet Valley,Pune,VALLEY, — ,https://en.wikipedia.org/w/api.php,https://en.wikipedia.org/wiki/Special:Search?search=Panshet+Valley,,Live Wikipedia extract when an exact/strong destination match exists; otherwise use registry fields and mark missing values PENDING,Wikipedia lead image first; Wikimedia Commons exact-name fallback
MH-HS-001,SPOT,Mahabaleshwar,Satara,HILL_STATION, — ,https://en.wikipedia.org/w/api.php,https://en.wikipedia.org/wiki/Special:Search?search=Mahabaleshwar,,Live Wikipedia extract when an exact/strong destination match exists; otherwise use registry fields and mark missing values PENDING,Wikipedia lead image first; Wikimedia Commons exact-name fallback
MH-HS-002,SPOT,Panchgani,Satara,HILL_STATION, — ,https://en.wikipedia.org/w/api.php,https://en.wikipedia.org/wiki/Special:Search?search=Panchgani,,Live Wikipedia extract when an exact/strong destination match exists; otherwise use registry fields and mark missing values PENDING,Wikipedia lead image first; Wikimedia Commons exact-name fallback
MH-HS-003,SPOT,Matheran,Raigad,HILL_STATION, — ,https://en.wikipedia.org/w/api.php,https://en.wikipedia.org/wiki/Special:Search?search=Matheran,,Live Wikipedia extract when an exact/strong destination match exists; otherwise use registry fields and mark missing values PENDING,Wikipedia lead image first; Wikimedia Commons exact-name fallback
MH-HS-004,SPOT,Lonavala,Pune,HILL_STATION, — ,https://en.wikipedia.org/w/api.php,https://en.wikipedia.org/wiki/Special:Search?search=Lonavala,,Live Wikipedia extract when an exact/strong destination match exists; otherwise use registry fields and mark missing values PENDING,Wikipedia lead image first; Wikimedia Commons exact-name fallback
MH-HS-005,SPOT,Khandala,Pune,HILL_STATION, — ,https://en.wikipedia.org/w/api.php,https://en.wikipedia.org/wiki/Special:Search?search=Khandala,,Live Wikipedia extract when an exact/strong destination match exists; otherwise use registry fields and mark missing values PENDING,Wikipedia lead image first; Wikimedia Commons exact-name fallback
MH-HS-006,SPOT,Chikhaldara,Amravati,HILL_STATION, — ,https://en.wikipedia.org/w/api.php,https://en.wikipedia.org/wiki/Special:Search?search=Chikhaldara,,Live Wikipedia extract when an exact/strong destination match exists; otherwise use registry fields and mark missing values PENDING,Wikipedia lead image first; Wikimedia Commons exact-name fallback
MH-HS-007,SPOT,Toranmal,Nandurbar,HILL_STATION, — ,https://en.wikipedia.org/w/api.php,https://en.wikipedia.org/wiki/Special:Search?search=Toranmal,,Live Wikipedia extract when an exact/strong destination match exists; otherwise use registry fields and mark missing values PENDING,Wikipedia lead image first; Wikimedia Commons exact-name fallback
MH-HS-008,SPOT,Bhandardara,Ahmednagar,HILL_STATION, — ,https://en.wikipedia.org/w/api.php,https://en.wikipedia.org/wiki/Special:Search?search=Bhandardara,,Live Wikipedia extract when an exact/strong destination match exists; otherwise use registry fields and mark missing values PENDING,Wikipedia lead image first; Wikimedia Commons exact-name fallback
MH-HS-009,SPOT,Igatpuri,Nashik,HILL_STATION, — ,https://en.wikipedia.org/w/api.php,https://en.wikipedia.org/wiki/Special:Search?search=Igatpuri,,Live Wikipedia extract when an exact/strong destination match exists; otherwise use registry fields and mark missing values PENDING,Wikipedia lead image first; Wikimedia Commons exact-name fallback
MH-HS-010,SPOT,Jawhar,Palghar,HILL_STATION, — ,https://en.wikipedia.org/w/api.php,https://en.wikipedia.org/wiki/Special:Search?search=Jawhar,,Live Wikipedia extract when an exact/strong destination match exists; otherwise use registry fields and mark missing values PENDING,Wikipedia lead image first; Wikimedia Commons exact-name fallback
MH-HS-011,SPOT,Amboli,Sindhudurg,HILL_STATION, — ,https://en.wikipedia.org/w/api.php,https://en.wikipedia.org/wiki/Special:Search?search=Amboli,,Live Wikipedia extract when an exact/strong destination match exists; otherwise use registry fields and mark missing values PENDING,Wikipedia lead image first; Wikimedia Commons exact-name fallback
MH-HS-012,SPOT,Panhala,Kolhapur,HILL_STATION, — ,https://en.wikipedia.org/w/api.php,https://en.wikipedia.org/wiki/Special:Search?search=Panhala,,Live Wikipedia extract when an exact/strong destination match exists; otherwise use registry fields and mark missing values PENDING,Wikipedia lead image first; Wikimedia Commons exact-name fallback
MH-BC-001,SPOT,Alibaug Beach,Raigad,BEACH, — ,https://en.wikipedia.org/w/api.php,https://en.wikipedia.org/wiki/Special:Search?search=Alibaug+Beach,,Live Wikipedia extract when an exact/strong destination match exists; otherwise use registry fields and mark missing values PENDING,Wikipedia lead image first; Wikimedia Commons exact-name fallback
MH-BC-002,SPOT,Kashid Beach,Raigad,BEACH, — ,https://en.wikipedia.org/w/api.php,https://en.wikipedia.org/wiki/Special:Search?search=Kashid+Beach,,Live Wikipedia extract when an exact/strong destination match exists; otherwise use registry fields and mark missing values PENDING,Wikipedia lead image first; Wikimedia Commons exact-name fallback
MH-BC-003,SPOT,Murud Beach,Raigad,BEACH, — ,https://en.wikipedia.org/w/api.php,https://en.wikipedia.org/wiki/Special:Search?search=Murud+Beach,,Live Wikipedia extract when an exact/strong destination match exists; otherwise use registry fields and mark missing values PENDING,Wikipedia lead image first; Wikimedia Commons exact-name fallback
MH-BC-004,SPOT,Diveagar Beach,Raigad,BEACH, — ,https://en.wikipedia.org/w/api.php,https://en.wikipedia.org/wiki/Special:Search?search=Diveagar+Beach,,Live Wikipedia extract when an exact/strong destination match exists; otherwise use registry fields and mark missing values PENDING,Wikipedia lead image first; Wikimedia Commons exact-name fallback
MH-BC-005,SPOT,Harihareshwar Beach,Raigad,BEACH, — ,https://en.wikipedia.org/w/api.php,https://en.wikipedia.org/wiki/Special:Search?search=Harihareshwar+Beach,,Live Wikipedia extract when an exact/strong destination match exists; otherwise use registry fields and mark missing values PENDING,Wikipedia lead image first; Wikimedia Commons exact-name fallback
MH-BC-006,SPOT,Ganpatipule Beach,Ratnagiri,BEACH, — ,https://en.wikipedia.org/w/api.php,https://en.wikipedia.org/wiki/Special:Search?search=Ganpatipule+Beach,,Live Wikipedia extract when an exact/strong destination match exists; otherwise use registry fields and mark missing values PENDING,Wikipedia lead image first; Wikimedia Commons exact-name fallback
MH-BC-007,SPOT,Tarkarli Beach,Sindhudurg,BEACH, — ,https://en.wikipedia.org/w/api.php,https://en.wikipedia.org/wiki/Special:Search?search=Tarkarli+Beach,,Live Wikipedia extract when an exact/strong destination match exists; otherwise use registry fields and mark missing values PENDING,Wikipedia lead image first; Wikimedia Commons exact-name fallback
MH-BC-008,SPOT,Malvan Beach,Sindhudurg,BEACH, — ,https://en.wikipedia.org/w/api.php,https://en.wikipedia.org/wiki/Special:Search?search=Malvan+Beach,,Live Wikipedia extract when an exact/strong destination match exists; otherwise use registry fields and mark missing values PENDING,Wikipedia lead image first; Wikimedia Commons exact-name fallback
MH-BC-009,SPOT,Vengurla Beach,Sindhudurg,BEACH, — ,https://en.wikipedia.org/w/api.php,https://en.wikipedia.org/wiki/Special:Search?search=Vengurla+Beach,,Live Wikipedia extract when an exact/strong destination match exists; otherwise use registry fields and mark missing values PENDING,Wikipedia lead image first; Wikimedia Commons exact-name fallback
MH-BC-010,SPOT,Guhagar Beach,Ratnagiri,BEACH, — ,https://en.wikipedia.org/w/api.php,https://en.wikipedia.org/wiki/Special:Search?search=Guhagar+Beach,,Live Wikipedia extract when an exact/strong destination match exists; otherwise use registry fields and mark missing values PENDING,Wikipedia lead image first; Wikimedia Commons exact-name fallback
MH-BC-011,SPOT,Velneshwar Beach,Ratnagiri,BEACH, — ,https://en.wikipedia.org/w/api.php,https://en.wikipedia.org/wiki/Special:Search?search=Velneshwar+Beach,,Live Wikipedia extract when an exact/strong destination match exists; otherwise use registry fields and mark missing values PENDING,Wikipedia lead image first; Wikimedia Commons exact-name fallback
MH-BC-012,SPOT,Karde Beach,Ratnagiri,BEACH, — ,https://en.wikipedia.org/w/api.php,https://en.wikipedia.org/wiki/Special:Search?search=Karde+Beach,,Live Wikipedia extract when an exact/strong destination match exists; otherwise use registry fields and mark missing values PENDING,Wikipedia lead image first; Wikimedia Commons exact-name fallback
MH-BC-013,SPOT,Anjarle Beach,Ratnagiri,BEACH, — ,https://en.wikipedia.org/w/api.php,https://en.wikipedia.org/wiki/Special:Search?search=Anjarle+Beach,,Live Wikipedia extract when an exact/strong destination match exists; otherwise use registry fields and mark missing values PENDING,Wikipedia lead image first; Wikimedia Commons exact-name fallback
MH-BC-014,SPOT,Kelva Beach,Palghar,BEACH, — ,https://en.wikipedia.org/w/api.php,https://en.wikipedia.org/wiki/Special:Search?search=Kelva+Beach,,Live Wikipedia extract when an exact/strong destination match exists; otherwise use registry fields and mark missing values PENDING,Wikipedia lead image first; Wikimedia Commons exact-name fallback
MH-BC-015,SPOT,Bordi Beach,Palghar,BEACH, — ,https://en.wikipedia.org/w/api.php,https://en.wikipedia.org/wiki/Special:Search?search=Bordi+Beach,,Live Wikipedia extract when an exact/strong destination match exists; otherwise use registry fields and mark missing values PENDING,Wikipedia lead image first; Wikimedia Commons exact-name fallback
MH-CP-001,SPOT,Malshej Ghat,Thane,CLOUD_POINT, — ,https://en.wikipedia.org/w/api.php,https://en.wikipedia.org/wiki/Special:Search?search=Malshej+Ghat,,Live Wikipedia extract when an exact/strong destination match exists; otherwise use registry fields and mark missing values PENDING,Wikipedia lead image first; Wikimedia Commons exact-name fallback
MH-CP-002,SPOT,Kaas Plateau,Satara,CLOUD_POINT, — ,https://en.wikipedia.org/w/api.php,https://en.wikipedia.org/wiki/Special:Search?search=Kaas+Plateau,,Live Wikipedia extract when an exact/strong destination match exists; otherwise use registry fields and mark missing values PENDING,Wikipedia lead image first; Wikimedia Commons exact-name fallback
MH-CP-003,SPOT,Panchgani Table Land,Satara,CLOUD_POINT, — ,https://en.wikipedia.org/w/api.php,https://en.wikipedia.org/wiki/Special:Search?search=Panchgani+Table+Land,,Live Wikipedia extract when an exact/strong destination match exists; otherwise use registry fields and mark missing values PENDING,Wikipedia lead image first; Wikimedia Commons exact-name fallback
MH-CP-004,SPOT,Cloud's End & Echo Point,Raigad,CLOUD_POINT, — ,https://en.wikipedia.org/w/api.php,https://en.wikipedia.org/wiki/Special:Search?search=Cloud's+End+&+Echo+Point,,Live Wikipedia extract when an exact/strong destination match exists; otherwise use registry fields and mark missing values PENDING,Wikipedia lead image first; Wikimedia Commons exact-name fallback
MH-CP-005,SPOT,Tiger's Leap & Duke's Nose,Pune,CLOUD_POINT, — ,https://en.wikipedia.org/w/api.php,https://en.wikipedia.org/wiki/Special:Search?search=Tiger's+Leap+&+Duke's+Nose,,Live Wikipedia extract when an exact/strong destination match exists; otherwise use registry fields and mark missing values PENDING,Wikipedia lead image first; Wikimedia Commons exact-name fallback
MH-CP-006,SPOT,Amboli Ghat Viewpoint,Sindhudurg,CLOUD_POINT, — ,https://en.wikipedia.org/w/api.php,https://en.wikipedia.org/wiki/Special:Search?search=Amboli+Ghat+Viewpoint,,Live Wikipedia extract when an exact/strong destination match exists; otherwise use registry fields and mark missing values PENDING,Wikipedia lead image first; Wikimedia Commons exact-name fallback
MH-PK-001,SPOT,Kalsubai,Ahmednagar,PEAK, — ,https://en.wikipedia.org/w/api.php,https://en.wikipedia.org/wiki/Special:Search?search=Kalsubai,,Live Wikipedia extract when an exact/strong destination match exists; otherwise use registry fields and mark missing values PENDING,Wikipedia lead image first; Wikimedia Commons exact-name fallback
MH-PK-002,SPOT,Salher,Nashik,PEAK, — ,https://en.wikipedia.org/w/api.php,https://en.wikipedia.org/wiki/Special:Search?search=Salher,,Live Wikipedia extract when an exact/strong destination match exists; otherwise use registry fields and mark missing values PENDING,Wikipedia lead image first; Wikimedia Commons exact-name fallback
MH-PK-003,SPOT,Taramati Peak (Harishchandragad),Ahmednagar,PEAK, — ,https://en.wikipedia.org/w/api.php,https://en.wikipedia.org/wiki/Special:Search?search=Taramati+Peak+(Harishchandragad),,Live Wikipedia extract when an exact/strong destination match exists; otherwise use registry fields and mark missing values PENDING,Wikipedia lead image first; Wikimedia Commons exact-name fallback
MH-PK-004,SPOT,Saptashrungi,Nashik,PEAK, — ,https://en.wikipedia.org/w/api.php,https://en.wikipedia.org/wiki/Special:Search?search=Saptashrungi,,Live Wikipedia extract when an exact/strong destination match exists; otherwise use registry fields and mark missing values PENDING,Wikipedia lead image first; Wikimedia Commons exact-name fallback
MH-PK-005,SPOT,Anjaneri,Nashik,PEAK, — ,https://en.wikipedia.org/w/api.php,https://en.wikipedia.org/wiki/Special:Search?search=Anjaneri,,Live Wikipedia extract when an exact/strong destination match exists; otherwise use registry fields and mark missing values PENDING,Wikipedia lead image first; Wikimedia Commons exact-name fallback
MH-PK-006,SPOT,Astambha Peak,Nandurbar,PEAK, — ,https://en.wikipedia.org/w/api.php,https://en.wikipedia.org/wiki/Special:Search?search=Astambha+Peak,,Live Wikipedia extract when an exact/strong destination match exists; otherwise use registry fields and mark missing values PENDING,Wikipedia lead image first; Wikimedia Commons exact-name fallback
MH-PK-007,SPOT,Bhimashankar Peak (Ganesh Ghat),Pune,PEAK, — ,https://en.wikipedia.org/w/api.php,https://en.wikipedia.org/wiki/Special:Search?search=Bhimashankar+Peak+(Ganesh+Ghat),,Live Wikipedia extract when an exact/strong destination match exists; otherwise use registry fields and mark missing values PENDING,Wikipedia lead image first; Wikimedia Commons exact-name fallback
MH-AV-001,SPOT,Moreshwar Ganpati,Pune,ASHTAVINAYAK, — ,https://en.wikipedia.org/w/api.php,https://en.wikipedia.org/wiki/Special:Search?search=Moreshwar+Ganpati,,Live Wikipedia extract when an exact/strong destination match exists; otherwise use registry fields and mark missing values PENDING,Wikipedia lead image first; Wikimedia Commons exact-name fallback
MH-AV-002,SPOT,"Siddhivinayak, Siddhatek",Ahmednagar,ASHTAVINAYAK, — ,https://en.wikipedia.org/w/api.php,"https://en.wikipedia.org/wiki/Special:Search?search=Siddhivinayak,+Siddhatek",,Live Wikipedia extract when an exact/strong destination match exists; otherwise use registry fields and mark missing values PENDING,Wikipedia lead image first; Wikimedia Commons exact-name fallback
MH-AV-003,SPOT,"Ballaleshwar, Pali",Raigad,ASHTAVINAYAK, — ,https://en.wikipedia.org/w/api.php,"https://en.wikipedia.org/wiki/Special:Search?search=Ballaleshwar,+Pali",,Live Wikipedia extract when an exact/strong destination match exists; otherwise use registry fields and mark missing values PENDING,Wikipedia lead image first; Wikimedia Commons exact-name fallback
MH-AV-004,SPOT,"Varadavinayak, Mahad",Raigad,ASHTAVINAYAK, — ,https://en.wikipedia.org/w/api.php,"https://en.wikipedia.org/wiki/Special:Search?search=Varadavinayak,+Mahad",,Live Wikipedia extract when an exact/strong destination match exists; otherwise use registry fields and mark missing values PENDING,Wikipedia lead image first; Wikimedia Commons exact-name fallback
MH-AV-005,SPOT,"Chintamani, Theur",Pune,ASHTAVINAYAK, — ,https://en.wikipedia.org/w/api.php,"https://en.wikipedia.org/wiki/Special:Search?search=Chintamani,+Theur",,Live Wikipedia extract when an exact/strong destination match exists; otherwise use registry fields and mark missing values PENDING,Wikipedia lead image first; Wikimedia Commons exact-name fallback
MH-AV-006,SPOT,"Girijatmaj, Lenyadri",Pune,ASHTAVINAYAK, — ,https://en.wikipedia.org/w/api.php,"https://en.wikipedia.org/wiki/Special:Search?search=Girijatmaj,+Lenyadri",,Live Wikipedia extract when an exact/strong destination match exists; otherwise use registry fields and mark missing values PENDING,Wikipedia lead image first; Wikimedia Commons exact-name fallback
MH-AV-007,SPOT,"Vighnahar, Ozar",Pune,ASHTAVINAYAK, — ,https://en.wikipedia.org/w/api.php,"https://en.wikipedia.org/wiki/Special:Search?search=Vighnahar,+Ozar",,Live Wikipedia extract when an exact/strong destination match exists; otherwise use registry fields and mark missing values PENDING,Wikipedia lead image first; Wikimedia Commons exact-name fallback
MH-AV-008,SPOT,"Mahaganapati, Ranjangaon",Pune,ASHTAVINAYAK, — ,https://en.wikipedia.org/w/api.php,"https://en.wikipedia.org/wiki/Special:Search?search=Mahaganapati,+Ranjangaon",,Live Wikipedia extract when an exact/strong destination match exists; otherwise use registry fields and mark missing values PENDING,Wikipedia lead image first; Wikimedia Commons exact-name fallback
MH-WF-015,SPOT,Kalu Waterfall,Thane,WATERFALL,"Wikimedia Commons first; online fallback — ""Kalu Waterfall"" Maharashtra",https://en.wikipedia.org/w/api.php,https://en.wikipedia.org/wiki/Special:Search?search=Kalu+Waterfall,https://commons.wikimedia.org/wiki/Special:MediaSearch?type=image&search=Kalu%20Waterfall%20Maharashtra,Use backend registry fields plus online destination summary when an exact entity match is available; unknown fields remain PENDING.,"Exact Kalu Waterfall entity match required; if Commons has no exact match, use the curated online fallback URL in app code. Never substitute a different waterfall."
MH-GH-001,SPOT,Naneghat,Pune,GHAT,"Wikimedia Commons — ""Naneghat"" Maharashtra",https://en.wikipedia.org/w/api.php,https://en.wikipedia.org/wiki/Special:Search?search=Naneghat,https://commons.wikimedia.org/wiki/Category:Naneghat,Use backend registry fields plus online destination summary when an exact entity match is available; unknown fields remain PENDING.,Exact Naneghat entity/category match required; never substitute another ghat.
MH-GH-002,SPOT,Darya Ghat,Pune,GHAT,"Wikimedia Commons first; online fallback — ""Darya Ghat"" Maharashtra",https://en.wikipedia.org/w/api.php,https://en.wikipedia.org/wiki/Special:Search?search=Darya+Ghat,https://commons.wikimedia.org/wiki/Special:MediaSearch?type=image&search=Darya%20Ghat%20Maharashtra,Use backend registry fields plus online destination summary when an exact entity match is available; unknown fields remain PENDING.,"Exact Darya Ghat entity match required; if Commons has no exact match, use the curated online fallback URL in app code. Never substitute another ghat."
