assetId,assetType,name,category,district,photoProvider,photoQuery,photoSearchUrl,photoApiQuery,matchRule,creditRequired
MH-F-001,FORT,Ahmednagar Fort,FORT,Ahilyanagar,Wikimedia Commons,"""Ahmednagar Fort"" fort Maharashtra",https://commons.wikimedia.org/wiki/Special:MediaSearch?type=image&search=%22Ahmednagar%20Fort%22%20fort%20Maharashtra,"""Ahmednagar Fort"" fort",Exact entity-name match required; otherwise keep placeholder. Never substitute a different fort.,True
MH-F-002,FORT,Akluj Fort,FORT,Solapur,Wikimedia Commons,"""Akluj Fort"" fort Maharashtra",https://commons.wikimedia.org/wiki/Special:MediaSearch?type=image&search=%22Akluj%20Fort%22%20fort%20Maharashtra,"""Akluj Fort"" fort",Exact entity-name match required; otherwise keep placeholder. Never substitute a different fort.,True
MH-F-003,FORT,Ambagar Fort,FORT,Bhandara,Wikimedia Commons,"""Ambagar Fort"" fort Maharashtra",https://commons.wikimedia.org/wiki/Special:MediaSearch?type=image&search=%22Ambagar%20Fort%22%20fort%20Maharashtra,"""Ambagar Fort"" fort",Exact entity-name match required; otherwise keep placeholder. Never substitute a different fort.,True
MH-F-004,FORT,Daulatabad / Devgiri Fort,FORT,Chhatrapati Sambhajinagar,Wikimedia Commons,"""Daulatabad / Devgiri Fort"" fort Maharashtra",https://commons.wikimedia.org/wiki/Special:MediaSearch?type=image&search=%22Daulatabad%20/%20Devgiri%20Fort%22%20fort%20Maharashtra,"""Daulatabad / Devgiri Fort"" fort",Exact entity-name match required; otherwise keep placeholder. Never substitute a different fort.,True
MH-F-005,FORT,Gawilgad Fort,FORT,Amravati,Wikimedia Commons,"""Gawilgad Fort"" fort Maharashtra",https://commons.wikimedia.org/wiki/Special:MediaSearch?type=image&search=%22Gawilgad%20Fort%22%20fort%20Maharashtra,"""Gawilgad Fort"" fort",Exact entity-name match required; otherwise keep placeholder. Never substitute a different fort.,True
MH-F-006,FORT,Harishchandragad Fort,FORT,Ahilyanagar,Wikimedia Commons,"""Harishchandragad Fort"" fort Maharashtra",https://commons.wikimedia.org/wiki/Special:MediaSearch?type=image&search=%22Harishchandragad%20Fort%22%20fort%20Maharashtra,"""Harishchandragad Fort"" fort",Exact entity-name match required; otherwise keep placeholder. Never substitute a different fort.,True
MH-F-007,FORT,Jaigad Fort,FORT,Ratnagiri,Wikimedia Commons,"""Jaigad Fort"" fort Maharashtra",https://commons.wikimedia.org/wiki/Special:MediaSearch?type=image&search=%22Jaigad%20Fort%22%20fort%20Maharashtra,"""Jaigad Fort"" fort",Exact entity-name match required; otherwise keep placeholder. Never substitute a different fort.,True
MH-F-008,FORT,Kandhar Fort,FORT,Nanded,Wikimedia Commons,"""Kandhar Fort"" fort Maharashtra",https://commons.wikimedia.org/wiki/Special:MediaSearch?type=image&search=%22Kandhar%20Fort%22%20fort%20Maharashtra,"""Kandhar Fort"" fort",Exact entity-name match required; otherwise keep placeholder. Never substitute a different fort.,True
MH-F-009,FORT,Laling Fort,FORT,Dhule,Wikimedia Commons,"""Laling Fort"" fort Maharashtra",https://commons.wikimedia.org/wiki/Special:MediaSearch?type=image&search=%22Laling%20Fort%22%20fort%20Maharashtra,"""Laling Fort"" fort",Exact entity-name match required; otherwise keep placeholder. Never substitute a different fort.,True
MH-F-010,FORT,Lohagad Fort,FORT,Pune,Wikimedia Commons,"""Lohagad Fort"" fort Maharashtra",https://commons.wikimedia.org/wiki/Special:MediaSearch?type=image&search=%22Lohagad%20Fort%22%20fort%20Maharashtra,"""Lohagad Fort"" fort",Exact entity-name match required; otherwise keep placeholder. Never substitute a different fort.,True
MH-F-011,FORT,Murud-Janjira Fort,FORT,Raigad,Wikimedia Commons,"""Murud-Janjira Fort"" fort Maharashtra",https://commons.wikimedia.org/wiki/Special:MediaSearch?type=image&search=%22Murud-Janjira%20Fort%22%20fort%20Maharashtra,"""Murud-Janjira Fort"" fort",Exact entity-name match required; otherwise keep placeholder. Never substitute a different fort.,True
MH-F-012,FORT,Nagardhan Fort,FORT,Nagpur,Wikimedia Commons,"""Nagardhan Fort"" fort Maharashtra",https://commons.wikimedia.org/wiki/Special:MediaSearch?type=image&search=%22Nagardhan%20Fort%22%20fort%20Maharashtra,"""Nagardhan Fort"" fort",Exact entity-name match required; otherwise keep placeholder. Never substitute a different fort.,True
MH-F-013,FORT,Naldurg Fort,FORT,Dharashiv,Wikimedia Commons,"""Naldurg Fort"" fort Maharashtra",https://commons.wikimedia.org/wiki/Special:MediaSearch?type=image&search=%22Naldurg%20Fort%22%20fort%20Maharashtra,"""Naldurg Fort"" fort",Exact entity-name match required; otherwise keep placeholder. Never substitute a different fort.,True
MH-F-014,FORT,Narnala Fort,FORT,Akola,Wikimedia Commons,"""Narnala Fort"" fort Maharashtra",https://commons.wikimedia.org/wiki/Special:MediaSearch?type=image&search=%22Narnala%20Fort%22%20fort%20Maharashtra,"""Narnala Fort"" fort",Exact entity-name match required; otherwise keep placeholder. Never substitute a different fort.,True
MH-F-015,FORT,Panhala Fort,FORT,Kolhapur,Wikimedia Commons,"""Panhala Fort"" fort Maharashtra",https://commons.wikimedia.org/wiki/Special:MediaSearch?type=image&search=%22Panhala%20Fort%22%20fort%20Maharashtra,"""Panhala Fort"" fort",Exact entity-name match required; otherwise keep placeholder. Never substitute a different fort.,True
MH-F-016,FORT,Pauni Fort,FORT,Bhandara,Wikimedia Commons,"""Pauni Fort"" fort Maharashtra",https://commons.wikimedia.org/wiki/Special:MediaSearch?type=image&search=%22Pauni%20Fort%22%20fort%20Maharashtra,"""Pauni Fort"" fort",Exact entity-name match required; otherwise keep placeholder. Never substitute a different fort.,True
MH-F-017,FORT,Pratapgad Fort,FORT,Satara,Wikimedia Commons,"""Pratapgad Fort"" fort Maharashtra",https://commons.wikimedia.org/wiki/Special:MediaSearch?type=image&search=%22Pratapgad%20Fort%22%20fort%20Maharashtra,"""Pratapgad Fort"" fort",Exact entity-name match required; otherwise keep placeholder. Never substitute a different fort.,True
MH-F-018,FORT,Purandar Fort,FORT,Pune,Wikimedia Commons,"""Purandar Fort"" fort Maharashtra",https://commons.wikimedia.org/wiki/Special:MediaSearch?type=image&search=%22Purandar%20Fort%22%20fort%20Maharashtra,"""Purandar Fort"" fort",Exact entity-name match required; otherwise keep placeholder. Never substitute a different fort.,True
MH-F-019,FORT,Rajgad Fort,FORT,Pune,Wikimedia Commons,"""Rajgad Fort"" fort Maharashtra",https://commons.wikimedia.org/wiki/Special:MediaSearch?type=image&search=%22Rajgad%20Fort%22%20fort%20Maharashtra,"""Rajgad Fort"" fort",Exact entity-name match required; otherwise keep placeholder. Never substitute a different fort.,True
MH-F-020,FORT,Sajjangad Fort,FORT,Satara,Wikimedia Commons,"""Sajjangad Fort"" fort Maharashtra",https://commons.wikimedia.org/wiki/Special:MediaSearch?type=image&search=%22Sajjangad%20Fort%22%20fort%20Maharashtra,"""Sajjangad Fort"" fort",Exact entity-name match required; otherwise keep placeholder. Never substitute a different fort.,True
MH-F-021,FORT,Shivneri Fort,FORT,Pune,Wikimedia Commons,"""Shivneri Fort"" fort Maharashtra",https://commons.wikimedia.org/wiki/Special:MediaSearch?type=image&search=%22Shivneri%20Fort%22%20fort%20Maharashtra,"""Shivneri Fort"" fort",Exact entity-name match required; otherwise keep placeholder. Never substitute a different fort.,True
MH-F-022,FORT,Sindhudurg Fort,FORT,Sindhudurg,Wikimedia Commons,"""Sindhudurg Fort"" fort Maharashtra",https://commons.wikimedia.org/wiki/Special:MediaSearch?type=image&search=%22Sindhudurg%20Fort%22%20fort%20Maharashtra,"""Sindhudurg Fort"" fort",Exact entity-name match required; otherwise keep placeholder. Never substitute a different fort.,True
MH-F-023,FORT,Sinhagad Fort,FORT,Pune,Wikimedia Commons,"""Sinhagad Fort"" fort Maharashtra",https://commons.wikimedia.org/wiki/Special:MediaSearch?type=image&search=%22Sinhagad%20Fort%22%20fort%20Maharashtra,"""Sinhagad Fort"" fort",Exact entity-name match required; otherwise keep placeholder. Never substitute a different fort.,True
MH-F-024,FORT,Torna Fort,FORT,Pune,Wikimedia Commons,"""Torna Fort"" fort Maharashtra",https://commons.wikimedia.org/wiki/Special:MediaSearch?type=image&search=%22Torna%20Fort%22%20fort%20Maharashtra,"""Torna Fort"" fort",Exact entity-name match required; otherwise keep placeholder. Never substitute a different fort.,True
MH-F-025,FORT,Vasai Fort,FORT,Palghar,Wikimedia Commons,"""Vasai Fort"" fort Maharashtra",https://commons.wikimedia.org/wiki/Special:MediaSearch?type=image&search=%22Vasai%20Fort%22%20fort%20Maharashtra,"""Vasai Fort"" fort",Exact entity-name match required; otherwise keep placeholder. Never substitute a different fort.,True
MH-F-026,FORT,Vijaydurg Fort,FORT,Sindhudurg,Wikimedia Commons,"""Vijaydurg Fort"" fort Maharashtra",https://commons.wikimedia.org/wiki/Special:MediaSearch?type=image&search=%22Vijaydurg%20Fort%22%20fort%20Maharashtra,"""Vijaydurg Fort"" fort",Exact entity-name match required; otherwise keep placeholder. Never substitute a different fort.,True
MH-F-027,FORT,Vishalgad Fort,FORT,Kolhapur,Wikimedia Commons,"""Vishalgad Fort"" fort Maharashtra",https://commons.wikimedia.org/wiki/Special:MediaSearch?type=image&search=%22Vishalgad%20Fort%22%20fort%20Maharashtra,"""Vishalgad Fort"" fort",Exact entity-name match required; otherwise keep placeholder. Never substitute a different fort.,True
MH-F-028,FORT,Shirgaon Fort,FORT,Palghar,Wikimedia Commons,"""Shirgaon Fort"" fort Maharashtra",https://commons.wikimedia.org/wiki/Special:MediaSearch?type=image&search=%22Shirgaon%20Fort%22%20fort%20Maharashtra,"""Shirgaon Fort"" fort",Exact entity-name match required; otherwise keep placeholder. Never substitute a different fort.,True
MH-F-029,FORT,Bhudargad Fort,FORT,Kolhapur,Wikimedia Commons,"""Bhudargad Fort"" fort Maharashtra",https://commons.wikimedia.org/wiki/Special:MediaSearch?type=image&search=%22Bhudargad%20Fort%22%20fort%20Maharashtra,"""Bhudargad Fort"" fort",Exact entity-name match required; otherwise keep placeholder. Never substitute a different fort.,True
MH-F-030,FORT,Kharda Fort,FORT,Ahilyanagar,Wikimedia Commons,"""Kharda Fort"" fort Maharashtra",https://commons.wikimedia.org/wiki/Special:MediaSearch?type=image&search=%22Kharda%20Fort%22%20fort%20Maharashtra,"""Kharda Fort"" fort",Exact entity-name match required; otherwise keep placeholder. Never substitute a different fort.,True
MH-F-031,FORT,Galana Fort,FORT,Nashik,Wikimedia Commons,"""Galana Fort"" fort Maharashtra",https://commons.wikimedia.org/wiki/Special:MediaSearch?type=image&search=%22Galana%20Fort%22%20fort%20Maharashtra,"""Galana Fort"" fort",Exact entity-name match required; otherwise keep placeholder. Never substitute a different fort.,True
MH-F-032,FORT,Ambagad Fort,FORT,Bhandara,Wikimedia Commons,"""Ambagad Fort"" fort Maharashtra",https://commons.wikimedia.org/wiki/Special:MediaSearch?type=image&search=%22Ambagad%20Fort%22%20fort%20Maharashtra,"""Ambagad Fort"" fort",Exact entity-name match required; otherwise keep placeholder. Never substitute a different fort.,True
MH-F-033,FORT,Manikgad Fort,FORT,Chandrapur,Wikimedia Commons,"""Manikgad Fort"" fort Maharashtra",https://commons.wikimedia.org/wiki/Special:MediaSearch?type=image&search=%22Manikgad%20Fort%22%20fort%20Maharashtra,"""Manikgad Fort"" fort",Exact entity-name match required; otherwise keep placeholder. Never substitute a different fort.,True
MH-F-034,FORT,Antur Fort,FORT,Chhatrapati Sambhajinagar,Wikimedia Commons,"""Antur Fort"" fort Maharashtra",https://commons.wikimedia.org/wiki/Special:MediaSearch?type=image&search=%22Antur%20Fort%22%20fort%20Maharashtra,"""Antur Fort"" fort",Exact entity-name match required; otherwise keep placeholder. Never substitute a different fort.,True
MH-F-035,FORT,Paranda Fort,FORT,Dharashiv,Wikimedia Commons,"""Paranda Fort"" fort Maharashtra",https://commons.wikimedia.org/wiki/Special:MediaSearch?type=image&search=%22Paranda%20Fort%22%20fort%20Maharashtra,"""Paranda Fort"" fort",Exact entity-name match required; otherwise keep placeholder. Never substitute a different fort.,True
MH-F-036,FORT,Dharur Fort,FORT,Beed,Wikimedia Commons,"""Dharur Fort"" fort Maharashtra",https://commons.wikimedia.org/wiki/Special:MediaSearch?type=image&search=%22Dharur%20Fort%22%20fort%20Maharashtra,"""Dharur Fort"" fort",Exact entity-name match required; otherwise keep placeholder. Never substitute a different fort.,True
MH-F-037,FORT,Ausa Fort,FORT,Latur,Wikimedia Commons,"""Ausa Fort"" fort Maharashtra",https://commons.wikimedia.org/wiki/Special:MediaSearch?type=image&search=%22Ausa%20Fort%22%20fort%20Maharashtra,"""Ausa Fort"" fort",Exact entity-name match required; otherwise keep placeholder. Never substitute a different fort.,True
MH-F-038,FORT,Mahur Fort,FORT,Nanded,Wikimedia Commons,"""Mahur Fort"" fort Maharashtra",https://commons.wikimedia.org/wiki/Special:MediaSearch?type=image&search=%22Mahur%20Fort%22%20fort%20Maharashtra,"""Mahur Fort"" fort",Exact entity-name match required; otherwise keep placeholder. Never substitute a different fort.,True
MH-F-039,FORT,Purngad Fort,FORT,Ratnagiri,Wikimedia Commons,"""Purngad Fort"" fort Maharashtra",https://commons.wikimedia.org/wiki/Special:MediaSearch?type=image&search=%22Purngad%20Fort%22%20fort%20Maharashtra,"""Purngad Fort"" fort",Exact entity-name match required; otherwise keep placeholder. Never substitute a different fort.,True
MH-F-040,FORT,Bankot Fort,FORT,Ratnagiri,Wikimedia Commons,"""Bankot Fort"" fort Maharashtra",https://commons.wikimedia.org/wiki/Special:MediaSearch?type=image&search=%22Bankot%20Fort%22%20fort%20Maharashtra,"""Bankot Fort"" fort",Exact entity-name match required; otherwise keep placeholder. Never substitute a different fort.,True
MH-F-041,FORT,Underi Fort,FORT,Raigad,Wikimedia Commons,"""Underi Fort"" fort Maharashtra",https://commons.wikimedia.org/wiki/Special:MediaSearch?type=image&search=%22Underi%20Fort%22%20fort%20Maharashtra,"""Underi Fort"" fort",Exact entity-name match required; otherwise keep placeholder. Never substitute a different fort.,True
MH-F-042,FORT,Yashwantgad Fort,FORT,Sindhudurg,Wikimedia Commons,"""Yashwantgad Fort"" fort Maharashtra",https://commons.wikimedia.org/wiki/Special:MediaSearch?type=image&search=%22Yashwantgad%20Fort%22%20fort%20Maharashtra,"""Yashwantgad Fort"" fort",Exact entity-name match required; otherwise keep placeholder. Never substitute a different fort.,True
MH-F-043,FORT,Bharatgad Fort,FORT,Sindhudurg,Wikimedia Commons,"""Bharatgad Fort"" fort Maharashtra",https://commons.wikimedia.org/wiki/Special:MediaSearch?type=image&search=%22Bharatgad%20Fort%22%20fort%20Maharashtra,"""Bharatgad Fort"" fort",Exact entity-name match required; otherwise keep placeholder. Never substitute a different fort.,True
MH-F-044,FORT,Korigad Fort,FORT,Pune,Wikimedia Commons,"""Korigad Fort"" fort Maharashtra",https://commons.wikimedia.org/wiki/Special:MediaSearch?type=image&search=%22Korigad%20Fort%22%20fort%20Maharashtra,"""Korigad Fort"" fort",Exact entity-name match required; otherwise keep placeholder. Never substitute a different fort.,True
MH-F-045,FORT,Rangana Fort,FORT,Kolhapur,Wikimedia Commons,"""Rangana Fort"" fort Maharashtra",https://commons.wikimedia.org/wiki/Special:MediaSearch?type=image&search=%22Rangana%20Fort%22%20fort%20Maharashtra,"""Rangana Fort"" fort",Exact entity-name match required; otherwise keep placeholder. Never substitute a different fort.,True
MH-F-046,FORT,Ankai Fort,FORT,Nashik,Wikimedia Commons,"""Ankai Fort"" fort Maharashtra",https://commons.wikimedia.org/wiki/Special:MediaSearch?type=image&search=%22Ankai%20Fort%22%20fort%20Maharashtra,"""Ankai Fort"" fort",Exact entity-name match required; otherwise keep placeholder. Never substitute a different fort.,True
MH-F-047,FORT,Tankai Fort,FORT,Nashik,Wikimedia Commons,"""Tankai Fort"" fort Maharashtra",https://commons.wikimedia.org/wiki/Special:MediaSearch?type=image&search=%22Tankai%20Fort%22%20fort%20Maharashtra,"""Tankai Fort"" fort",Exact entity-name match required; otherwise keep placeholder. Never substitute a different fort.,True
MH-F-048,FORT,Salher Fort,FORT,Nashik,Wikimedia Commons,"""Salher Fort"" fort Maharashtra",https://commons.wikimedia.org/wiki/Special:MediaSearch?type=image&search=%22Salher%20Fort%22%20fort%20Maharashtra,"""Salher Fort"" fort",Exact entity-name match required; otherwise keep placeholder. Never substitute a different fort.,True
MH-F-049,FORT,Mulher Fort,FORT,Nashik,Wikimedia Commons,"""Mulher Fort"" fort Maharashtra",https://commons.wikimedia.org/wiki/Special:MediaSearch?type=image&search=%22Mulher%20Fort%22%20fort%20Maharashtra,"""Mulher Fort"" fort",Exact entity-name match required; otherwise keep placeholder. Never substitute a different fort.,True
MH-F-050,FORT,Vetalwadi Fort,FORT,Chhatrapati Sambhajinagar,Wikimedia Commons,"""Vetalwadi Fort"" fort Maharashtra",https://commons.wikimedia.org/wiki/Special:MediaSearch?type=image&search=%22Vetalwadi%20Fort%22%20fort%20Maharashtra,"""Vetalwadi Fort"" fort",Exact entity-name match required; otherwise keep placeholder. Never substitute a different fort.,True
MH-F-051,FORT,Aad,FORT,,Wikimedia Commons,"""Aad"" fort Maharashtra",https://commons.wikimedia.org/wiki/Special:MediaSearch?type=image&search=%22Aad%22%20fort%20Maharashtra,"""Aad"" fort",Exact entity-name match required; otherwise keep placeholder. Never substitute a different fort.,True
MH-F-052,FORT,Abhasgad,FORT,,Wikimedia Commons,"""Abhasgad"" fort Maharashtra",https://commons.wikimedia.org/wiki/Special:MediaSearch?type=image&search=%22Abhasgad%22%20fort%20Maharashtra,"""Abhasgad"" fort",Exact entity-name match required; otherwise keep placeholder. Never substitute a different fort.,True
MH-F-053,FORT,Achala,FORT,Nashik,Wikimedia Commons,"""Achala"" fort Maharashtra",https://commons.wikimedia.org/wiki/Special:MediaSearch?type=image&search=%22Achala%22%20fort%20Maharashtra,"""Achala"" fort",Exact entity-name match required; otherwise keep placeholder. Never substitute a different fort.,True
MH-F-054,FORT,Achalpur (Ellichpur),FORT,,Wikimedia Commons,"""Achalpur (Ellichpur)"" fort Maharashtra",https://commons.wikimedia.org/wiki/Special:MediaSearch?type=image&search=%22Achalpur%20%28Ellichpur%29%22%20fort%20Maharashtra,"""Achalpur (Ellichpur)"" fort",Exact entity-name match required; otherwise keep placeholder. Never substitute a different fort.,True
MH-F-055,FORT,Adas,FORT,,Wikimedia Commons,"""Adas"" fort Maharashtra",https://commons.wikimedia.org/wiki/Special:MediaSearch?type=image&search=%22Adas%22%20fort%20Maharashtra,"""Adas"" fort",Exact entity-name match required; otherwise keep placeholder. Never substitute a different fort.,True
MH-F-056,FORT,Adgaum (Argaon),FORT,,Wikimedia Commons,"""Adgaum (Argaon)"" fort Maharashtra",https://commons.wikimedia.org/wiki/Special:MediaSearch?type=image&search=%22Adgaum%20%28Argaon%29%22%20fort%20Maharashtra,"""Adgaum (Argaon)"" fort",Exact entity-name match required; otherwise keep placeholder. Never substitute a different fort.,True
MH-F-057,FORT,Agashi,FORT,,Wikimedia Commons,"""Agashi"" fort Maharashtra",https://commons.wikimedia.org/wiki/Special:MediaSearch?type=image&search=%22Agashi%22%20fort%20Maharashtra,"""Agashi"" fort",Exact entity-name match required; otherwise keep placeholder. Never substitute a different fort.,True
MH-F-058,FORT,Ahiwant (Sarp/Serpant),FORT,Nashik,Wikimedia Commons,"""Ahiwant (Sarp/Serpant)"" fort Maharashtra",https://commons.wikimedia.org/wiki/Special:MediaSearch?type=image&search=%22Ahiwant%20%28Sarp/Serpant%29%22%20fort%20Maharashtra,"""Ahiwant (Sarp/Serpant)"" fort",Exact entity-name match required; otherwise keep placeholder. Never substitute a different fort.,True
MH-F-059,FORT,Ajare,FORT,,Wikimedia Commons,"""Ajare"" fort Maharashtra",https://commons.wikimedia.org/wiki/Special:MediaSearch?type=image&search=%22Ajare%22%20fort%20Maharashtra,"""Ajare"" fort",Exact entity-name match required; otherwise keep placeholder. Never substitute a different fort.,True
MH-F-060,FORT,Akeri,FORT,,Wikimedia Commons,"""Akeri"" fort Maharashtra",https://commons.wikimedia.org/wiki/Special:MediaSearch?type=image&search=%22Akeri%22%20fort%20Maharashtra,"""Akeri"" fort",Exact entity-name match required; otherwise keep placeholder. Never substitute a different fort.,True
MH-F-061,FORT,Akhrani,FORT,,Wikimedia Commons,"""Akhrani"" fort Maharashtra",https://commons.wikimedia.org/wiki/Special:MediaSearch?type=image&search=%22Akhrani%22%20fort%20Maharashtra,"""Akhrani"" fort",Exact entity-name match required; otherwise keep placeholder. Never substitute a different fort.,True
MH-F-062,FORT,Akola (Asagad/Asadgad),FORT,,Wikimedia Commons,"""Akola (Asagad/Asadgad)"" fort Maharashtra",https://commons.wikimedia.org/wiki/Special:MediaSearch?type=image&search=%22Akola%20%28Asagad/Asadgad%29%22%20fort%20Maharashtra,"""Akola (Asagad/Asadgad)"" fort",Exact entity-name match required; otherwise keep placeholder. Never substitute a different fort.,True
MH-F-063,FORT,Alang,FORT,Nashik,Wikimedia Commons,"""Alang"" fort Maharashtra",https://commons.wikimedia.org/wiki/Special:MediaSearch?type=image&search=%22Alang%22%20fort%20Maharashtra,"""Alang"" fort",Exact entity-name match required; otherwise keep placeholder. Never substitute a different fort.,True
MH-F-064,FORT,Alibag (Hirakot),FORT,,Wikimedia Commons,"""Alibag (Hirakot)"" fort Maharashtra",https://commons.wikimedia.org/wiki/Special:MediaSearch?type=image&search=%22Alibag%20%28Hirakot%29%22%20fort%20Maharashtra,"""Alibag (Hirakot)"" fort",Exact entity-name match required; otherwise keep placeholder. Never substitute a different fort.,True
MH-F-065,FORT,Amalner,FORT,,Wikimedia Commons,"""Amalner"" fort Maharashtra",https://commons.wikimedia.org/wiki/Special:MediaSearch?type=image&search=%22Amalner%22%20fort%20Maharashtra,"""Amalner"" fort",Exact entity-name match required; otherwise keep placeholder. Never substitute a different fort.,True
MH-F-066,FORT,Ambagadh,FORT,,Wikimedia Commons,"""Ambagadh"" fort Maharashtra",https://commons.wikimedia.org/wiki/Special:MediaSearch?type=image&search=%22Ambagadh%22%20fort%20Maharashtra,"""Ambagadh"" fort",Exact entity-name match required; otherwise keep placeholder. Never substitute a different fort.,True
MH-F-067,FORT,Ambi Khurd,FORT,,Wikimedia Commons,"""Ambi Khurd"" fort Maharashtra",https://commons.wikimedia.org/wiki/Special:MediaSearch?type=image&search=%22Ambi%20Khurd%22%20fort%20Maharashtra,"""Ambi Khurd"" fort",Exact entity-name match required; otherwise keep placeholder. Never substitute a different fort.,True
MH-F-068,FORT,Ambolgad,FORT,,Wikimedia Commons,"""Ambolgad"" fort Maharashtra",https://commons.wikimedia.org/wiki/Special:MediaSearch?type=image&search=%22Ambolgad%22%20fort%20Maharashtra,"""Ambolgad"" fort",Exact entity-name match required; otherwise keep placeholder. Never substitute a different fort.,True
MH-F-069,FORT,Amner (Jilpi),FORT,,Wikimedia Commons,"""Amner (Jilpi)"" fort Maharashtra",https://commons.wikimedia.org/wiki/Special:MediaSearch?type=image&search=%22Amner%20%28Jilpi%29%22%20fort%20Maharashtra,"""Amner (Jilpi)"" fort",Exact entity-name match required; otherwise keep placeholder. Never substitute a different fort.,True
MH-F-070,FORT,Andhalgaum,FORT,,Wikimedia Commons,"""Andhalgaum"" fort Maharashtra",https://commons.wikimedia.org/wiki/Special:MediaSearch?type=image&search=%22Andhalgaum%22%20fort%20Maharashtra,"""Andhalgaum"" fort",Exact entity-name match required; otherwise keep placeholder. Never substitute a different fort.,True
MH-F-071,FORT,Anjaneri,FORT,Nashik,Wikimedia Commons,"""Anjaneri"" fort Maharashtra",https://commons.wikimedia.org/wiki/Special:MediaSearch?type=image&search=%22Anjaneri%22%20fort%20Maharashtra,"""Anjaneri"" fort",Exact entity-name match required; otherwise keep placeholder. Never substitute a different fort.,True
MH-F-072,FORT,Anjanvel (Gopalgad),FORT,Ratnagiri,Wikimedia Commons,"""Anjanvel (Gopalgad)"" fort Maharashtra",https://commons.wikimedia.org/wiki/Special:MediaSearch?type=image&search=%22Anjanvel%20%28Gopalgad%29%22%20fort%20Maharashtra,"""Anjanvel (Gopalgad)"" fort",Exact entity-name match required; otherwise keep placeholder. Never substitute a different fort.,True
MH-F-073,FORT,Arnala,FORT,Palghar,Wikimedia Commons,"""Arnala"" fort Maharashtra",https://commons.wikimedia.org/wiki/Special:MediaSearch?type=image&search=%22Arnala%22%20fort%20Maharashtra,"""Arnala"" fort",Exact entity-name match required; otherwise keep placeholder. Never substitute a different fort.,True
MH-F-074,FORT,Asava (Ashagad/Asavagad),FORT,,Wikimedia Commons,"""Asava (Ashagad/Asavagad)"" fort Maharashtra",https://commons.wikimedia.org/wiki/Special:MediaSearch?type=image&search=%22Asava%20%28Ashagad/Asavagad%29%22%20fort%20Maharashtra,"""Asava (Ashagad/Asavagad)"" fort",Exact entity-name match required; otherwise keep placeholder. Never substitute a different fort.,True
MH-F-075,FORT,Asheri,FORT,Palghar,Wikimedia Commons,"""Asheri"" fort Maharashtra",https://commons.wikimedia.org/wiki/Special:MediaSearch?type=image&search=%22Asheri%22%20fort%20Maharashtra,"""Asheri"" fort",Exact entity-name match required; otherwise keep placeholder. Never substitute a different fort.,True
MH-F-076,FORT,Assaye,FORT,,Wikimedia Commons,"""Assaye"" fort Maharashtra",https://commons.wikimedia.org/wiki/Special:MediaSearch?type=image&search=%22Assaye%22%20fort%20Maharashtra,"""Assaye"" fort",Exact entity-name match required; otherwise keep placeholder. Never substitute a different fort.,True
MH-F-077,FORT,Aundh,FORT,,Wikimedia Commons,"""Aundh"" fort Maharashtra",https://commons.wikimedia.org/wiki/Special:MediaSearch?type=image&search=%22Aundh%22%20fort%20Maharashtra,"""Aundh"" fort",Exact entity-name match required; otherwise keep placeholder. Never substitute a different fort.,True
MH-F-078,FORT,Aundha (Avandha),FORT,,Wikimedia Commons,"""Aundha (Avandha)"" fort Maharashtra",https://commons.wikimedia.org/wiki/Special:MediaSearch?type=image&search=%22Aundha%20%28Avandha%29%22%20fort%20Maharashtra,"""Aundha (Avandha)"" fort",Exact entity-name match required; otherwise keep placeholder. Never substitute a different fort.,True
MH-F-079,FORT,Avachtigad (Medha),FORT,Raigad,Wikimedia Commons,"""Avachtigad (Medha)"" fort Maharashtra",https://commons.wikimedia.org/wiki/Special:MediaSearch?type=image&search=%22Avachtigad%20%28Medha%29%22%20fort%20Maharashtra,"""Avachtigad (Medha)"" fort",Exact entity-name match required; otherwise keep placeholder. Never substitute a different fort.,True
MH-F-080,FORT,Avandha (Aundha),FORT,,Wikimedia Commons,"""Avandha (Aundha)"" fort Maharashtra",https://commons.wikimedia.org/wiki/Special:MediaSearch?type=image&search=%22Avandha%20%28Aundha%29%22%20fort%20Maharashtra,"""Avandha (Aundha)"" fort",Exact entity-name match required; otherwise keep placeholder. Never substitute a different fort.,True
MH-F-081,FORT,Avre,FORT,,Wikimedia Commons,"""Avre"" fort Maharashtra",https://commons.wikimedia.org/wiki/Special:MediaSearch?type=image&search=%22Avre%22%20fort%20Maharashtra,"""Avre"" fort",Exact entity-name match required; otherwise keep placeholder. Never substitute a different fort.,True
MH-F-082,FORT,Badanera,FORT,,Wikimedia Commons,"""Badanera"" fort Maharashtra",https://commons.wikimedia.org/wiki/Special:MediaSearch?type=image&search=%22Badanera%22%20fort%20Maharashtra,"""Badanera"" fort",Exact entity-name match required; otherwise keep placeholder. Never substitute a different fort.,True
MH-F-083,FORT,Bagni,FORT,,Wikimedia Commons,"""Bagni"" fort Maharashtra",https://commons.wikimedia.org/wiki/Special:MediaSearch?type=image&search=%22Bagni%22%20fort%20Maharashtra,"""Bagni"" fort",Exact entity-name match required; otherwise keep placeholder. Never substitute a different fort.,True
MH-F-084,FORT,Bahadurwadi,FORT,,Wikimedia Commons,"""Bahadurwadi"" fort Maharashtra",https://commons.wikimedia.org/wiki/Special:MediaSearch?type=image&search=%22Bahadurwadi%22%20fort%20Maharashtra,"""Bahadurwadi"" fort",Exact entity-name match required; otherwise keep placeholder. Never substitute a different fort.,True
MH-F-085,FORT,Bahem,FORT,,Wikimedia Commons,"""Bahem"" fort Maharashtra",https://commons.wikimedia.org/wiki/Special:MediaSearch?type=image&search=%22Bahem%22%20fort%20Maharashtra,"""Bahem"" fort",Exact entity-name match required; otherwise keep placeholder. Never substitute a different fort.,True
MH-F-086,FORT,Bahiravgad (Bhai Ramgad/Bairamgad/Saramja),FORT,,Wikimedia Commons,"""Bahiravgad (Bhai Ramgad/Bairamgad/Saramja)"" fort Maharashtra",https://commons.wikimedia.org/wiki/Special:MediaSearch?type=image&search=%22Bahiravgad%20%28Bhai%20Ramgad/Bairamgad/Saramja%29%22%20fort%20Maharashtra,"""Bahiravgad (Bhai Ramgad/Bairamgad/Saramja)"" fort",Exact entity-name match required; otherwise keep placeholder. Never substitute a different fort.,True
MH-F-087,FORT,Bahirgad,FORT,,Wikimedia Commons,"""Bahirgad"" fort Maharashtra",https://commons.wikimedia.org/wiki/Special:MediaSearch?type=image&search=%22Bahirgad%22%20fort%20Maharashtra,"""Bahirgad"" fort",Exact entity-name match required; otherwise keep placeholder. Never substitute a different fort.,True
MH-F-088,FORT,Bahula,FORT,,Wikimedia Commons,"""Bahula"" fort Maharashtra",https://commons.wikimedia.org/wiki/Special:MediaSearch?type=image&search=%22Bahula%22%20fort%20Maharashtra,"""Bahula"" fort",Exact entity-name match required; otherwise keep placeholder. Never substitute a different fort.,True
MH-F-089,FORT,Baitulawadi (Vetalwadi/Baitalwadi),FORT,,Wikimedia Commons,"""Baitulawadi (Vetalwadi/Baitalwadi)"" fort Maharashtra",https://commons.wikimedia.org/wiki/Special:MediaSearch?type=image&search=%22Baitulawadi%20%28Vetalwadi/Baitalwadi%29%22%20fort%20Maharashtra,"""Baitulawadi (Vetalwadi/Baitalwadi)"" fort",Exact entity-name match required; otherwise keep placeholder. Never substitute a different fort.,True
MH-F-090,FORT,Balapur,FORT,,Wikimedia Commons,"""Balapur"" fort Maharashtra",https://commons.wikimedia.org/wiki/Special:MediaSearch?type=image&search=%22Balapur%22%20fort%20Maharashtra,"""Balapur"" fort",Exact entity-name match required; otherwise keep placeholder. Never substitute a different fort.,True
MH-F-091,FORT,Ballalgad,FORT,,Wikimedia Commons,"""Ballalgad"" fort Maharashtra",https://commons.wikimedia.org/wiki/Special:MediaSearch?type=image&search=%22Ballalgad%22%20fort%20Maharashtra,"""Ballalgad"" fort",Exact entity-name match required; otherwise keep placeholder. Never substitute a different fort.,True
MH-F-092,FORT,Ballalpur,FORT,,Wikimedia Commons,"""Ballalpur"" fort Maharashtra",https://commons.wikimedia.org/wiki/Special:MediaSearch?type=image&search=%22Ballalpur%22%20fort%20Maharashtra,"""Ballalpur"" fort",Exact entity-name match required; otherwise keep placeholder. Never substitute a different fort.,True
MH-F-093,FORT,Balwantgad,FORT,,Wikimedia Commons,"""Balwantgad"" fort Maharashtra",https://commons.wikimedia.org/wiki/Special:MediaSearch?type=image&search=%22Balwantgad%22%20fort%20Maharashtra,"""Balwantgad"" fort",Exact entity-name match required; otherwise keep placeholder. Never substitute a different fort.,True
MH-F-094,FORT,Bande,FORT,,Wikimedia Commons,"""Bande"" fort Maharashtra",https://commons.wikimedia.org/wiki/Special:MediaSearch?type=image&search=%22Bande%22%20fort%20Maharashtra,"""Bande"" fort",Exact entity-name match required; otherwise keep placeholder. Never substitute a different fort.,True
MH-F-095,FORT,Baramati,FORT,,Wikimedia Commons,"""Baramati"" fort Maharashtra",https://commons.wikimedia.org/wiki/Special:MediaSearch?type=image&search=%22Baramati%22%20fort%20Maharashtra,"""Baramati"" fort",Exact entity-name match required; otherwise keep placeholder. Never substitute a different fort.,True
MH-F-096,FORT,Basgad,FORT,,Wikimedia Commons,"""Basgad"" fort Maharashtra",https://commons.wikimedia.org/wiki/Special:MediaSearch?type=image&search=%22Basgad%22%20fort%20Maharashtra,"""Basgad"" fort",Exact entity-name match required; otherwise keep placeholder. Never substitute a different fort.,True
MH-F-097,FORT,Bavda (Gagangad),FORT,,Wikimedia Commons,"""Bavda (Gagangad)"" fort Maharashtra",https://commons.wikimedia.org/wiki/Special:MediaSearch?type=image&search=%22Bavda%20%28Gagangad%29%22%20fort%20Maharashtra,"""Bavda (Gagangad)"" fort",Exact entity-name match required; otherwise keep placeholder. Never substitute a different fort.,True
MH-F-098,FORT,Bavdhan,FORT,,Wikimedia Commons,"""Bavdhan"" fort Maharashtra",https://commons.wikimedia.org/wiki/Special:MediaSearch?type=image&search=%22Bavdhan%22%20fort%20Maharashtra,"""Bavdhan"" fort",Exact entity-name match required; otherwise keep placeholder. Never substitute a different fort.,True
MH-F-099,FORT,Belapur,FORT,,Wikimedia Commons,"""Belapur"" fort Maharashtra",https://commons.wikimedia.org/wiki/Special:MediaSearch?type=image&search=%22Belapur%22%20fort%20Maharashtra,"""Belapur"" fort",Exact entity-name match required; otherwise keep placeholder. Never substitute a different fort.,True
MH-F-100,FORT,Betavad,FORT,,Wikimedia Commons,"""Betavad"" fort Maharashtra",https://commons.wikimedia.org/wiki/Special:MediaSearch?type=image&search=%22Betavad%22%20fort%20Maharashtra,"""Betavad"" fort",Exact entity-name match required; otherwise keep placeholder. Never substitute a different fort.,True
MH-F-101,FORT,Bhagwantgad,FORT,,Wikimedia Commons,"""Bhagwantgad"" fort Maharashtra",https://commons.wikimedia.org/wiki/Special:MediaSearch?type=image&search=%22Bhagwantgad%22%20fort%20Maharashtra,"""Bhagwantgad"" fort",Exact entity-name match required; otherwise keep placeholder. Never substitute a different fort.,True
MH-F-102,FORT,Bhairavgad (Bhairamgad),FORT,,Wikimedia Commons,"""Bhairavgad (Bhairamgad)"" fort Maharashtra",https://commons.wikimedia.org/wiki/Special:MediaSearch?type=image&search=%22Bhairavgad%20%28Bhairamgad%29%22%20fort%20Maharashtra,"""Bhairavgad (Bhairamgad)"" fort",Exact entity-name match required; otherwise keep placeholder. Never substitute a different fort.,True
MH-F-103,FORT,Bhairavgad,FORT,Satara,Wikimedia Commons,"""Bhairavgad"" fort Maharashtra",https://commons.wikimedia.org/wiki/Special:MediaSearch?type=image&search=%22Bhairavgad%22%20fort%20Maharashtra,"""Bhairavgad"" fort",Exact entity-name match required; otherwise keep placeholder. Never substitute a different fort.,True
MH-F-104,FORT,Bhamer,FORT,Dhule,Wikimedia Commons,"""Bhamer"" fort Maharashtra",https://commons.wikimedia.org/wiki/Special:MediaSearch?type=image&search=%22Bhamer%22%20fort%20Maharashtra,"""Bhamer"" fort",Exact entity-name match required; otherwise keep placeholder. Never substitute a different fort.,True
MH-F-105,FORT,Bhamragad,FORT,,Wikimedia Commons,"""Bhamragad"" fort Maharashtra",https://commons.wikimedia.org/wiki/Special:MediaSearch?type=image&search=%22Bhamragad%22%20fort%20Maharashtra,"""Bhamragad"" fort",Exact entity-name match required; otherwise keep placeholder. Never substitute a different fort.,True
MH-F-106,FORT,Bhana Hivra,FORT,,Wikimedia Commons,"""Bhana Hivra"" fort Maharashtra",https://commons.wikimedia.org/wiki/Special:MediaSearch?type=image&search=%22Bhana%20Hivra%22%20fort%20Maharashtra,"""Bhana Hivra"" fort",Exact entity-name match required; otherwise keep placeholder. Never substitute a different fort.,True
MH-F-107,FORT,Bhandara (Behnor),FORT,,Wikimedia Commons,"""Bhandara (Behnor)"" fort Maharashtra",https://commons.wikimedia.org/wiki/Special:MediaSearch?type=image&search=%22Bhandara%20%28Behnor%29%22%20fort%20Maharashtra,"""Bhandara (Behnor)"" fort",Exact entity-name match required; otherwise keep placeholder. Never substitute a different fort.,True
MH-F-108,FORT,Bhandargad,FORT,,Wikimedia Commons,"""Bhandargad"" fort Maharashtra",https://commons.wikimedia.org/wiki/Special:MediaSearch?type=image&search=%22Bhandargad%22%20fort%20Maharashtra,"""Bhandargad"" fort",Exact entity-name match required; otherwise keep placeholder. Never substitute a different fort.,True
MH-F-109,FORT,Bhaskargad (Basgad),FORT,Nashik,Wikimedia Commons,"""Bhaskargad (Basgad)"" fort Maharashtra",https://commons.wikimedia.org/wiki/Special:MediaSearch?type=image&search=%22Bhaskargad%20%28Basgad%29%22%20fort%20Maharashtra,"""Bhaskargad (Basgad)"" fort",Exact entity-name match required; otherwise keep placeholder. Never substitute a different fort.,True
MH-F-110,FORT,Bhavangad,FORT,,Wikimedia Commons,"""Bhavangad"" fort Maharashtra",https://commons.wikimedia.org/wiki/Special:MediaSearch?type=image&search=%22Bhavangad%22%20fort%20Maharashtra,"""Bhavangad"" fort",Exact entity-name match required; otherwise keep placeholder. Never substitute a different fort.,True
MH-F-111,FORT,Bhimgad,FORT,,Wikimedia Commons,"""Bhimgad"" fort Maharashtra",https://commons.wikimedia.org/wiki/Special:MediaSearch?type=image&search=%22Bhimgad%22%20fort%20Maharashtra,"""Bhimgad"" fort",Exact entity-name match required; otherwise keep placeholder. Never substitute a different fort.,True
MH-F-112,FORT,Bhivagad (Gaurkamat),FORT,,Wikimedia Commons,"""Bhivagad (Gaurkamat)"" fort Maharashtra",https://commons.wikimedia.org/wiki/Special:MediaSearch?type=image&search=%22Bhivagad%20%28Gaurkamat%29%22%20fort%20Maharashtra,"""Bhivagad (Gaurkamat)"" fort",Exact entity-name match required; otherwise keep placeholder. Never substitute a different fort.,True
MH-F-113,FORT,Bhopalgad,FORT,,Wikimedia Commons,"""Bhopalgad"" fort Maharashtra",https://commons.wikimedia.org/wiki/Special:MediaSearch?type=image&search=%22Bhopalgad%22%20fort%20Maharashtra,"""Bhopalgad"" fort",Exact entity-name match required; otherwise keep placeholder. Never substitute a different fort.,True
MH-F-114,FORT,Bhorgad,FORT,,Wikimedia Commons,"""Bhorgad"" fort Maharashtra",https://commons.wikimedia.org/wiki/Special:MediaSearch?type=image&search=%22Bhorgad%22%20fort%20Maharashtra,"""Bhorgad"" fort",Exact entity-name match required; otherwise keep placeholder. Never substitute a different fort.,True
MH-F-115,FORT,Bhupalgad,FORT,,Wikimedia Commons,"""Bhupalgad"" fort Maharashtra",https://commons.wikimedia.org/wiki/Special:MediaSearch?type=image&search=%22Bhupalgad%22%20fort%20Maharashtra,"""Bhupalgad"" fort",Exact entity-name match required; otherwise keep placeholder. Never substitute a different fort.,True
MH-F-116,FORT,Bhupatgad (Bhopatgad),FORT,Palghar,Wikimedia Commons,"""Bhupatgad (Bhopatgad)"" fort Maharashtra",https://commons.wikimedia.org/wiki/Special:MediaSearch?type=image&search=%22Bhupatgad%20%28Bhopatgad%29%22%20fort%20Maharashtra,"""Bhupatgad (Bhopatgad)"" fort",Exact entity-name match required; otherwise keep placeholder. Never substitute a different fort.,True
MH-F-117,FORT,Bhushangad,FORT,,Wikimedia Commons,"""Bhushangad"" fort Maharashtra",https://commons.wikimedia.org/wiki/Special:MediaSearch?type=image&search=%22Bhushangad%22%20fort%20Maharashtra,"""Bhushangad"" fort",Exact entity-name match required; otherwise keep placeholder. Never substitute a different fort.,True
MH-F-118,FORT,Birwadi,FORT,Raigad,Wikimedia Commons,"""Birwadi"" fort Maharashtra",https://commons.wikimedia.org/wiki/Special:MediaSearch?type=image&search=%22Birwadi%22%20fort%20Maharashtra,"""Birwadi"" fort",Exact entity-name match required; otherwise keep placeholder. Never substitute a different fort.,True
MH-F-119,FORT,Bitangad,FORT,Nashik,Wikimedia Commons,"""Bitangad"" fort Maharashtra",https://commons.wikimedia.org/wiki/Special:MediaSearch?type=image&search=%22Bitangad%22%20fort%20Maharashtra,"""Bitangad"" fort",Exact entity-name match required; otherwise keep placeholder. Never substitute a different fort.,True
MH-F-120,FORT,Bodvad,FORT,,Wikimedia Commons,"""Bodvad"" fort Maharashtra",https://commons.wikimedia.org/wiki/Special:MediaSearch?type=image&search=%22Bodvad%22%20fort%20Maharashtra,"""Bodvad"" fort",Exact entity-name match required; otherwise keep placeholder. Never substitute a different fort.,True
MH-F-121,FORT,Bombay,FORT,,Wikimedia Commons,"""Bombay"" fort Maharashtra",https://commons.wikimedia.org/wiki/Special:MediaSearch?type=image&search=%22Bombay%22%20fort%20Maharashtra,"""Bombay"" fort",Exact entity-name match required; otherwise keep placeholder. Never substitute a different fort.,True
MH-F-122,FORT,Borale,FORT,,Wikimedia Commons,"""Borale"" fort Maharashtra",https://commons.wikimedia.org/wiki/Special:MediaSearch?type=image&search=%22Borale%22%20fort%20Maharashtra,"""Borale"" fort",Exact entity-name match required; otherwise keep placeholder. Never substitute a different fort.,True
MH-F-123,FORT,Borgaum,FORT,,Wikimedia Commons,"""Borgaum"" fort Maharashtra",https://commons.wikimedia.org/wiki/Special:MediaSearch?type=image&search=%22Borgaum%22%20fort%20Maharashtra,"""Borgaum"" fort",Exact entity-name match required; otherwise keep placeholder. Never substitute a different fort.,True
MH-F-124,FORT,Bhorgiri,FORT,,Wikimedia Commons,"""Bhorgiri"" fort Maharashtra",https://commons.wikimedia.org/wiki/Special:MediaSearch?type=image&search=%22Bhorgiri%22%20fort%20Maharashtra,"""Bhorgiri"" fort",Exact entity-name match required; otherwise keep placeholder. Never substitute a different fort.,True
MH-F-125,FORT,Chakan (Islamabad/Sangramgad/Vikramgad),FORT,,Wikimedia Commons,"""Chakan (Islamabad/Sangramgad/Vikramgad)"" fort Maharashtra",https://commons.wikimedia.org/wiki/Special:MediaSearch?type=image&search=%22Chakan%20%28Islamabad/Sangramgad/Vikramgad%29%22%20fort%20Maharashtra,"""Chakan (Islamabad/Sangramgad/Vikramgad)"" fort",Exact entity-name match required; otherwise keep placeholder. Never substitute a different fort.,True
MH-F-126,FORT,Chambhargad,FORT,,Wikimedia Commons,"""Chambhargad"" fort Maharashtra",https://commons.wikimedia.org/wiki/Special:MediaSearch?type=image&search=%22Chambhargad%22%20fort%20Maharashtra,"""Chambhargad"" fort",Exact entity-name match required; otherwise keep placeholder. Never substitute a different fort.,True
MH-F-127,FORT,Chandan,FORT,Satara,Wikimedia Commons,"""Chandan"" fort Maharashtra",https://commons.wikimedia.org/wiki/Special:MediaSearch?type=image&search=%22Chandan%22%20fort%20Maharashtra,"""Chandan"" fort",Exact entity-name match required; otherwise keep placeholder. Never substitute a different fort.,True
MH-F-128,FORT,Chanderi,FORT,,Wikimedia Commons,"""Chanderi"" fort Maharashtra",https://commons.wikimedia.org/wiki/Special:MediaSearch?type=image&search=%22Chanderi%22%20fort%20Maharashtra,"""Chanderi"" fort",Exact entity-name match required; otherwise keep placeholder. Never substitute a different fort.,True
MH-F-129,FORT,Chandgad,FORT,,Wikimedia Commons,"""Chandgad"" fort Maharashtra",https://commons.wikimedia.org/wiki/Special:MediaSearch?type=image&search=%22Chandgad%22%20fort%20Maharashtra,"""Chandgad"" fort",Exact entity-name match required; otherwise keep placeholder. Never substitute a different fort.,True
MH-F-130,FORT,Chandpur,FORT,,Wikimedia Commons,"""Chandpur"" fort Maharashtra",https://commons.wikimedia.org/wiki/Special:MediaSearch?type=image&search=%22Chandpur%22%20fort%20Maharashtra,"""Chandpur"" fort",Exact entity-name match required; otherwise keep placeholder. Never substitute a different fort.,True
MH-F-131,FORT,Chandragad,FORT,,Wikimedia Commons,"""Chandragad"" fort Maharashtra",https://commons.wikimedia.org/wiki/Special:MediaSearch?type=image&search=%22Chandragad%22%20fort%20Maharashtra,"""Chandragad"" fort",Exact entity-name match required; otherwise keep placeholder. Never substitute a different fort.,True
MH-F-132,FORT,Chandrapur (Gonddurg/Chanderi/Chanda),FORT,,Wikimedia Commons,"""Chandrapur (Gonddurg/Chanderi/Chanda)"" fort Maharashtra",https://commons.wikimedia.org/wiki/Special:MediaSearch?type=image&search=%22Chandrapur%20%28Gonddurg/Chanderi/Chanda%29%22%20fort%20Maharashtra,"""Chandrapur (Gonddurg/Chanderi/Chanda)"" fort",Exact entity-name match required; otherwise keep placeholder. Never substitute a different fort.,True
MH-F-133,FORT,Chandvad,FORT,,Wikimedia Commons,"""Chandvad"" fort Maharashtra",https://commons.wikimedia.org/wiki/Special:MediaSearch?type=image&search=%22Chandvad%22%20fort%20Maharashtra,"""Chandvad"" fort",Exact entity-name match required; otherwise keep placeholder. Never substitute a different fort.,True
MH-F-134,FORT,Chatale,FORT,,Wikimedia Commons,"""Chatale"" fort Maharashtra",https://commons.wikimedia.org/wiki/Special:MediaSearch?type=image&search=%22Chatale%22%20fort%20Maharashtra,"""Chatale"" fort",Exact entity-name match required; otherwise keep placeholder. Never substitute a different fort.,True
MH-F-135,FORT,Chaul (Agarkot/Palm Garden),FORT,,Wikimedia Commons,"""Chaul (Agarkot/Palm Garden)"" fort Maharashtra",https://commons.wikimedia.org/wiki/Special:MediaSearch?type=image&search=%22Chaul%20%28Agarkot/Palm%20Garden%29%22%20fort%20Maharashtra,"""Chaul (Agarkot/Palm Garden)"" fort",Exact entity-name match required; otherwise keep placeholder. Never substitute a different fort.,True
MH-F-136,FORT,Chauler (Tilwan),FORT,,Wikimedia Commons,"""Chauler (Tilwan)"" fort Maharashtra",https://commons.wikimedia.org/wiki/Special:MediaSearch?type=image&search=%22Chauler%20%28Tilwan%29%22%20fort%20Maharashtra,"""Chauler (Tilwan)"" fort",Exact entity-name match required; otherwise keep placeholder. Never substitute a different fort.,True
MH-F-137,FORT,Chaugaum,FORT,,Wikimedia Commons,"""Chaugaum"" fort Maharashtra",https://commons.wikimedia.org/wiki/Special:MediaSearch?type=image&search=%22Chaugaum%22%20fort%20Maharashtra,"""Chaugaum"" fort",Exact entity-name match required; otherwise keep placeholder. Never substitute a different fort.,True
MH-F-138,FORT,Chavand (Jund/Prassanagad),FORT,,Wikimedia Commons,"""Chavand (Jund/Prassanagad)"" fort Maharashtra",https://commons.wikimedia.org/wiki/Special:MediaSearch?type=image&search=%22Chavand%20%28Jund/Prassanagad%29%22%20fort%20Maharashtra,"""Chavand (Jund/Prassanagad)"" fort",Exact entity-name match required; otherwise keep placeholder. Never substitute a different fort.,True
MH-F-139,FORT,Chimur,FORT,,Wikimedia Commons,"""Chimur"" fort Maharashtra",https://commons.wikimedia.org/wiki/Special:MediaSearch?type=image&search=%22Chimur%22%20fort%20Maharashtra,"""Chimur"" fort",Exact entity-name match required; otherwise keep placeholder. Never substitute a different fort.,True
MH-F-140,FORT,Chinchgad,FORT,,Wikimedia Commons,"""Chinchgad"" fort Maharashtra",https://commons.wikimedia.org/wiki/Special:MediaSearch?type=image&search=%22Chinchgad%22%20fort%20Maharashtra,"""Chinchgad"" fort",Exact entity-name match required; otherwise keep placeholder. Never substitute a different fort.,True
MH-F-141,FORT,Chinchani,FORT,,Wikimedia Commons,"""Chinchani"" fort Maharashtra",https://commons.wikimedia.org/wiki/Special:MediaSearch?type=image&search=%22Chinchani%22%20fort%20Maharashtra,"""Chinchani"" fort",Exact entity-name match required; otherwise keep placeholder. Never substitute a different fort.,True
MH-F-142,FORT,Chopda (Mustafabad),FORT,,Wikimedia Commons,"""Chopda (Mustafabad)"" fort Maharashtra",https://commons.wikimedia.org/wiki/Special:MediaSearch?type=image&search=%22Chopda%20%28Mustafabad%29%22%20fort%20Maharashtra,"""Chopda (Mustafabad)"" fort",Exact entity-name match required; otherwise keep placeholder. Never substitute a different fort.,True
MH-F-143,FORT,Dabhol,FORT,,Wikimedia Commons,"""Dabhol"" fort Maharashtra",https://commons.wikimedia.org/wiki/Special:MediaSearch?type=image&search=%22Dabhol%22%20fort%20Maharashtra,"""Dabhol"" fort",Exact entity-name match required; otherwise keep placeholder. Never substitute a different fort.,True
MH-F-144,FORT,Dahanu,FORT,,Wikimedia Commons,"""Dahanu"" fort Maharashtra",https://commons.wikimedia.org/wiki/Special:MediaSearch?type=image&search=%22Dahanu%22%20fort%20Maharashtra,"""Dahanu"" fort",Exact entity-name match required; otherwise keep placeholder. Never substitute a different fort.,True
MH-F-145,FORT,Danda,FORT,,Wikimedia Commons,"""Danda"" fort Maharashtra",https://commons.wikimedia.org/wiki/Special:MediaSearch?type=image&search=%22Danda%22%20fort%20Maharashtra,"""Danda"" fort",Exact entity-name match required; otherwise keep placeholder. Never substitute a different fort.,True
MH-F-146,FORT,Danda Rajpuri,FORT,,Wikimedia Commons,"""Danda Rajpuri"" fort Maharashtra",https://commons.wikimedia.org/wiki/Special:MediaSearch?type=image&search=%22Danda%20Rajpuri%22%20fort%20Maharashtra,"""Danda Rajpuri"" fort",Exact entity-name match required; otherwise keep placeholder. Never substitute a different fort.,True
MH-F-147,FORT,Danda Rajapur,FORT,,Wikimedia Commons,"""Danda Rajapur"" fort Maharashtra",https://commons.wikimedia.org/wiki/Special:MediaSearch?type=image&search=%22Danda%20Rajapur%22%20fort%20Maharashtra,"""Danda Rajapur"" fort",Exact entity-name match required; otherwise keep placeholder. Never substitute a different fort.,True
MH-F-148,FORT,Dategad (Sudergad/Ghera Dategad),FORT,Satara,Wikimedia Commons,"""Dategad (Sudergad/Ghera Dategad)"" fort Maharashtra",https://commons.wikimedia.org/wiki/Special:MediaSearch?type=image&search=%22Dategad%20%28Sudergad/Ghera%20Dategad%29%22%20fort%20Maharashtra,"""Dategad (Sudergad/Ghera Dategad)"" fort",Exact entity-name match required; otherwise keep placeholder. Never substitute a different fort.,True
MH-F-149,FORT,Dativre,FORT,Palghar,Wikimedia Commons,"""Dativre"" fort Maharashtra",https://commons.wikimedia.org/wiki/Special:MediaSearch?type=image&search=%22Dativre%22%20fort%20Maharashtra,"""Dativre"" fort",Exact entity-name match required; otherwise keep placeholder. Never substitute a different fort.,True
MH-F-150,FORT,Daulatmangal (Bhuleshwar),FORT,,Wikimedia Commons,"""Daulatmangal (Bhuleshwar)"" fort Maharashtra",https://commons.wikimedia.org/wiki/Special:MediaSearch?type=image&search=%22Daulatmangal%20%28Bhuleshwar%29%22%20fort%20Maharashtra,"""Daulatmangal (Bhuleshwar)"" fort",Exact entity-name match required; otherwise keep placeholder. Never substitute a different fort.,True
MH-F-151,FORT,Dehra (Bhorgad/Rajdehr),FORT,,Wikimedia Commons,"""Dehra (Bhorgad/Rajdehr)"" fort Maharashtra",https://commons.wikimedia.org/wiki/Special:MediaSearch?type=image&search=%22Dehra%20%28Bhorgad/Rajdehr%29%22%20fort%20Maharashtra,"""Dehra (Bhorgad/Rajdehr)"" fort",Exact entity-name match required; otherwise keep placeholder. Never substitute a different fort.,True
MH-F-152,FORT,Deoli,FORT,,Wikimedia Commons,"""Deoli"" fort Maharashtra",https://commons.wikimedia.org/wiki/Special:MediaSearch?type=image&search=%22Deoli%22%20fort%20Maharashtra,"""Deoli"" fort",Exact entity-name match required; otherwise keep placeholder. Never substitute a different fort.,True
MH-F-153,FORT,Dermal,FORT,Nashik,Wikimedia Commons,"""Dermal"" fort Maharashtra",https://commons.wikimedia.org/wiki/Special:MediaSearch?type=image&search=%22Dermal%22%20fort%20Maharashtra,"""Dermal"" fort",Exact entity-name match required; otherwise keep placeholder. Never substitute a different fort.,True
MH-F-154,FORT,Devgad,FORT,,Wikimedia Commons,"""Devgad"" fort Maharashtra",https://commons.wikimedia.org/wiki/Special:MediaSearch?type=image&search=%22Devgad%22%20fort%20Maharashtra,"""Devgad"" fort",Exact entity-name match required; otherwise keep placeholder. Never substitute a different fort.,True
MH-F-155,FORT,Devrukh,FORT,,Wikimedia Commons,"""Devrukh"" fort Maharashtra",https://commons.wikimedia.org/wiki/Special:MediaSearch?type=image&search=%22Devrukh%22%20fort%20Maharashtra,"""Devrukh"" fort",Exact entity-name match required; otherwise keep placeholder. Never substitute a different fort.,True
MH-F-156,FORT,Dhadgaum,FORT,,Wikimedia Commons,"""Dhadgaum"" fort Maharashtra",https://commons.wikimedia.org/wiki/Special:MediaSearch?type=image&search=%22Dhadgaum%22%20fort%20Maharashtra,"""Dhadgaum"" fort",Exact entity-name match required; otherwise keep placeholder. Never substitute a different fort.,True
MH-F-157,FORT,Dhak (Bahiri),FORT,,Wikimedia Commons,"""Dhak (Bahiri)"" fort Maharashtra",https://commons.wikimedia.org/wiki/Special:MediaSearch?type=image&search=%22Dhak%20%28Bahiri%29%22%20fort%20Maharashtra,"""Dhak (Bahiri)"" fort",Exact entity-name match required; otherwise keep placeholder. Never substitute a different fort.,True
MH-F-158,FORT,Dhamnya,FORT,,Wikimedia Commons,"""Dhamnya"" fort Maharashtra",https://commons.wikimedia.org/wiki/Special:MediaSearch?type=image&search=%22Dhamnya%22%20fort%20Maharashtra,"""Dhamnya"" fort",Exact entity-name match required; otherwise keep placeholder. Never substitute a different fort.,True
MH-F-159,FORT,Dhangad (Gahangad),FORT,,Wikimedia Commons,"""Dhangad (Gahangad)"" fort Maharashtra",https://commons.wikimedia.org/wiki/Special:MediaSearch?type=image&search=%22Dhangad%20%28Gahangad%29%22%20fort%20Maharashtra,"""Dhangad (Gahangad)"" fort",Exact entity-name match required; otherwise keep placeholder. Never substitute a different fort.,True
MH-F-160,FORT,Dharavi (Kala Killa),FORT,,Wikimedia Commons,"""Dharavi (Kala Killa)"" fort Maharashtra",https://commons.wikimedia.org/wiki/Special:MediaSearch?type=image&search=%22Dharavi%20%28Kala%20Killa%29%22%20fort%20Maharashtra,"""Dharavi (Kala Killa)"" fort",Exact entity-name match required; otherwise keep placeholder. Never substitute a different fort.,True
MH-F-161,FORT,Dharni,FORT,,Wikimedia Commons,"""Dharni"" fort Maharashtra",https://commons.wikimedia.org/wiki/Special:MediaSearch?type=image&search=%22Dharni%22%20fort%20Maharashtra,"""Dharni"" fort",Exact entity-name match required; otherwise keep placeholder. Never substitute a different fort.,True
MH-F-162,FORT,Dhule (Devpur),FORT,,Wikimedia Commons,"""Dhule (Devpur)"" fort Maharashtra",https://commons.wikimedia.org/wiki/Special:MediaSearch?type=image&search=%22Dhule%20%28Devpur%29%22%20fort%20Maharashtra,"""Dhule (Devpur)"" fort",Exact entity-name match required; otherwise keep placeholder. Never substitute a different fort.,True
MH-F-163,FORT,Dindu,FORT,,Wikimedia Commons,"""Dindu"" fort Maharashtra",https://commons.wikimedia.org/wiki/Special:MediaSearch?type=image&search=%22Dindu%22%20fort%20Maharashtra,"""Dindu"" fort",Exact entity-name match required; otherwise keep placeholder. Never substitute a different fort.,True
MH-F-164,FORT,Dondwada,FORT,,Wikimedia Commons,"""Dondwada"" fort Maharashtra",https://commons.wikimedia.org/wiki/Special:MediaSearch?type=image&search=%22Dondwada%22%20fort%20Maharashtra,"""Dondwada"" fort",Exact entity-name match required; otherwise keep placeholder. Never substitute a different fort.,True
MH-F-165,FORT,Dronagiri (Karanja),FORT,,Wikimedia Commons,"""Dronagiri (Karanja)"" fort Maharashtra",https://commons.wikimedia.org/wiki/Special:MediaSearch?type=image&search=%22Dronagiri%20%28Karanja%29%22%20fort%20Maharashtra,"""Dronagiri (Karanja)"" fort",Exact entity-name match required; otherwise keep placeholder. Never substitute a different fort.,True
MH-F-166,FORT,Drug,FORT,,Wikimedia Commons,"""Drug"" fort Maharashtra",https://commons.wikimedia.org/wiki/Special:MediaSearch?type=image&search=%22Drug%22%20fort%20Maharashtra,"""Drug"" fort",Exact entity-name match required; otherwise keep placeholder. Never substitute a different fort.,True
MH-F-167,FORT,Dudmal,FORT,,Wikimedia Commons,"""Dudmal"" fort Maharashtra",https://commons.wikimedia.org/wiki/Special:MediaSearch?type=image&search=%22Dudmal%22%20fort%20Maharashtra,"""Dudmal"" fort",Exact entity-name match required; otherwise keep placeholder. Never substitute a different fort.,True
MH-F-168,FORT,Dusana,FORT,,Wikimedia Commons,"""Dusana"" fort Maharashtra",https://commons.wikimedia.org/wiki/Special:MediaSearch?type=image&search=%22Dusana%22%20fort%20Maharashtra,"""Dusana"" fort",Exact entity-name match required; otherwise keep placeholder. Never substitute a different fort.,True
MH-F-169,FORT,Ekadara,FORT,,Wikimedia Commons,"""Ekadara"" fort Maharashtra",https://commons.wikimedia.org/wiki/Special:MediaSearch?type=image&search=%22Ekadara%22%20fort%20Maharashtra,"""Ekadara"" fort",Exact entity-name match required; otherwise keep placeholder. Never substitute a different fort.,True
MH-F-170,FORT,Elephanta (Gharapuri),FORT,,Wikimedia Commons,"""Elephanta (Gharapuri)"" fort Maharashtra",https://commons.wikimedia.org/wiki/Special:MediaSearch?type=image&search=%22Elephanta%20%28Gharapuri%29%22%20fort%20Maharashtra,"""Elephanta (Gharapuri)"" fort",Exact entity-name match required; otherwise keep placeholder. Never substitute a different fort.,True
MH-F-171,FORT,Fatehkheda,FORT,,Wikimedia Commons,"""Fatehkheda"" fort Maharashtra",https://commons.wikimedia.org/wiki/Special:MediaSearch?type=image&search=%22Fatehkheda%22%20fort%20Maharashtra,"""Fatehkheda"" fort",Exact entity-name match required; otherwise keep placeholder. Never substitute a different fort.,True
MH-F-172,FORT,Fattegad,FORT,,Wikimedia Commons,"""Fattegad"" fort Maharashtra",https://commons.wikimedia.org/wiki/Special:MediaSearch?type=image&search=%22Fattegad%22%20fort%20Maharashtra,"""Fattegad"" fort",Exact entity-name match required; otherwise keep placeholder. Never substitute a different fort.,True
MH-F-173,FORT,Gadhinglaj,FORT,,Wikimedia Commons,"""Gadhinglaj"" fort Maharashtra",https://commons.wikimedia.org/wiki/Special:MediaSearch?type=image&search=%22Gadhinglaj%22%20fort%20Maharashtra,"""Gadhinglaj"" fort",Exact entity-name match required; otherwise keep placeholder. Never substitute a different fort.,True
MH-F-174,FORT,Gagangad,FORT,,Wikimedia Commons,"""Gagangad"" fort Maharashtra",https://commons.wikimedia.org/wiki/Special:MediaSearch?type=image&search=%22Gagangad%22%20fort%20Maharashtra,"""Gagangad"" fort",Exact entity-name match required; otherwise keep placeholder. Never substitute a different fort.,True
MH-F-175,FORT,Gambhirgad,FORT,,Wikimedia Commons,"""Gambhirgad"" fort Maharashtra",https://commons.wikimedia.org/wiki/Special:MediaSearch?type=image&search=%22Gambhirgad%22%20fort%20Maharashtra,"""Gambhirgad"" fort",Exact entity-name match required; otherwise keep placeholder. Never substitute a different fort.,True
MH-F-176,FORT,Gandharvagad,FORT,,Wikimedia Commons,"""Gandharvagad"" fort Maharashtra",https://commons.wikimedia.org/wiki/Special:MediaSearch?type=image&search=%22Gandharvagad%22%20fort%20Maharashtra,"""Gandharvagad"" fort",Exact entity-name match required; otherwise keep placeholder. Never substitute a different fort.,True
MH-F-177,FORT,Ganeshdurg,FORT,,Wikimedia Commons,"""Ganeshdurg"" fort Maharashtra",https://commons.wikimedia.org/wiki/Special:MediaSearch?type=image&search=%22Ganeshdurg%22%20fort%20Maharashtra,"""Ganeshdurg"" fort",Exact entity-name match required; otherwise keep placeholder. Never substitute a different fort.,True
MH-F-178,FORT,Ghanora,FORT,,Wikimedia Commons,"""Ghanora"" fort Maharashtra",https://commons.wikimedia.org/wiki/Special:MediaSearch?type=image&search=%22Ghanora%22%20fort%20Maharashtra,"""Ghanora"" fort",Exact entity-name match required; otherwise keep placeholder. Never substitute a different fort.,True
MH-F-179,FORT,Ghargad (Dhargad),FORT,,Wikimedia Commons,"""Ghargad (Dhargad)"" fort Maharashtra",https://commons.wikimedia.org/wiki/Special:MediaSearch?type=image&search=%22Ghargad%20%28Dhargad%29%22%20fort%20Maharashtra,"""Ghargad (Dhargad)"" fort",Exact entity-name match required; otherwise keep placeholder. Never substitute a different fort.,True
MH-F-180,FORT,Ghodbandar,FORT,,Wikimedia Commons,"""Ghodbandar"" fort Maharashtra",https://commons.wikimedia.org/wiki/Special:MediaSearch?type=image&search=%22Ghodbandar%22%20fort%20Maharashtra,"""Ghodbandar"" fort",Exact entity-name match required; otherwise keep placeholder. Never substitute a different fort.,True
MH-F-181,FORT,Ghosalgad (Ghosale),FORT,,Wikimedia Commons,"""Ghosalgad (Ghosale)"" fort Maharashtra",https://commons.wikimedia.org/wiki/Special:MediaSearch?type=image&search=%22Ghosalgad%20%28Ghosale%29%22%20fort%20Maharashtra,"""Ghosalgad (Ghosale)"" fort",Exact entity-name match required; otherwise keep placeholder. Never substitute a different fort.,True
MH-F-182,FORT,Gorakhgad,FORT,Thane,Wikimedia Commons,"""Gorakhgad"" fort Maharashtra",https://commons.wikimedia.org/wiki/Special:MediaSearch?type=image&search=%22Gorakhgad%22%20fort%20Maharashtra,"""Gorakhgad"" fort",Exact entity-name match required; otherwise keep placeholder. Never substitute a different fort.,True
MH-F-183,FORT,Govagad,FORT,,Wikimedia Commons,"""Govagad"" fort Maharashtra",https://commons.wikimedia.org/wiki/Special:MediaSearch?type=image&search=%22Govagad%22%20fort%20Maharashtra,"""Govagad"" fort",Exact entity-name match required; otherwise keep placeholder. Never substitute a different fort.,True
MH-F-184,FORT,Gumtara,FORT,,Wikimedia Commons,"""Gumtara"" fort Maharashtra",https://commons.wikimedia.org/wiki/Special:MediaSearch?type=image&search=%22Gumtara%22%20fort%20Maharashtra,"""Gumtara"" fort",Exact entity-name match required; otherwise keep placeholder. Never substitute a different fort.,True
MH-F-185,FORT,Gunwantgad (Morgiri),FORT,,Wikimedia Commons,"""Gunwantgad (Morgiri)"" fort Maharashtra",https://commons.wikimedia.org/wiki/Special:MediaSearch?type=image&search=%22Gunwantgad%20%28Morgiri%29%22%20fort%20Maharashtra,"""Gunwantgad (Morgiri)"" fort",Exact entity-name match required; otherwise keep placeholder. Never substitute a different fort.,True
MH-F-186,FORT,Hadsar (Parvatgad),FORT,,Wikimedia Commons,"""Hadsar (Parvatgad)"" fort Maharashtra",https://commons.wikimedia.org/wiki/Special:MediaSearch?type=image&search=%22Hadsar%20%28Parvatgad%29%22%20fort%20Maharashtra,"""Hadsar (Parvatgad)"" fort",Exact entity-name match required; otherwise keep placeholder. Never substitute a different fort.,True
MH-F-187,FORT,Hanumangad (Manchigad/Bijarnigad),FORT,,Wikimedia Commons,"""Hanumangad (Manchigad/Bijarnigad)"" fort Maharashtra",https://commons.wikimedia.org/wiki/Special:MediaSearch?type=image&search=%22Hanumangad%20%28Manchigad/Bijarnigad%29%22%20fort%20Maharashtra,"""Hanumangad (Manchigad/Bijarnigad)"" fort",Exact entity-name match required; otherwise keep placeholder. Never substitute a different fort.,True
MH-F-188,FORT,Hanumangad,FORT,,Wikimedia Commons,"""Hanumangad"" fort Maharashtra",https://commons.wikimedia.org/wiki/Special:MediaSearch?type=image&search=%22Hanumangad%22%20fort%20Maharashtra,"""Hanumangad"" fort",Exact entity-name match required; otherwise keep placeholder. Never substitute a different fort.,True
MH-F-189,FORT,Hargad,FORT,,Wikimedia Commons,"""Hargad"" fort Maharashtra",https://commons.wikimedia.org/wiki/Special:MediaSearch?type=image&search=%22Hargad%22%20fort%20Maharashtra,"""Hargad"" fort",Exact entity-name match required; otherwise keep placeholder. Never substitute a different fort.,True
MH-F-190,FORT,Harihar,FORT,Nashik,Wikimedia Commons,"""Harihar"" fort Maharashtra",https://commons.wikimedia.org/wiki/Special:MediaSearch?type=image&search=%22Harihar%22%20fort%20Maharashtra,"""Harihar"" fort",Exact entity-name match required; otherwise keep placeholder. Never substitute a different fort.,True
MH-F-191,FORT,Harshgad (Harishgad),FORT,,Wikimedia Commons,"""Harshgad (Harishgad)"" fort Maharashtra",https://commons.wikimedia.org/wiki/Special:MediaSearch?type=image&search=%22Harshgad%20%28Harishgad%29%22%20fort%20Maharashtra,"""Harshgad (Harishgad)"" fort",Exact entity-name match required; otherwise keep placeholder. Never substitute a different fort.,True
MH-F-192,FORT,Hatgad,FORT,Nashik,Wikimedia Commons,"""Hatgad"" fort Maharashtra",https://commons.wikimedia.org/wiki/Special:MediaSearch?type=image&search=%22Hatgad%22%20fort%20Maharashtra,"""Hatgad"" fort",Exact entity-name match required; otherwise keep placeholder. Never substitute a different fort.,True
MH-F-193,FORT,Helvak,FORT,,Wikimedia Commons,"""Helvak"" fort Maharashtra",https://commons.wikimedia.org/wiki/Special:MediaSearch?type=image&search=%22Helvak%22%20fort%20Maharashtra,"""Helvak"" fort",Exact entity-name match required; otherwise keep placeholder. Never substitute a different fort.,True
MH-F-194,FORT,Hindola,FORT,,Wikimedia Commons,"""Hindola"" fort Maharashtra",https://commons.wikimedia.org/wiki/Special:MediaSearch?type=image&search=%22Hindola%22%20fort%20Maharashtra,"""Hindola"" fort",Exact entity-name match required; otherwise keep placeholder. Never substitute a different fort.,True
MH-F-195,FORT,Hingana,FORT,,Wikimedia Commons,"""Hingana"" fort Maharashtra",https://commons.wikimedia.org/wiki/Special:MediaSearch?type=image&search=%22Hingana%22%20fort%20Maharashtra,"""Hingana"" fort",Exact entity-name match required; otherwise keep placeholder. Never substitute a different fort.,True
MH-F-196,FORT,Indragad,FORT,,Wikimedia Commons,"""Indragad"" fort Maharashtra",https://commons.wikimedia.org/wiki/Special:MediaSearch?type=image&search=%22Indragad%22%20fort%20Maharashtra,"""Indragad"" fort",Exact entity-name match required; otherwise keep placeholder. Never substitute a different fort.,True
MH-F-197,FORT,Indrai (Indragad),FORT,Nashik,Wikimedia Commons,"""Indrai (Indragad)"" fort Maharashtra",https://commons.wikimedia.org/wiki/Special:MediaSearch?type=image&search=%22Indrai%20%28Indragad%29%22%20fort%20Maharashtra,"""Indrai (Indragad)"" fort",Exact entity-name match required; otherwise keep placeholder. Never substitute a different fort.,True
MH-F-198,FORT,Indori,FORT,,Wikimedia Commons,"""Indori"" fort Maharashtra",https://commons.wikimedia.org/wiki/Special:MediaSearch?type=image&search=%22Indori%22%20fort%20Maharashtra,"""Indori"" fort",Exact entity-name match required; otherwise keep placeholder. Never substitute a different fort.,True
MH-F-199,FORT,Jalna,FORT,,Wikimedia Commons,"""Jalna"" fort Maharashtra",https://commons.wikimedia.org/wiki/Special:MediaSearch?type=image&search=%22Jalna%22%20fort%20Maharashtra,"""Jalna"" fort",Exact entity-name match required; otherwise keep placeholder. Never substitute a different fort.,True
MH-F-200,FORT,Jallalkheda,FORT,,Wikimedia Commons,"""Jallalkheda"" fort Maharashtra",https://commons.wikimedia.org/wiki/Special:MediaSearch?type=image&search=%22Jallalkheda%22%20fort%20Maharashtra,"""Jallalkheda"" fort",Exact entity-name match required; otherwise keep placeholder. Never substitute a different fort.,True
MH-F-201,FORT,Jamba,FORT,,Wikimedia Commons,"""Jamba"" fort Maharashtra",https://commons.wikimedia.org/wiki/Special:MediaSearch?type=image&search=%22Jamba%22%20fort%20Maharashtra,"""Jamba"" fort",Exact entity-name match required; otherwise keep placeholder. Never substitute a different fort.,True
MH-F-202,FORT,Jamgaum,FORT,,Wikimedia Commons,"""Jamgaum"" fort Maharashtra",https://commons.wikimedia.org/wiki/Special:MediaSearch?type=image&search=%22Jamgaum%22%20fort%20Maharashtra,"""Jamgaum"" fort",Exact entity-name match required; otherwise keep placeholder. Never substitute a different fort.,True
MH-F-203,FORT,Jamner,FORT,,Wikimedia Commons,"""Jamner"" fort Maharashtra",https://commons.wikimedia.org/wiki/Special:MediaSearch?type=image&search=%22Jamner%22%20fort%20Maharashtra,"""Jamner"" fort",Exact entity-name match required; otherwise keep placeholder. Never substitute a different fort.,True
MH-F-204,FORT,Jangli Jaygad,FORT,Satara,Wikimedia Commons,"""Jangli Jaygad"" fort Maharashtra",https://commons.wikimedia.org/wiki/Special:MediaSearch?type=image&search=%22Jangli%20Jaygad%22%20fort%20Maharashtra,"""Jangli Jaygad"" fort",Exact entity-name match required; otherwise keep placeholder. Never substitute a different fort.,True
MH-F-205,FORT,Javlya,FORT,,Wikimedia Commons,"""Javlya"" fort Maharashtra",https://commons.wikimedia.org/wiki/Special:MediaSearch?type=image&search=%22Javlya%22%20fort%20Maharashtra,"""Javlya"" fort",Exact entity-name match required; otherwise keep placeholder. Never substitute a different fort.,True
MH-F-206,FORT,Jivdhan,FORT,Pune,Wikimedia Commons,"""Jivdhan"" fort Maharashtra",https://commons.wikimedia.org/wiki/Special:MediaSearch?type=image&search=%22Jivdhan%22%20fort%20Maharashtra,"""Jivdhan"" fort",Exact entity-name match required; otherwise keep placeholder. Never substitute a different fort.,True
MH-F-207,FORT,Jintur,FORT,,Wikimedia Commons,"""Jintur"" fort Maharashtra",https://commons.wikimedia.org/wiki/Special:MediaSearch?type=image&search=%22Jintur%22%20fort%20Maharashtra,"""Jintur"" fort",Exact entity-name match required; otherwise keep placeholder. Never substitute a different fort.,True
MH-F-208,FORT,Junnar,FORT,,Wikimedia Commons,"""Junnar"" fort Maharashtra",https://commons.wikimedia.org/wiki/Special:MediaSearch?type=image&search=%22Junnar%22%20fort%20Maharashtra,"""Junnar"" fort",Exact entity-name match required; otherwise keep placeholder. Never substitute a different fort.,True
MH-F-209,FORT,Juna Panhala,FORT,,Wikimedia Commons,"""Juna Panhala"" fort Maharashtra",https://commons.wikimedia.org/wiki/Special:MediaSearch?type=image&search=%22Juna%20Panhala%22%20fort%20Maharashtra,"""Juna Panhala"" fort",Exact entity-name match required; otherwise keep placeholder. Never substitute a different fort.,True
MH-F-210,FORT,Kachan,FORT,,Wikimedia Commons,"""Kachan"" fort Maharashtra",https://commons.wikimedia.org/wiki/Special:MediaSearch?type=image&search=%22Kachan%22%20fort%20Maharashtra,"""Kachan"" fort",Exact entity-name match required; otherwise keep placeholder. Never substitute a different fort.,True
MH-F-211,FORT,Kada,FORT,,Wikimedia Commons,"""Kada"" fort Maharashtra",https://commons.wikimedia.org/wiki/Special:MediaSearch?type=image&search=%22Kada%22%20fort%20Maharashtra,"""Kada"" fort",Exact entity-name match required; otherwise keep placeholder. Never substitute a different fort.,True
MH-F-212,FORT,Kagal,FORT,,Wikimedia Commons,"""Kagal"" fort Maharashtra",https://commons.wikimedia.org/wiki/Special:MediaSearch?type=image&search=%22Kagal%22%20fort%20Maharashtra,"""Kagal"" fort",Exact entity-name match required; otherwise keep placeholder. Never substitute a different fort.,True
MH-F-213,FORT,Kailashgad,FORT,,Wikimedia Commons,"""Kailashgad"" fort Maharashtra",https://commons.wikimedia.org/wiki/Special:MediaSearch?type=image&search=%22Kailashgad%22%20fort%20Maharashtra,"""Kailashgad"" fort",Exact entity-name match required; otherwise keep placeholder. Never substitute a different fort.,True
MH-F-214,FORT,Kajagad (Lokhandi Killa),FORT,,Wikimedia Commons,"""Kajagad (Lokhandi Killa)"" fort Maharashtra",https://commons.wikimedia.org/wiki/Special:MediaSearch?type=image&search=%22Kajagad%20%28Lokhandi%20Killa%29%22%20fort%20Maharashtra,"""Kajagad (Lokhandi Killa)"" fort",Exact entity-name match required; otherwise keep placeholder. Never substitute a different fort.,True
MH-F-215,FORT,Kaldurg,FORT,Palghar,Wikimedia Commons,"""Kaldurg"" fort Maharashtra",https://commons.wikimedia.org/wiki/Special:MediaSearch?type=image&search=%22Kaldurg%22%20fort%20Maharashtra,"""Kaldurg"" fort",Exact entity-name match required; otherwise keep placeholder. Never substitute a different fort.,True
MH-F-216,FORT,Kalam (Kalamb/Kolambi),FORT,,Wikimedia Commons,"""Kalam (Kalamb/Kolambi)"" fort Maharashtra",https://commons.wikimedia.org/wiki/Special:MediaSearch?type=image&search=%22Kalam%20%28Kalamb/Kolambi%29%22%20fort%20Maharashtra,"""Kalam (Kalamb/Kolambi)"" fort",Exact entity-name match required; otherwise keep placeholder. Never substitute a different fort.,True
MH-F-217,FORT,Kalanidhigad,FORT,,Wikimedia Commons,"""Kalanidhigad"" fort Maharashtra",https://commons.wikimedia.org/wiki/Special:MediaSearch?type=image&search=%22Kalanidhigad%22%20fort%20Maharashtra,"""Kalanidhigad"" fort",Exact entity-name match required; otherwise keep placeholder. Never substitute a different fort.,True
MH-F-218,FORT,Kalyan (Durgadi),FORT,,Wikimedia Commons,"""Kalyan (Durgadi)"" fort Maharashtra",https://commons.wikimedia.org/wiki/Special:MediaSearch?type=image&search=%22Kalyan%20%28Durgadi%29%22%20fort%20Maharashtra,"""Kalyan (Durgadi)"" fort",Exact entity-name match required; otherwise keep placeholder. Never substitute a different fort.,True
MH-F-219,FORT,Kamalgad,FORT,Satara,Wikimedia Commons,"""Kamalgad"" fort Maharashtra",https://commons.wikimedia.org/wiki/Special:MediaSearch?type=image&search=%22Kamalgad%22%20fort%20Maharashtra,"""Kamalgad"" fort",Exact entity-name match required; otherwise keep placeholder. Never substitute a different fort.,True
MH-F-220,FORT,Kamandurg,FORT,,Wikimedia Commons,"""Kamandurg"" fort Maharashtra",https://commons.wikimedia.org/wiki/Special:MediaSearch?type=image&search=%22Kamandurg%22%20fort%20Maharashtra,"""Kamandurg"" fort",Exact entity-name match required; otherwise keep placeholder. Never substitute a different fort.,True
MH-F-221,FORT,Kamsagad (Padamdurg),FORT,,Wikimedia Commons,"""Kamsagad (Padamdurg)"" fort Maharashtra",https://commons.wikimedia.org/wiki/Special:MediaSearch?type=image&search=%22Kamsagad%20%28Padamdurg%29%22%20fort%20Maharashtra,"""Kamsagad (Padamdurg)"" fort",Exact entity-name match required; otherwise keep placeholder. Never substitute a different fort.,True
MH-F-222,FORT,Kamtekot,FORT,,Wikimedia Commons,"""Kamtekot"" fort Maharashtra",https://commons.wikimedia.org/wiki/Special:MediaSearch?type=image&search=%22Kamtekot%22%20fort%20Maharashtra,"""Kamtekot"" fort",Exact entity-name match required; otherwise keep placeholder. Never substitute a different fort.,True
MH-F-223,FORT,Kamtha,FORT,,Wikimedia Commons,"""Kamtha"" fort Maharashtra",https://commons.wikimedia.org/wiki/Special:MediaSearch?type=image&search=%22Kamtha%22%20fort%20Maharashtra,"""Kamtha"" fort",Exact entity-name match required; otherwise keep placeholder. Never substitute a different fort.,True
MH-F-224,FORT,Kanchana,FORT,,Wikimedia Commons,"""Kanchana"" fort Maharashtra",https://commons.wikimedia.org/wiki/Special:MediaSearch?type=image&search=%22Kanchana%22%20fort%20Maharashtra,"""Kanchana"" fort",Exact entity-name match required; otherwise keep placeholder. Never substitute a different fort.,True
MH-F-225,FORT,Kankrala (Kankadi),FORT,,Wikimedia Commons,"""Kankrala (Kankadi)"" fort Maharashtra",https://commons.wikimedia.org/wiki/Special:MediaSearch?type=image&search=%22Kankrala%20%28Kankadi%29%22%20fort%20Maharashtra,"""Kankrala (Kankadi)"" fort",Exact entity-name match required; otherwise keep placeholder. Never substitute a different fort.,True
MH-F-226,FORT,Kanhergad (Kanhira),FORT,,Wikimedia Commons,"""Kanhergad (Kanhira)"" fort Maharashtra",https://commons.wikimedia.org/wiki/Special:MediaSearch?type=image&search=%22Kanhergad%20%28Kanhira%29%22%20fort%20Maharashtra,"""Kanhergad (Kanhira)"" fort",Exact entity-name match required; otherwise keep placeholder. Never substitute a different fort.,True
MH-F-227,FORT,Kanheri (Kanhera/Kanherigad),FORT,,Wikimedia Commons,"""Kanheri (Kanhera/Kanherigad)"" fort Maharashtra",https://commons.wikimedia.org/wiki/Special:MediaSearch?type=image&search=%22Kanheri%20%28Kanhera/Kanherigad%29%22%20fort%20Maharashtra,"""Kanheri (Kanhera/Kanherigad)"" fort",Exact entity-name match required; otherwise keep placeholder. Never substitute a different fort.,True
MH-F-228,FORT,Kankadri (Kantra/Kandas),FORT,,Wikimedia Commons,"""Kankadri (Kantra/Kandas)"" fort Maharashtra",https://commons.wikimedia.org/wiki/Special:MediaSearch?type=image&search=%22Kankadri%20%28Kantra/Kandas%29%22%20fort%20Maharashtra,"""Kankadri (Kantra/Kandas)"" fort",Exact entity-name match required; otherwise keep placeholder. Never substitute a different fort.,True
MH-F-229,FORT,Kanakdurg,FORT,,Wikimedia Commons,"""Kanakdurg"" fort Maharashtra",https://commons.wikimedia.org/wiki/Special:MediaSearch?type=image&search=%22Kanakdurg%22%20fort%20Maharashtra,"""Kanakdurg"" fort",Exact entity-name match required; otherwise keep placeholder. Never substitute a different fort.,True
MH-F-230,FORT,Kanvai,FORT,Nashik,Wikimedia Commons,"""Kanvai"" fort Maharashtra",https://commons.wikimedia.org/wiki/Special:MediaSearch?type=image&search=%22Kanvai%22%20fort%20Maharashtra,"""Kanvai"" fort",Exact entity-name match required; otherwise keep placeholder. Never substitute a different fort.,True
MH-F-231,FORT,Kanhera,FORT,,Wikimedia Commons,"""Kanhera"" fort Maharashtra",https://commons.wikimedia.org/wiki/Special:MediaSearch?type=image&search=%22Kanhera%22%20fort%20Maharashtra,"""Kanhera"" fort",Exact entity-name match required; otherwise keep placeholder. Never substitute a different fort.,True
MH-F-232,FORT,Karad,FORT,,Wikimedia Commons,"""Karad"" fort Maharashtra",https://commons.wikimedia.org/wiki/Special:MediaSearch?type=image&search=%22Karad%22%20fort%20Maharashtra,"""Karad"" fort",Exact entity-name match required; otherwise keep placeholder. Never substitute a different fort.,True
MH-F-233,FORT,Karanja,FORT,,Wikimedia Commons,"""Karanja"" fort Maharashtra",https://commons.wikimedia.org/wiki/Special:MediaSearch?type=image&search=%22Karanja%22%20fort%20Maharashtra,"""Karanja"" fort",Exact entity-name match required; otherwise keep placeholder. Never substitute a different fort.,True
MH-F-234,FORT,Karhe,FORT,,Wikimedia Commons,"""Karhe"" fort Maharashtra",https://commons.wikimedia.org/wiki/Special:MediaSearch?type=image&search=%22Karhe%22%20fort%20Maharashtra,"""Karhe"" fort",Exact entity-name match required; otherwise keep placeholder. Never substitute a different fort.,True
MH-F-235,FORT,Karmala,FORT,,Wikimedia Commons,"""Karmala"" fort Maharashtra",https://commons.wikimedia.org/wiki/Special:MediaSearch?type=image&search=%22Karmala%22%20fort%20Maharashtra,"""Karmala"" fort",Exact entity-name match required; otherwise keep placeholder. Never substitute a different fort.,True
MH-F-236,FORT,Karanala,FORT,Raigad,Wikimedia Commons,"""Karanala"" fort Maharashtra",https://commons.wikimedia.org/wiki/Special:MediaSearch?type=image&search=%22Karanala%22%20fort%20Maharashtra,"""Karanala"" fort",Exact entity-name match required; otherwise keep placeholder. Never substitute a different fort.,True
MH-F-237,FORT,Katol,FORT,,Wikimedia Commons,"""Katol"" fort Maharashtra",https://commons.wikimedia.org/wiki/Special:MediaSearch?type=image&search=%22Katol%22%20fort%20Maharashtra,"""Katol"" fort",Exact entity-name match required; otherwise keep placeholder. Never substitute a different fort.,True
MH-F-238,FORT,Katragad,FORT,,Wikimedia Commons,"""Katragad"" fort Maharashtra",https://commons.wikimedia.org/wiki/Special:MediaSearch?type=image&search=%22Katragad%22%20fort%20Maharashtra,"""Katragad"" fort",Exact entity-name match required; otherwise keep placeholder. Never substitute a different fort.,True
MH-F-239,FORT,Kaula Killa,FORT,,Wikimedia Commons,"""Kaula Killa"" fort Maharashtra",https://commons.wikimedia.org/wiki/Special:MediaSearch?type=image&search=%22Kaula%20Killa%22%20fort%20Maharashtra,"""Kaula Killa"" fort",Exact entity-name match required; otherwise keep placeholder. Never substitute a different fort.,True
MH-F-240,FORT,Kauthe,FORT,,Wikimedia Commons,"""Kauthe"" fort Maharashtra",https://commons.wikimedia.org/wiki/Special:MediaSearch?type=image&search=%22Kauthe%22%20fort%20Maharashtra,"""Kauthe"" fort",Exact entity-name match required; otherwise keep placeholder. Never substitute a different fort.,True
MH-F-241,FORT,Kayar,FORT,,Wikimedia Commons,"""Kayar"" fort Maharashtra",https://commons.wikimedia.org/wiki/Special:MediaSearch?type=image&search=%22Kayar%22%20fort%20Maharashtra,"""Kayar"" fort",Exact entity-name match required; otherwise keep placeholder. Never substitute a different fort.,True
MH-F-242,FORT,Kelapur,FORT,,Wikimedia Commons,"""Kelapur"" fort Maharashtra",https://commons.wikimedia.org/wiki/Special:MediaSearch?type=image&search=%22Kelapur%22%20fort%20Maharashtra,"""Kelapur"" fort",Exact entity-name match required; otherwise keep placeholder. Never substitute a different fort.,True
MH-F-243,FORT,Kelve,FORT,,Wikimedia Commons,"""Kelve"" fort Maharashtra",https://commons.wikimedia.org/wiki/Special:MediaSearch?type=image&search=%22Kelve%22%20fort%20Maharashtra,"""Kelve"" fort",Exact entity-name match required; otherwise keep placeholder. Never substitute a different fort.,True
MH-F-244,FORT,Kenjalgad (Kelanja),FORT,Satara,Wikimedia Commons,"""Kenjalgad (Kelanja)"" fort Maharashtra",https://commons.wikimedia.org/wiki/Special:MediaSearch?type=image&search=%22Kenjalgad%20%28Kelanja%29%22%20fort%20Maharashtra,"""Kenjalgad (Kelanja)"" fort",Exact entity-name match required; otherwise keep placeholder. Never substitute a different fort.,True
MH-F-245,FORT,Khanapur,FORT,,Wikimedia Commons,"""Khanapur"" fort Maharashtra",https://commons.wikimedia.org/wiki/Special:MediaSearch?type=image&search=%22Khanapur%22%20fort%20Maharashtra,"""Khanapur"" fort",Exact entity-name match required; otherwise keep placeholder. Never substitute a different fort.,True
MH-F-246,FORT,Khandaragad,FORT,,Wikimedia Commons,"""Khandaragad"" fort Maharashtra",https://commons.wikimedia.org/wiki/Special:MediaSearch?type=image&search=%22Khandaragad%22%20fort%20Maharashtra,"""Khandaragad"" fort",Exact entity-name match required; otherwise keep placeholder. Never substitute a different fort.,True
MH-F-247,FORT,Khanderi,FORT,Raigad,Wikimedia Commons,"""Khanderi"" fort Maharashtra",https://commons.wikimedia.org/wiki/Special:MediaSearch?type=image&search=%22Khanderi%22%20fort%20Maharashtra,"""Khanderi"" fort",Exact entity-name match required; otherwise keep placeholder. Never substitute a different fort.,True
MH-F-248,FORT,Khare Patan,FORT,,Wikimedia Commons,"""Khare Patan"" fort Maharashtra",https://commons.wikimedia.org/wiki/Special:MediaSearch?type=image&search=%22Khare%20Patan%22%20fort%20Maharashtra,"""Khare Patan"" fort",Exact entity-name match required; otherwise keep placeholder. Never substitute a different fort.,True
MH-F-249,FORT,Khatgad,FORT,,Wikimedia Commons,"""Khatgad"" fort Maharashtra",https://commons.wikimedia.org/wiki/Special:MediaSearch?type=image&search=%22Khatgad%22%20fort%20Maharashtra,"""Khatgad"" fort",Exact entity-name match required; otherwise keep placeholder. Never substitute a different fort.,True
MH-F-250,FORT,Khatoda,FORT,,Wikimedia Commons,"""Khatoda"" fort Maharashtra",https://commons.wikimedia.org/wiki/Special:MediaSearch?type=image&search=%22Khatoda%22%20fort%20Maharashtra,"""Khatoda"" fort",Exact entity-name match required; otherwise keep placeholder. Never substitute a different fort.,True
MH-F-251,FORT,Khubladha (Thal),FORT,,Wikimedia Commons,"""Khubladha (Thal)"" fort Maharashtra",https://commons.wikimedia.org/wiki/Special:MediaSearch?type=image&search=%22Khubladha%20%28Thal%29%22%20fort%20Maharashtra,"""Khubladha (Thal)"" fort",Exact entity-name match required; otherwise keep placeholder. Never substitute a different fort.,True
MH-F-252,FORT,Khatale (Pethkodhala),FORT,,Wikimedia Commons,"""Khatale (Pethkodhala)"" fort Maharashtra",https://commons.wikimedia.org/wiki/Special:MediaSearch?type=image&search=%22Khatale%20%28Pethkodhala%29%22%20fort%20Maharashtra,"""Khatale (Pethkodhala)"" fort",Exact entity-name match required; otherwise keep placeholder. Never substitute a different fort.,True
MH-F-253,FORT,Kittal,FORT,,Wikimedia Commons,"""Kittal"" fort Maharashtra",https://commons.wikimedia.org/wiki/Special:MediaSearch?type=image&search=%22Kittal%22%20fort%20Maharashtra,"""Kittal"" fort",Exact entity-name match required; otherwise keep placeholder. Never substitute a different fort.,True
MH-F-254,FORT,Kohaj (Komj/Konagad),FORT,Palghar,Wikimedia Commons,"""Kohaj (Komj/Konagad)"" fort Maharashtra",https://commons.wikimedia.org/wiki/Special:MediaSearch?type=image&search=%22Kohaj%20%28Komj/Konagad%29%22%20fort%20Maharashtra,"""Kohaj (Komj/Konagad)"" fort",Exact entity-name match required; otherwise keep placeholder. Never substitute a different fort.,True
MH-F-255,FORT,Kokan Diva,FORT,,Wikimedia Commons,"""Kokan Diva"" fort Maharashtra",https://commons.wikimedia.org/wiki/Special:MediaSearch?type=image&search=%22Kokan%20Diva%22%20fort%20Maharashtra,"""Kokan Diva"" fort",Exact entity-name match required; otherwise keep placeholder. Never substitute a different fort.,True
MH-F-256,FORT,Koldher (Kolther),FORT,,Wikimedia Commons,"""Koldher (Kolther)"" fort Maharashtra",https://commons.wikimedia.org/wiki/Special:MediaSearch?type=image&search=%22Koldher%20%28Kolther%29%22%20fort%20Maharashtra,"""Koldher (Kolther)"" fort",Exact entity-name match required; otherwise keep placeholder. Never substitute a different fort.,True
MH-F-257,FORT,Kole (Kale/Koldurg),FORT,,Wikimedia Commons,"""Kole (Kale/Koldurg)"" fort Maharashtra",https://commons.wikimedia.org/wiki/Special:MediaSearch?type=image&search=%22Kole%20%28Kale/Koldurg%29%22%20fort%20Maharashtra,"""Kole (Kale/Koldurg)"" fort",Exact entity-name match required; otherwise keep placeholder. Never substitute a different fort.,True
MH-F-258,FORT,Koparli (Ranala),FORT,,Wikimedia Commons,"""Koparli (Ranala)"" fort Maharashtra",https://commons.wikimedia.org/wiki/Special:MediaSearch?type=image&search=%22Koparli%20%28Ranala%29%22%20fort%20Maharashtra,"""Koparli (Ranala)"" fort",Exact entity-name match required; otherwise keep placeholder. Never substitute a different fort.,True
MH-F-259,FORT,Korlai,FORT,,Wikimedia Commons,"""Korlai"" fort Maharashtra",https://commons.wikimedia.org/wiki/Special:MediaSearch?type=image&search=%22Korlai%22%20fort%20Maharashtra,"""Korlai"" fort",Exact entity-name match required; otherwise keep placeholder. Never substitute a different fort.,True
MH-F-260,FORT,Kothilgad (Peth),FORT,,Wikimedia Commons,"""Kothilgad (Peth)"" fort Maharashtra",https://commons.wikimedia.org/wiki/Special:MediaSearch?type=image&search=%22Kothilgad%20%28Peth%29%22%20fort%20Maharashtra,"""Kothilgad (Peth)"" fort",Exact entity-name match required; otherwise keep placeholder. Never substitute a different fort.,True
MH-F-261,FORT,Kudal,FORT,,Wikimedia Commons,"""Kudal"" fort Maharashtra",https://commons.wikimedia.org/wiki/Special:MediaSearch?type=image&search=%22Kudal%22%20fort%20Maharashtra,"""Kudal"" fort",Exact entity-name match required; otherwise keep placeholder. Never substitute a different fort.,True
MH-F-262,FORT,Kulaba (Alibag),FORT,Raigad,Wikimedia Commons,"""Kulaba (Alibag)"" fort Maharashtra",https://commons.wikimedia.org/wiki/Special:MediaSearch?type=image&search=%22Kulaba%20%28Alibag%29%22%20fort%20Maharashtra,"""Kulaba (Alibag)"" fort",Exact entity-name match required; otherwise keep placeholder. Never substitute a different fort.,True
MH-F-263,FORT,Kulang (Chota Kulang),FORT,,Wikimedia Commons,"""Kulang (Chota Kulang)"" fort Maharashtra",https://commons.wikimedia.org/wiki/Special:MediaSearch?type=image&search=%22Kulang%20%28Chota%20Kulang%29%22%20fort%20Maharashtra,"""Kulang (Chota Kulang)"" fort",Exact entity-name match required; otherwise keep placeholder. Never substitute a different fort.,True
MH-F-264,FORT,Kumwarigad (Koraigad),FORT,,Wikimedia Commons,"""Kumwarigad (Koraigad)"" fort Maharashtra",https://commons.wikimedia.org/wiki/Special:MediaSearch?type=image&search=%22Kumwarigad%20%28Koraigad%29%22%20fort%20Maharashtra,"""Kumwarigad (Koraigad)"" fort",Exact entity-name match required; otherwise keep placeholder. Never substitute a different fort.,True
MH-F-265,FORT,Kunjalgad,FORT,,Wikimedia Commons,"""Kunjalgad"" fort Maharashtra",https://commons.wikimedia.org/wiki/Special:MediaSearch?type=image&search=%22Kunjalgad%22%20fort%20Maharashtra,"""Kunjalgad"" fort",Exact entity-name match required; otherwise keep placeholder. Never substitute a different fort.,True
MH-F-266,FORT,Kurdugad (Vitangad/Bishramgad),FORT,Raigad,Wikimedia Commons,"""Kurdugad (Vitangad/Bishramgad)"" fort Maharashtra",https://commons.wikimedia.org/wiki/Special:MediaSearch?type=image&search=%22Kurdugad%20%28Vitangad/Bishramgad%29%22%20fort%20Maharashtra,"""Kurdugad (Vitangad/Bishramgad)"" fort",Exact entity-name match required; otherwise keep placeholder. Never substitute a different fort.,True
MH-F-267,FORT,Lasalgaum,FORT,,Wikimedia Commons,"""Lasalgaum"" fort Maharashtra",https://commons.wikimedia.org/wiki/Special:MediaSearch?type=image&search=%22Lasalgaum%22%20fort%20Maharashtra,"""Lasalgaum"" fort",Exact entity-name match required; otherwise keep placeholder. Never substitute a different fort.,True
MH-F-268,FORT,Lasur,FORT,,Wikimedia Commons,"""Lasur"" fort Maharashtra",https://commons.wikimedia.org/wiki/Special:MediaSearch?type=image&search=%22Lasur%22%20fort%20Maharashtra,"""Lasur"" fort",Exact entity-name match required; otherwise keep placeholder. Never substitute a different fort.,True
MH-F-269,FORT,Lingana,FORT,,Wikimedia Commons,"""Lingana"" fort Maharashtra",https://commons.wikimedia.org/wiki/Special:MediaSearch?type=image&search=%22Lingana%22%20fort%20Maharashtra,"""Lingana"" fort",Exact entity-name match required; otherwise keep placeholder. Never substitute a different fort.,True
MH-F-270,FORT,Loni Bhapkar,FORT,,Wikimedia Commons,"""Loni Bhapkar"" fort Maharashtra",https://commons.wikimedia.org/wiki/Special:MediaSearch?type=image&search=%22Loni%20Bhapkar%22%20fort%20Maharashtra,"""Loni Bhapkar"" fort",Exact entity-name match required; otherwise keep placeholder. Never substitute a different fort.,True
MH-F-271,FORT,Machal,FORT,,Wikimedia Commons,"""Machal"" fort Maharashtra",https://commons.wikimedia.org/wiki/Special:MediaSearch?type=image&search=%22Machal%22%20fort%20Maharashtra,"""Machal"" fort",Exact entity-name match required; otherwise keep placeholder. Never substitute a different fort.,True
MH-F-272,FORT,Machindragad,FORT,,Wikimedia Commons,"""Machindragad"" fort Maharashtra",https://commons.wikimedia.org/wiki/Special:MediaSearch?type=image&search=%22Machindragad%22%20fort%20Maharashtra,"""Machindragad"" fort",Exact entity-name match required; otherwise keep placeholder. Never substitute a different fort.,True
MH-F-273,FORT,Madangad,FORT,,Wikimedia Commons,"""Madangad"" fort Maharashtra",https://commons.wikimedia.org/wiki/Special:MediaSearch?type=image&search=%22Madangad%22%20fort%20Maharashtra,"""Madangad"" fort",Exact entity-name match required; otherwise keep placeholder. Never substitute a different fort.,True
MH-F-274,FORT,Madgad,FORT,,Wikimedia Commons,"""Madgad"" fort Maharashtra",https://commons.wikimedia.org/wiki/Special:MediaSearch?type=image&search=%22Madgad%22%20fort%20Maharashtra,"""Madgad"" fort",Exact entity-name match required; otherwise keep placeholder. Never substitute a different fort.,True
MH-F-275,FORT,Madha,FORT,,Wikimedia Commons,"""Madha"" fort Maharashtra",https://commons.wikimedia.org/wiki/Special:MediaSearch?type=image&search=%22Madha%22%20fort%20Maharashtra,"""Madha"" fort",Exact entity-name match required; otherwise keep placeholder. Never substitute a different fort.,True
MH-F-276,FORT,Madhala Buruz,FORT,,Wikimedia Commons,"""Madhala Buruz"" fort Maharashtra",https://commons.wikimedia.org/wiki/Special:MediaSearch?type=image&search=%22Madhala%20Buruz%22%20fort%20Maharashtra,"""Madhala Buruz"" fort",Exact entity-name match required; otherwise keep placeholder. Never substitute a different fort.,True
MH-F-277,FORT,Mahadevgad,FORT,,Wikimedia Commons,"""Mahadevgad"" fort Maharashtra",https://commons.wikimedia.org/wiki/Special:MediaSearch?type=image&search=%22Mahadevgad%22%20fort%20Maharashtra,"""Mahadevgad"" fort",Exact entity-name match required; otherwise keep placeholder. Never substitute a different fort.,True
MH-F-278,FORT,Mahim,FORT,,Wikimedia Commons,"""Mahim"" fort Maharashtra",https://commons.wikimedia.org/wiki/Special:MediaSearch?type=image&search=%22Mahim%22%20fort%20Maharashtra,"""Mahim"" fort",Exact entity-name match required; otherwise keep placeholder. Never substitute a different fort.,True
MH-F-279,FORT,Mahimangad,FORT,,Wikimedia Commons,"""Mahimangad"" fort Maharashtra",https://commons.wikimedia.org/wiki/Special:MediaSearch?type=image&search=%22Mahimangad%22%20fort%20Maharashtra,"""Mahimangad"" fort",Exact entity-name match required; otherwise keep placeholder. Never substitute a different fort.,True
MH-F-280,FORT,Mahipalgad,FORT,,Wikimedia Commons,"""Mahipalgad"" fort Maharashtra",https://commons.wikimedia.org/wiki/Special:MediaSearch?type=image&search=%22Mahipalgad%22%20fort%20Maharashtra,"""Mahipalgad"" fort",Exact entity-name match required; otherwise keep placeholder. Never substitute a different fort.,True
MH-F-281,FORT,Mahipatgad,FORT,Ratnagiri,Wikimedia Commons,"""Mahipatgad"" fort Maharashtra",https://commons.wikimedia.org/wiki/Special:MediaSearch?type=image&search=%22Mahipatgad%22%20fort%20Maharashtra,"""Mahipatgad"" fort",Exact entity-name match required; otherwise keep placeholder. Never substitute a different fort.,True
MH-F-282,FORT,Makarandgad,FORT,,Wikimedia Commons,"""Makarandgad"" fort Maharashtra",https://commons.wikimedia.org/wiki/Special:MediaSearch?type=image&search=%22Makarandgad%22%20fort%20Maharashtra,"""Makarandgad"" fort",Exact entity-name match required; otherwise keep placeholder. Never substitute a different fort.,True
MH-F-283,FORT,Mahuli,FORT,,Wikimedia Commons,"""Mahuli"" fort Maharashtra",https://commons.wikimedia.org/wiki/Special:MediaSearch?type=image&search=%22Mahuli%22%20fort%20Maharashtra,"""Mahuli"" fort",Exact entity-name match required; otherwise keep placeholder. Never substitute a different fort.,True
MH-F-284,FORT,Malkapur,FORT,,Wikimedia Commons,"""Malkapur"" fort Maharashtra",https://commons.wikimedia.org/wiki/Special:MediaSearch?type=image&search=%22Malkapur%22%20fort%20Maharashtra,"""Malkapur"" fort",Exact entity-name match required; otherwise keep placeholder. Never substitute a different fort.,True
MH-F-285,FORT,Malanggad,FORT,Thane,Wikimedia Commons,"""Malanggad"" fort Maharashtra",https://commons.wikimedia.org/wiki/Special:MediaSearch?type=image&search=%22Malanggad%22%20fort%20Maharashtra,"""Malanggad"" fort",Exact entity-name match required; otherwise keep placeholder. Never substitute a different fort.,True
MH-F-286,FORT,Malavdi,FORT,,Wikimedia Commons,"""Malavdi"" fort Maharashtra",https://commons.wikimedia.org/wiki/Special:MediaSearch?type=image&search=%22Malavdi%22%20fort%20Maharashtra,"""Malavdi"" fort",Exact entity-name match required; otherwise keep placeholder. Never substitute a different fort.,True
MH-F-287,FORT,Malegaum,FORT,,Wikimedia Commons,"""Malegaum"" fort Maharashtra",https://commons.wikimedia.org/wiki/Special:MediaSearch?type=image&search=%22Malegaum%22%20fort%20Maharashtra,"""Malegaum"" fort",Exact entity-name match required; otherwise keep placeholder. Never substitute a different fort.,True
MH-F-288,FORT,Malhargad (Soneri),FORT,,Wikimedia Commons,"""Malhargad (Soneri)"" fort Maharashtra",https://commons.wikimedia.org/wiki/Special:MediaSearch?type=image&search=%22Malhargad%20%28Soneri%29%22%20fort%20Maharashtra,"""Malhargad (Soneri)"" fort",Exact entity-name match required; otherwise keep placeholder. Never substitute a different fort.,True
MH-F-289,FORT,Manaranjan (Rajamachi),FORT,Pune,Wikimedia Commons,"""Manaranjan (Rajamachi)"" fort Maharashtra",https://commons.wikimedia.org/wiki/Special:MediaSearch?type=image&search=%22Manaranjan%20%28Rajamachi%29%22%20fort%20Maharashtra,"""Manaranjan (Rajamachi)"" fort",Exact entity-name match required; otherwise keep placeholder. Never substitute a different fort.,True
MH-F-290,FORT,Manasantoshgad,FORT,,Wikimedia Commons,"""Manasantoshgad"" fort Maharashtra",https://commons.wikimedia.org/wiki/Special:MediaSearch?type=image&search=%22Manasantoshgad%22%20fort%20Maharashtra,"""Manasantoshgad"" fort",Exact entity-name match required; otherwise keep placeholder. Never substitute a different fort.,True
MH-F-291,FORT,Manchur,FORT,,Wikimedia Commons,"""Manchur"" fort Maharashtra",https://commons.wikimedia.org/wiki/Special:MediaSearch?type=image&search=%22Manchur%22%20fort%20Maharashtra,"""Manchur"" fort",Exact entity-name match required; otherwise keep placeholder. Never substitute a different fort.,True
MH-F-292,FORT,Mandangad,FORT,,Wikimedia Commons,"""Mandangad"" fort Maharashtra",https://commons.wikimedia.org/wiki/Special:MediaSearch?type=image&search=%22Mandangad%22%20fort%20Maharashtra,"""Mandangad"" fort",Exact entity-name match required; otherwise keep placeholder. Never substitute a different fort.,True
MH-F-293,FORT,Mangad (Mastiwade/Vinsai),FORT,Raigad,Wikimedia Commons,"""Mangad (Mastiwade/Vinsai)"" fort Maharashtra",https://commons.wikimedia.org/wiki/Special:MediaSearch?type=image&search=%22Mangad%20%28Mastiwade/Vinsai%29%22%20fort%20Maharashtra,"""Mangad (Mastiwade/Vinsai)"" fort",Exact entity-name match required; otherwise keep placeholder. Never substitute a different fort.,True
MH-F-294,FORT,Mangalgad,FORT,Raigad,Wikimedia Commons,"""Mangalgad"" fort Maharashtra",https://commons.wikimedia.org/wiki/Special:MediaSearch?type=image&search=%22Mangalgad%22%20fort%20Maharashtra,"""Mangalgad"" fort",Exact entity-name match required; otherwise keep placeholder. Never substitute a different fort.,True
MH-F-295,FORT,Mangalvedha,FORT,,Wikimedia Commons,"""Mangalvedha"" fort Maharashtra",https://commons.wikimedia.org/wiki/Special:MediaSearch?type=image&search=%22Mangalvedha%22%20fort%20Maharashtra,"""Mangalvedha"" fort",Exact entity-name match required; otherwise keep placeholder. Never substitute a different fort.,True
MH-F-296,FORT,Mangi,FORT,,Wikimedia Commons,"""Mangi"" fort Maharashtra",https://commons.wikimedia.org/wiki/Special:MediaSearch?type=image&search=%22Mangi%22%20fort%20Maharashtra,"""Mangi"" fort",Exact entity-name match required; otherwise keep placeholder. Never substitute a different fort.,True
MH-F-297,FORT,Manikpunj,FORT,,Wikimedia Commons,"""Manikpunj"" fort Maharashtra",https://commons.wikimedia.org/wiki/Special:MediaSearch?type=image&search=%22Manikpunj%22%20fort%20Maharashtra,"""Manikpunj"" fort",Exact entity-name match required; otherwise keep placeholder. Never substitute a different fort.,True
MH-F-298,FORT,Manohargad,FORT,,Wikimedia Commons,"""Manohargad"" fort Maharashtra",https://commons.wikimedia.org/wiki/Special:MediaSearch?type=image&search=%22Manohargad%22%20fort%20Maharashtra,"""Manohargad"" fort",Exact entity-name match required; otherwise keep placeholder. Never substitute a different fort.,True
MH-F-299,FORT,Manor,FORT,,Wikimedia Commons,"""Manor"" fort Maharashtra",https://commons.wikimedia.org/wiki/Special:MediaSearch?type=image&search=%22Manor%22%20fort%20Maharashtra,"""Manor"" fort",Exact entity-name match required; otherwise keep placeholder. Never substitute a different fort.,True
MH-F-300,FORT,Markandya (Mayurkhandi),FORT,,Wikimedia Commons,"""Markandya (Mayurkhandi)"" fort Maharashtra",https://commons.wikimedia.org/wiki/Special:MediaSearch?type=image&search=%22Markandya%20%28Mayurkhandi%29%22%20fort%20Maharashtra,"""Markandya (Mayurkhandi)"" fort",Exact entity-name match required; otherwise keep placeholder. Never substitute a different fort.,True
MH-F-301,FORT,Masur,FORT,,Wikimedia Commons,"""Masur"" fort Maharashtra",https://commons.wikimedia.org/wiki/Special:MediaSearch?type=image&search=%22Masur%22%20fort%20Maharashtra,"""Masur"" fort",Exact entity-name match required; otherwise keep placeholder. Never substitute a different fort.,True
MH-F-302,FORT,Mathane,FORT,,Wikimedia Commons,"""Mathane"" fort Maharashtra",https://commons.wikimedia.org/wiki/Special:MediaSearch?type=image&search=%22Mathane%22%20fort%20Maharashtra,"""Mathane"" fort",Exact entity-name match required; otherwise keep placeholder. Never substitute a different fort.,True
MH-F-303,FORT,Mathan (Malchan),FORT,,Wikimedia Commons,"""Mathan (Malchan)"" fort Maharashtra",https://commons.wikimedia.org/wiki/Special:MediaSearch?type=image&search=%22Mathan%20%28Malchan%29%22%20fort%20Maharashtra,"""Mathan (Malchan)"" fort",Exact entity-name match required; otherwise keep placeholder. Never substitute a different fort.,True
MH-F-304,FORT,Mazgaum,FORT,,Wikimedia Commons,"""Mazgaum"" fort Maharashtra",https://commons.wikimedia.org/wiki/Special:MediaSearch?type=image&search=%22Mazgaum%22%20fort%20Maharashtra,"""Mazgaum"" fort",Exact entity-name match required; otherwise keep placeholder. Never substitute a different fort.,True
MH-F-305,FORT,Medad,FORT,,Wikimedia Commons,"""Medad"" fort Maharashtra",https://commons.wikimedia.org/wiki/Special:MediaSearch?type=image&search=%22Medad%22%20fort%20Maharashtra,"""Medad"" fort",Exact entity-name match required; otherwise keep placeholder. Never substitute a different fort.,True
MH-F-306,FORT,Mesna,FORT,,Wikimedia Commons,"""Mesna"" fort Maharashtra",https://commons.wikimedia.org/wiki/Special:MediaSearch?type=image&search=%22Mesna%22%20fort%20Maharashtra,"""Mesna"" fort",Exact entity-name match required; otherwise keep placeholder. Never substitute a different fort.,True
MH-F-307,FORT,Miraj (Murtazabad),FORT,,Wikimedia Commons,"""Miraj (Murtazabad)"" fort Maharashtra",https://commons.wikimedia.org/wiki/Special:MediaSearch?type=image&search=%22Miraj%20%28Murtazabad%29%22%20fort%20Maharashtra,"""Miraj (Murtazabad)"" fort",Exact entity-name match required; otherwise keep placeholder. Never substitute a different fort.,True
MH-F-308,FORT,Mohangad (Jasalodgad),FORT,,Wikimedia Commons,"""Mohangad (Jasalodgad)"" fort Maharashtra",https://commons.wikimedia.org/wiki/Special:MediaSearch?type=image&search=%22Mohangad%20%28Jasalodgad%29%22%20fort%20Maharashtra,"""Mohangad (Jasalodgad)"" fort",Exact entity-name match required; otherwise keep placeholder. Never substitute a different fort.,True
MH-F-309,FORT,Mohol,FORT,,Wikimedia Commons,"""Mohol"" fort Maharashtra",https://commons.wikimedia.org/wiki/Special:MediaSearch?type=image&search=%22Mohol%22%20fort%20Maharashtra,"""Mohol"" fort",Exact entity-name match required; otherwise keep placeholder. Never substitute a different fort.,True
MH-F-310,FORT,Moragad,FORT,,Wikimedia Commons,"""Moragad"" fort Maharashtra",https://commons.wikimedia.org/wiki/Special:MediaSearch?type=image&search=%22Moragad%22%20fort%20Maharashtra,"""Moragad"" fort",Exact entity-name match required; otherwise keep placeholder. Never substitute a different fort.,True
MH-F-311,FORT,Murtazapur,FORT,,Wikimedia Commons,"""Murtazapur"" fort Maharashtra",https://commons.wikimedia.org/wiki/Special:MediaSearch?type=image&search=%22Murtazapur%22%20fort%20Maharashtra,"""Murtazapur"" fort",Exact entity-name match required; otherwise keep placeholder. Never substitute a different fort.,True
MH-F-312,FORT,Nanded,FORT,,Wikimedia Commons,"""Nanded"" fort Maharashtra",https://commons.wikimedia.org/wiki/Special:MediaSearch?type=image&search=%22Nanded%22%20fort%20Maharashtra,"""Nanded"" fort",Exact entity-name match required; otherwise keep placeholder. Never substitute a different fort.,True
MH-F-313,FORT,Nandgiri (Kalyangad),FORT,Satara,Wikimedia Commons,"""Nandgiri (Kalyangad)"" fort Maharashtra",https://commons.wikimedia.org/wiki/Special:MediaSearch?type=image&search=%22Nandgiri%20%28Kalyangad%29%22%20fort%20Maharashtra,"""Nandgiri (Kalyangad)"" fort",Exact entity-name match required; otherwise keep placeholder. Never substitute a different fort.,True
MH-F-314,FORT,Nandos,FORT,,Wikimedia Commons,"""Nandos"" fort Maharashtra",https://commons.wikimedia.org/wiki/Special:MediaSearch?type=image&search=%22Nandos%22%20fort%20Maharashtra,"""Nandos"" fort",Exact entity-name match required; otherwise keep placeholder. Never substitute a different fort.,True
MH-F-315,FORT,Nandurbar,FORT,,Wikimedia Commons,"""Nandurbar"" fort Maharashtra",https://commons.wikimedia.org/wiki/Special:MediaSearch?type=image&search=%22Nandurbar%22%20fort%20Maharashtra,"""Nandurbar"" fort",Exact entity-name match required; otherwise keep placeholder. Never substitute a different fort.,True
MH-F-316,FORT,Narkher,FORT,,Wikimedia Commons,"""Narkher"" fort Maharashtra",https://commons.wikimedia.org/wiki/Special:MediaSearch?type=image&search=%22Narkher%22%20fort%20Maharashtra,"""Narkher"" fort",Exact entity-name match required; otherwise keep placeholder. Never substitute a different fort.,True
MH-F-317,FORT,Nashratpur,FORT,,Wikimedia Commons,"""Nashratpur"" fort Maharashtra",https://commons.wikimedia.org/wiki/Special:MediaSearch?type=image&search=%22Nashratpur%22%20fort%20Maharashtra,"""Nashratpur"" fort",Exact entity-name match required; otherwise keep placeholder. Never substitute a different fort.,True
MH-F-318,FORT,Nhavi Killa (Ratangad),FORT,Ahilyanagar,Wikimedia Commons,"""Nhavi Killa (Ratangad)"" fort Maharashtra",https://commons.wikimedia.org/wiki/Special:MediaSearch?type=image&search=%22Nhavi%20Killa%20%28Ratangad%29%22%20fort%20Maharashtra,"""Nhavi Killa (Ratangad)"" fort",Exact entity-name match required; otherwise keep placeholder. Never substitute a different fort.,True
MH-F-319,FORT,Nivati,FORT,,Wikimedia Commons,"""Nivati"" fort Maharashtra",https://commons.wikimedia.org/wiki/Special:MediaSearch?type=image&search=%22Nivati%22%20fort%20Maharashtra,"""Nivati"" fort",Exact entity-name match required; otherwise keep placeholder. Never substitute a different fort.,True
MH-F-320,FORT,Nimgiri,FORT,,Wikimedia Commons,"""Nimgiri"" fort Maharashtra",https://commons.wikimedia.org/wiki/Special:MediaSearch?type=image&search=%22Nimgiri%22%20fort%20Maharashtra,"""Nimgiri"" fort",Exact entity-name match required; otherwise keep placeholder. Never substitute a different fort.,True
MH-F-321,FORT,Pabar,FORT,Nashik,Wikimedia Commons,"""Pabar"" fort Maharashtra",https://commons.wikimedia.org/wiki/Special:MediaSearch?type=image&search=%22Pabar%22%20fort%20Maharashtra,"""Pabar"" fort",Exact entity-name match required; otherwise keep placeholder. Never substitute a different fort.,True
MH-F-322,FORT,Padar,FORT,,Wikimedia Commons,"""Padar"" fort Maharashtra",https://commons.wikimedia.org/wiki/Special:MediaSearch?type=image&search=%22Padar%22%20fort%20Maharashtra,"""Padar"" fort",Exact entity-name match required; otherwise keep placeholder. Never substitute a different fort.,True
MH-F-323,FORT,Padargad,FORT,,Wikimedia Commons,"""Padargad"" fort Maharashtra",https://commons.wikimedia.org/wiki/Special:MediaSearch?type=image&search=%22Padargad%22%20fort%20Maharashtra,"""Padargad"" fort",Exact entity-name match required; otherwise keep placeholder. Never substitute a different fort.,True
MH-F-324,FORT,Padamgad (Padmagad/Padmadurg),FORT,,Wikimedia Commons,"""Padamgad (Padmagad/Padmadurg)"" fort Maharashtra",https://commons.wikimedia.org/wiki/Special:MediaSearch?type=image&search=%22Padamgad%20%28Padmagad/Padmadurg%29%22%20fort%20Maharashtra,"""Padamgad (Padmagad/Padmadurg)"" fort",Exact entity-name match required; otherwise keep placeholder. Never substitute a different fort.,True
MH-F-325,FORT,Pal,FORT,,Wikimedia Commons,"""Pal"" fort Maharashtra",https://commons.wikimedia.org/wiki/Special:MediaSearch?type=image&search=%22Pal%22%20fort%20Maharashtra,"""Pal"" fort",Exact entity-name match required; otherwise keep placeholder. Never substitute a different fort.,True
MH-F-326,FORT,Palgad,FORT,,Wikimedia Commons,"""Palgad"" fort Maharashtra",https://commons.wikimedia.org/wiki/Special:MediaSearch?type=image&search=%22Palgad%22%20fort%20Maharashtra,"""Palgad"" fort",Exact entity-name match required; otherwise keep placeholder. Never substitute a different fort.,True
MH-F-327,FORT,Palshi,FORT,,Wikimedia Commons,"""Palshi"" fort Maharashtra",https://commons.wikimedia.org/wiki/Special:MediaSearch?type=image&search=%22Palshi%22%20fort%20Maharashtra,"""Palshi"" fort",Exact entity-name match required; otherwise keep placeholder. Never substitute a different fort.,True
MH-F-328,FORT,Pan Buruz,FORT,,Wikimedia Commons,"""Pan Buruz"" fort Maharashtra",https://commons.wikimedia.org/wiki/Special:MediaSearch?type=image&search=%22Pan%20Buruz%22%20fort%20Maharashtra,"""Pan Buruz"" fort",Exact entity-name match required; otherwise keep placeholder. Never substitute a different fort.,True
MH-F-329,FORT,Pandavgad,FORT,Satara,Wikimedia Commons,"""Pandavgad"" fort Maharashtra",https://commons.wikimedia.org/wiki/Special:MediaSearch?type=image&search=%22Pandavgad%22%20fort%20Maharashtra,"""Pandavgad"" fort",Exact entity-name match required; otherwise keep placeholder. Never substitute a different fort.,True
MH-F-330,FORT,Pargad,FORT,,Wikimedia Commons,"""Pargad"" fort Maharashtra",https://commons.wikimedia.org/wiki/Special:MediaSearch?type=image&search=%22Pargad%22%20fort%20Maharashtra,"""Pargad"" fort",Exact entity-name match required; otherwise keep placeholder. Never substitute a different fort.,True
MH-F-331,FORT,Parkot,FORT,,Wikimedia Commons,"""Parkot"" fort Maharashtra",https://commons.wikimedia.org/wiki/Special:MediaSearch?type=image&search=%22Parkot%22%20fort%20Maharashtra,"""Parkot"" fort",Exact entity-name match required; otherwise keep placeholder. Never substitute a different fort.,True
MH-F-332,FORT,Parinda,FORT,,Wikimedia Commons,"""Parinda"" fort Maharashtra",https://commons.wikimedia.org/wiki/Special:MediaSearch?type=image&search=%22Parinda%22%20fort%20Maharashtra,"""Parinda"" fort",Exact entity-name match required; otherwise keep placeholder. Never substitute a different fort.,True
MH-F-333,FORT,Parola,FORT,,Wikimedia Commons,"""Parola"" fort Maharashtra",https://commons.wikimedia.org/wiki/Special:MediaSearch?type=image&search=%22Parola%22%20fort%20Maharashtra,"""Parola"" fort",Exact entity-name match required; otherwise keep placeholder. Never substitute a different fort.,True
MH-F-334,FORT,Parsik,FORT,,Wikimedia Commons,"""Parsik"" fort Maharashtra",https://commons.wikimedia.org/wiki/Special:MediaSearch?type=image&search=%22Parsik%22%20fort%20Maharashtra,"""Parsik"" fort",Exact entity-name match required; otherwise keep placeholder. Never substitute a different fort.,True
MH-F-335,FORT,Parwadi,FORT,,Wikimedia Commons,"""Parwadi"" fort Maharashtra",https://commons.wikimedia.org/wiki/Special:MediaSearch?type=image&search=%22Parwadi%22%20fort%20Maharashtra,"""Parwadi"" fort",Exact entity-name match required; otherwise keep placeholder. Never substitute a different fort.,True
MH-F-336,FORT,Patheri,FORT,,Wikimedia Commons,"""Patheri"" fort Maharashtra",https://commons.wikimedia.org/wiki/Special:MediaSearch?type=image&search=%22Patheri%22%20fort%20Maharashtra,"""Patheri"" fort",Exact entity-name match required; otherwise keep placeholder. Never substitute a different fort.,True
MH-F-337,FORT,Patta (Vishramgad),FORT,,Wikimedia Commons,"""Patta (Vishramgad)"" fort Maharashtra",https://commons.wikimedia.org/wiki/Special:MediaSearch?type=image&search=%22Patta%20%28Vishramgad%29%22%20fort%20Maharashtra,"""Patta (Vishramgad)"" fort",Exact entity-name match required; otherwise keep placeholder. Never substitute a different fort.,True
MH-F-338,FORT,Pavangad,FORT,,Wikimedia Commons,"""Pavangad"" fort Maharashtra",https://commons.wikimedia.org/wiki/Special:MediaSearch?type=image&search=%22Pavangad%22%20fort%20Maharashtra,"""Pavangad"" fort",Exact entity-name match required; otherwise keep placeholder. Never substitute a different fort.,True
MH-F-339,FORT,Peb (Vikatgad),FORT,Raigad,Wikimedia Commons,"""Peb (Vikatgad)"" fort Maharashtra",https://commons.wikimedia.org/wiki/Special:MediaSearch?type=image&search=%22Peb%20%28Vikatgad%29%22%20fort%20Maharashtra,"""Peb (Vikatgad)"" fort",Exact entity-name match required; otherwise keep placeholder. Never substitute a different fort.,True
MH-F-340,FORT,Pedagaum (Bahadurgad),FORT,,Wikimedia Commons,"""Pedagaum (Bahadurgad)"" fort Maharashtra",https://commons.wikimedia.org/wiki/Special:MediaSearch?type=image&search=%22Pedagaum%20%28Bahadurgad%29%22%20fort%20Maharashtra,"""Pedagaum (Bahadurgad)"" fort",Exact entity-name match required; otherwise keep placeholder. Never substitute a different fort.,True
MH-F-341,FORT,Pemgiri (Shahagad),FORT,,Wikimedia Commons,"""Pemgiri (Shahagad)"" fort Maharashtra",https://commons.wikimedia.org/wiki/Special:MediaSearch?type=image&search=%22Pemgiri%20%28Shahagad%29%22%20fort%20Maharashtra,"""Pemgiri (Shahagad)"" fort",Exact entity-name match required; otherwise keep placeholder. Never substitute a different fort.,True
MH-F-342,FORT,Pedka,FORT,,Wikimedia Commons,"""Pedka"" fort Maharashtra",https://commons.wikimedia.org/wiki/Special:MediaSearch?type=image&search=%22Pedka%22%20fort%20Maharashtra,"""Pedka"" fort",Exact entity-name match required; otherwise keep placeholder. Never substitute a different fort.,True
MH-F-343,FORT,Phardapur,FORT,,Wikimedia Commons,"""Phardapur"" fort Maharashtra",https://commons.wikimedia.org/wiki/Special:MediaSearch?type=image&search=%22Phardapur%22%20fort%20Maharashtra,"""Phardapur"" fort",Exact entity-name match required; otherwise keep placeholder. Never substitute a different fort.,True
MH-F-344,FORT,Phonda,FORT,,Wikimedia Commons,"""Phonda"" fort Maharashtra",https://commons.wikimedia.org/wiki/Special:MediaSearch?type=image&search=%22Phonda%22%20fort%20Maharashtra,"""Phonda"" fort",Exact entity-name match required; otherwise keep placeholder. Never substitute a different fort.,True
MH-F-345,FORT,Phutaka Buruz,FORT,,Wikimedia Commons,"""Phutaka Buruz"" fort Maharashtra",https://commons.wikimedia.org/wiki/Special:MediaSearch?type=image&search=%22Phutaka%20Buruz%22%20fort%20Maharashtra,"""Phutaka Buruz"" fort",Exact entity-name match required; otherwise keep placeholder. Never substitute a different fort.,True
MH-F-346,FORT,Pimpalner,FORT,,Wikimedia Commons,"""Pimpalner"" fort Maharashtra",https://commons.wikimedia.org/wiki/Special:MediaSearch?type=image&search=%22Pimpalner%22%20fort%20Maharashtra,"""Pimpalner"" fort",Exact entity-name match required; otherwise keep placeholder. Never substitute a different fort.,True
MH-F-347,FORT,Pisol (Dighve),FORT,,Wikimedia Commons,"""Pisol (Dighve)"" fort Maharashtra",https://commons.wikimedia.org/wiki/Special:MediaSearch?type=image&search=%22Pisol%20%28Dighve%29%22%20fort%20Maharashtra,"""Pisol (Dighve)"" fort",Exact entity-name match required; otherwise keep placeholder. Never substitute a different fort.,True
MH-F-348,FORT,Prabalgad,FORT,Raigad,Wikimedia Commons,"""Prabalgad"" fort Maharashtra",https://commons.wikimedia.org/wiki/Special:MediaSearch?type=image&search=%22Prabalgad%22%20fort%20Maharashtra,"""Prabalgad"" fort",Exact entity-name match required; otherwise keep placeholder. Never substitute a different fort.,True
MH-F-349,FORT,Prachitgad (Uchitgad),FORT,,Wikimedia Commons,"""Prachitgad (Uchitgad)"" fort Maharashtra",https://commons.wikimedia.org/wiki/Special:MediaSearch?type=image&search=%22Prachitgad%20%28Uchitgad%29%22%20fort%20Maharashtra,"""Prachitgad (Uchitgad)"" fort",Exact entity-name match required; otherwise keep placeholder. Never substitute a different fort.,True
MH-F-350,FORT,Raireshwar,FORT,,Wikimedia Commons,"""Raireshwar"" fort Maharashtra",https://commons.wikimedia.org/wiki/Special:MediaSearch?type=image&search=%22Raireshwar%22%20fort%20Maharashtra,"""Raireshwar"" fort",Exact entity-name match required; otherwise keep placeholder. Never substitute a different fort.,True
MH-F-351,FORT,Rajdehar,FORT,,Wikimedia Commons,"""Rajdehar"" fort Maharashtra",https://commons.wikimedia.org/wiki/Special:MediaSearch?type=image&search=%22Rajdehar%22%20fort%20Maharashtra,"""Rajdehar"" fort",Exact entity-name match required; otherwise keep placeholder. Never substitute a different fort.,True
MH-F-352,FORT,Rajdher,FORT,,Wikimedia Commons,"""Rajdher"" fort Maharashtra",https://commons.wikimedia.org/wiki/Special:MediaSearch?type=image&search=%22Rajdher%22%20fort%20Maharashtra,"""Rajdher"" fort",Exact entity-name match required; otherwise keep placeholder. Never substitute a different fort.,True
MH-F-353,FORT,Ramshej,FORT,Nashik,Wikimedia Commons,"""Ramshej"" fort Maharashtra",https://commons.wikimedia.org/wiki/Special:MediaSearch?type=image&search=%22Ramshej%22%20fort%20Maharashtra,"""Ramshej"" fort",Exact entity-name match required; otherwise keep placeholder. Never substitute a different fort.,True
MH-F-354,FORT,Ramtek,FORT,,Wikimedia Commons,"""Ramtek"" fort Maharashtra",https://commons.wikimedia.org/wiki/Special:MediaSearch?type=image&search=%22Ramtek%22%20fort%20Maharashtra,"""Ramtek"" fort",Exact entity-name match required; otherwise keep placeholder. Never substitute a different fort.,True
MH-F-355,FORT,Rasalgad,FORT,,Wikimedia Commons,"""Rasalgad"" fort Maharashtra",https://commons.wikimedia.org/wiki/Special:MediaSearch?type=image&search=%22Rasalgad%22%20fort%20Maharashtra,"""Rasalgad"" fort",Exact entity-name match required; otherwise keep placeholder. Never substitute a different fort.,True
MH-F-356,FORT,Ratandurg,FORT,,Wikimedia Commons,"""Ratandurg"" fort Maharashtra",https://commons.wikimedia.org/wiki/Special:MediaSearch?type=image&search=%22Ratandurg%22%20fort%20Maharashtra,"""Ratandurg"" fort",Exact entity-name match required; otherwise keep placeholder. Never substitute a different fort.,True
MH-F-357,FORT,Ratnagiri (Ramdurg),FORT,,Wikimedia Commons,"""Ratnagiri (Ramdurg)"" fort Maharashtra",https://commons.wikimedia.org/wiki/Special:MediaSearch?type=image&search=%22Ratnagiri%20%28Ramdurg%29%22%20fort%20Maharashtra,"""Ratnagiri (Ramdurg)"" fort",Exact entity-name match required; otherwise keep placeholder. Never substitute a different fort.,True
MH-F-358,FORT,Raver (Rasalpur),FORT,,Wikimedia Commons,"""Raver (Rasalpur)"" fort Maharashtra",https://commons.wikimedia.org/wiki/Special:MediaSearch?type=image&search=%22Raver%20%28Rasalpur%29%22%20fort%20Maharashtra,"""Raver (Rasalpur)"" fort",Exact entity-name match required; otherwise keep placeholder. Never substitute a different fort.,True
MH-F-359,FORT,Rawlya,FORT,,Wikimedia Commons,"""Rawlya"" fort Maharashtra",https://commons.wikimedia.org/wiki/Special:MediaSearch?type=image&search=%22Rawlya%22%20fort%20Maharashtra,"""Rawlya"" fort",Exact entity-name match required; otherwise keep placeholder. Never substitute a different fort.,True
MH-F-360,FORT,Revdanda,FORT,,Wikimedia Commons,"""Revdanda"" fort Maharashtra",https://commons.wikimedia.org/wiki/Special:MediaSearch?type=image&search=%22Revdanda%22%20fort%20Maharashtra,"""Revdanda"" fort",Exact entity-name match required; otherwise keep placeholder. Never substitute a different fort.,True
MH-F-361,FORT,Rohida (Vichitragad),FORT,Pune,Wikimedia Commons,"""Rohida (Vichitragad)"" fort Maharashtra",https://commons.wikimedia.org/wiki/Special:MediaSearch?type=image&search=%22Rohida%20%28Vichitragad%29%22%20fort%20Maharashtra,"""Rohida (Vichitragad)"" fort",Exact entity-name match required; otherwise keep placeholder. Never substitute a different fort.,True
MH-F-362,FORT,Rohilgad,FORT,,Wikimedia Commons,"""Rohilgad"" fort Maharashtra",https://commons.wikimedia.org/wiki/Special:MediaSearch?type=image&search=%22Rohilgad%22%20fort%20Maharashtra,"""Rohilgad"" fort",Exact entity-name match required; otherwise keep placeholder. Never substitute a different fort.,True
MH-F-363,FORT,Sadashivgad,FORT,,Wikimedia Commons,"""Sadashivgad"" fort Maharashtra",https://commons.wikimedia.org/wiki/Special:MediaSearch?type=image&search=%22Sadashivgad%22%20fort%20Maharashtra,"""Sadashivgad"" fort",Exact entity-name match required; otherwise keep placeholder. Never substitute a different fort.,True
MH-F-364,FORT,Sagargad (Kheldurg/Khaladurg),FORT,,Wikimedia Commons,"""Sagargad (Kheldurg/Khaladurg)"" fort Maharashtra",https://commons.wikimedia.org/wiki/Special:MediaSearch?type=image&search=%22Sagargad%20%28Kheldurg/Khaladurg%29%22%20fort%20Maharashtra,"""Sagargad (Kheldurg/Khaladurg)"" fort",Exact entity-name match required; otherwise keep placeholder. Never substitute a different fort.,True
MH-F-365,FORT,Saitonda (Sutanda),FORT,,Wikimedia Commons,"""Saitonda (Sutanda)"" fort Maharashtra",https://commons.wikimedia.org/wiki/Special:MediaSearch?type=image&search=%22Saitonda%20%28Sutanda%29%22%20fort%20Maharashtra,"""Saitonda (Sutanda)"" fort",Exact entity-name match required; otherwise keep placeholder. Never substitute a different fort.,True
MH-F-366,FORT,Sakri,FORT,,Wikimedia Commons,"""Sakri"" fort Maharashtra",https://commons.wikimedia.org/wiki/Special:MediaSearch?type=image&search=%22Sakri%22%20fort%20Maharashtra,"""Sakri"" fort",Exact entity-name match required; otherwise keep placeholder. Never substitute a different fort.,True
MH-F-367,FORT,Salota,FORT,,Wikimedia Commons,"""Salota"" fort Maharashtra",https://commons.wikimedia.org/wiki/Special:MediaSearch?type=image&search=%22Salota%22%20fort%20Maharashtra,"""Salota"" fort",Exact entity-name match required; otherwise keep placeholder. Never substitute a different fort.,True
MH-F-368,FORT,Samangad,FORT,,Wikimedia Commons,"""Samangad"" fort Maharashtra",https://commons.wikimedia.org/wiki/Special:MediaSearch?type=image&search=%22Samangad%22%20fort%20Maharashtra,"""Samangad"" fort",Exact entity-name match required; otherwise keep placeholder. Never substitute a different fort.,True
MH-F-369,FORT,Samkshi (Badrud-din),FORT,,Wikimedia Commons,"""Samkshi (Badrud-din)"" fort Maharashtra",https://commons.wikimedia.org/wiki/Special:MediaSearch?type=image&search=%22Samkshi%20%28Badrud-din%29%22%20fort%20Maharashtra,"""Samkshi (Badrud-din)"" fort",Exact entity-name match required; otherwise keep placeholder. Never substitute a different fort.,True
MH-F-370,FORT,Sangli,FORT,,Wikimedia Commons,"""Sangli"" fort Maharashtra",https://commons.wikimedia.org/wiki/Special:MediaSearch?type=image&search=%22Sangli%22%20fort%20Maharashtra,"""Sangli"" fort",Exact entity-name match required; otherwise keep placeholder. Never substitute a different fort.,True
MH-F-371,FORT,Sanjan,FORT,,Wikimedia Commons,"""Sanjan"" fort Maharashtra",https://commons.wikimedia.org/wiki/Special:MediaSearch?type=image&search=%22Sanjan%22%20fort%20Maharashtra,"""Sanjan"" fort",Exact entity-name match required; otherwise keep placeholder. Never substitute a different fort.,True
MH-F-372,FORT,Santoshgad,FORT,,Wikimedia Commons,"""Santoshgad"" fort Maharashtra",https://commons.wikimedia.org/wiki/Special:MediaSearch?type=image&search=%22Santoshgad%22%20fort%20Maharashtra,"""Santoshgad"" fort",Exact entity-name match required; otherwise keep placeholder. Never substitute a different fort.,True
MH-F-373,FORT,Sarasgad (Aminabad/Pali),FORT,Raigad,Wikimedia Commons,"""Sarasgad (Aminabad/Pali)"" fort Maharashtra",https://commons.wikimedia.org/wiki/Special:MediaSearch?type=image&search=%22Sarasgad%20%28Aminabad/Pali%29%22%20fort%20Maharashtra,"""Sarasgad (Aminabad/Pali)"" fort",Exact entity-name match required; otherwise keep placeholder. Never substitute a different fort.,True
MH-F-374,FORT,Sarjekot,FORT,,Wikimedia Commons,"""Sarjekot"" fort Maharashtra",https://commons.wikimedia.org/wiki/Special:MediaSearch?type=image&search=%22Sarjekot%22%20fort%20Maharashtra,"""Sarjekot"" fort",Exact entity-name match required; otherwise keep placeholder. Never substitute a different fort.,True
MH-F-375,FORT,Satara (Ajinkyatara),FORT,Satara,Wikimedia Commons,"""Satara (Ajinkyatara)"" fort Maharashtra",https://commons.wikimedia.org/wiki/Special:MediaSearch?type=image&search=%22Satara%20%28Ajinkyatara%29%22%20fort%20Maharashtra,"""Satara (Ajinkyatara)"" fort",Exact entity-name match required; otherwise keep placeholder. Never substitute a different fort.,True
MH-F-376,FORT,Sathavli,FORT,,Wikimedia Commons,"""Sathavli"" fort Maharashtra",https://commons.wikimedia.org/wiki/Special:MediaSearch?type=image&search=%22Sathavli%22%20fort%20Maharashtra,"""Sathavli"" fort",Exact entity-name match required; otherwise keep placeholder. Never substitute a different fort.,True
MH-F-377,FORT,Savda,FORT,,Wikimedia Commons,"""Savda"" fort Maharashtra",https://commons.wikimedia.org/wiki/Special:MediaSearch?type=image&search=%22Savda%22%20fort%20Maharashtra,"""Savda"" fort",Exact entity-name match required; otherwise keep placeholder. Never substitute a different fort.,True
MH-F-378,FORT,Sawantwadi,FORT,,Wikimedia Commons,"""Sawantwadi"" fort Maharashtra",https://commons.wikimedia.org/wiki/Special:MediaSearch?type=image&search=%22Sawantwadi%22%20fort%20Maharashtra,"""Sawantwadi"" fort",Exact entity-name match required; otherwise keep placeholder. Never substitute a different fort.,True
MH-F-379,FORT,Sawargaum,FORT,,Wikimedia Commons,"""Sawargaum"" fort Maharashtra",https://commons.wikimedia.org/wiki/Special:MediaSearch?type=image&search=%22Sawargaum%22%20fort%20Maharashtra,"""Sawargaum"" fort",Exact entity-name match required; otherwise keep placeholder. Never substitute a different fort.,True
MH-F-380,FORT,Sewri,FORT,,Wikimedia Commons,"""Sewri"" fort Maharashtra",https://commons.wikimedia.org/wiki/Special:MediaSearch?type=image&search=%22Sewri%22%20fort%20Maharashtra,"""Sewri"" fort",Exact entity-name match required; otherwise keep placeholder. Never substitute a different fort.,True
MH-F-381,FORT,Shahada,FORT,,Wikimedia Commons,"""Shahada"" fort Maharashtra",https://commons.wikimedia.org/wiki/Special:MediaSearch?type=image&search=%22Shahada%22%20fort%20Maharashtra,"""Shahada"" fort",Exact entity-name match required; otherwise keep placeholder. Never substitute a different fort.,True
MH-F-382,FORT,Shahagad (Bhimgad),FORT,,Wikimedia Commons,"""Shahagad (Bhimgad)"" fort Maharashtra",https://commons.wikimedia.org/wiki/Special:MediaSearch?type=image&search=%22Shahagad%20%28Bhimgad%29%22%20fort%20Maharashtra,"""Shahagad (Bhimgad)"" fort",Exact entity-name match required; otherwise keep placeholder. Never substitute a different fort.,True
MH-F-383,FORT,Shegwa,FORT,,Wikimedia Commons,"""Shegwa"" fort Maharashtra",https://commons.wikimedia.org/wiki/Special:MediaSearch?type=image&search=%22Shegwa%22%20fort%20Maharashtra,"""Shegwa"" fort",Exact entity-name match required; otherwise keep placeholder. Never substitute a different fort.,True
MH-F-384,FORT,Shirgaum,FORT,,Wikimedia Commons,"""Shirgaum"" fort Maharashtra",https://commons.wikimedia.org/wiki/Special:MediaSearch?type=image&search=%22Shirgaum%22%20fort%20Maharashtra,"""Shirgaum"" fort",Exact entity-name match required; otherwise keep placeholder. Never substitute a different fort.,True
MH-F-385,FORT,Shirpur,FORT,,Wikimedia Commons,"""Shirpur"" fort Maharashtra",https://commons.wikimedia.org/wiki/Special:MediaSearch?type=image&search=%22Shirpur%22%20fort%20Maharashtra,"""Shirpur"" fort",Exact entity-name match required; otherwise keep placeholder. Never substitute a different fort.,True
MH-F-386,FORT,Shirval (Subhamangalgad),FORT,,Wikimedia Commons,"""Shirval (Subhamangalgad)"" fort Maharashtra",https://commons.wikimedia.org/wiki/Special:MediaSearch?type=image&search=%22Shirval%20%28Subhamangalgad%29%22%20fort%20Maharashtra,"""Shirval (Subhamangalgad)"" fort",Exact entity-name match required; otherwise keep placeholder. Never substitute a different fort.,True
MH-F-387,FORT,Shivgad,FORT,,Wikimedia Commons,"""Shivgad"" fort Maharashtra",https://commons.wikimedia.org/wiki/Special:MediaSearch?type=image&search=%22Shivgad%22%20fort%20Maharashtra,"""Shivgad"" fort",Exact entity-name match required; otherwise keep placeholder. Never substitute a different fort.,True
MH-F-388,FORT,Shrivardhan (Rajamachi),FORT,Pune,Wikimedia Commons,"""Shrivardhan (Rajamachi)"" fort Maharashtra",https://commons.wikimedia.org/wiki/Special:MediaSearch?type=image&search=%22Shrivardhan%20%28Rajamachi%29%22%20fort%20Maharashtra,"""Shrivardhan (Rajamachi)"" fort",Exact entity-name match required; otherwise keep placeholder. Never substitute a different fort.,True
MH-F-389,FORT,Shrimangalgad (Haji Malang),FORT,,Wikimedia Commons,"""Shrimangalgad (Haji Malang)"" fort Maharashtra",https://commons.wikimedia.org/wiki/Special:MediaSearch?type=image&search=%22Shrimangalgad%20%28Haji%20Malang%29%22%20fort%20Maharashtra,"""Shrimangalgad (Haji Malang)"" fort",Exact entity-name match required; otherwise keep placeholder. Never substitute a different fort.,True
MH-F-390,FORT,Sidhagad (Bakshidabaksh),FORT,,Wikimedia Commons,"""Sidhagad (Bakshidabaksh)"" fort Maharashtra",https://commons.wikimedia.org/wiki/Special:MediaSearch?type=image&search=%22Sidhagad%20%28Bakshidabaksh%29%22%20fort%20Maharashtra,"""Sidhagad (Bakshidabaksh)"" fort",Exact entity-name match required; otherwise keep placeholder. Never substitute a different fort.,True
