"fort_id","fort_name","district","locality","base_village","latitude","longitude","location_source","location_confidence","elevation_m","route_id","route_name","route_start","route_start_latitude","route_start_longitude","route_end","route_distance_km","route_duration","route_difficulty","route_type","trek_start","trek_route","trek_distance_km","trek_duration","difficulty","best_season","protection_status","route_source","route_verification_status","gps_status","trek_status","primary_source","verification_status","location_verified_date","last_verified","dataset_scope","record_status","base_village_source","trek_start_latitude","trek_start_longitude","route_confidence"
"MH-F-001","Ahmednagar Fort","Ahilyanagar","Ahmednagar","Ahmednagar city","19.095","74.755","Wikidata coordinate; cross-check with map required","SOURCE-BASED; FINAL MAP CROSS-CHECK PENDING","","","","","","","","","","","","","Heart of Ahmednagar city; parts restricted under Indian Army administration","","","","October–February","","","","VERIFIED_SOURCE_COORDINATE","PARTIAL_SOURCE_INFO","Department of Tourism Maharashtra — Ahmednagar","OFFICIAL TOURISM SOURCE VERIFIED; EXACT GPS/TRAIL TRACK PENDING","2026-09-08","2026-09-08","Phase-1 verified fort registry (50 records)","GPS_PRESENT; ROUTE_PARTIAL","","","",""
"MH-F-002","Akluj Fort","Solapur","Akluj","Akluj","17.897778","75.018056","Wikidata coordinate","SOURCE-BASED; FINAL MAP CROSS-CHECK PENDING","","","","","","","","","","","","","Akluj / Nira River bank; road-accessible; local access from Akluj","","","","October–February","","","","VERIFIED_SOURCE_COORDINATE","PARTIAL_SOURCE_INFO","Department of Tourism Maharashtra — Akluj","OFFICIAL TOURISM SOURCE VERIFIED; EXACT GPS/TRAIL TRACK PENDING","2026-09-08","2026-09-08","Phase-1 verified fort registry (50 records)","GPS_PRESENT; ROUTE_PARTIAL","","","",""
"MH-F-003","Ambagar Fort","Bhandara","Ambagar","","21.458839","79.6482","Wikimedia Commons geolocation; Ambagad/Ambagar naming variant","SOURCE-BASED; FORT POINT","","","","","","","","","","","","","","","","","","","","","VERIFIED_SOURCE_COORDINATE","PENDING","Maharashtra Tourism / Maharashtra Directorate of Archaeology & Museums","FORT GPS VERIFIED; TREK START/GPX PENDING","2026-09-08","2026-09-08","Phase-1 verified fort registry (50 records)","GPS_PRESENT; ROUTE_PARTIAL","","","",""
"MH-F-004","Daulatabad / Devgiri Fort","Chhatrapati Sambhajinagar","Daulatabad","Daulatabad","19.944543","75.217187","Wikidata coordinate; ASI reference","SOURCE-BASED; FINAL MAP CROSS-CHECK PENDING","","","","","","","","","","","","","Daulatabad; narrow winding rock-cut ascent inside the fort","","","","October–March","","","","VERIFIED_SOURCE_COORDINATE","PARTIAL_SOURCE_INFO","Department of Tourism Maharashtra — Devgiri / Daulatabad","OFFICIAL TOURISM SOURCE VERIFIED; EXACT GPS/TRAIL TRACK PENDING","2026-09-08","2026-09-08","Phase-1 verified fort registry (50 records)","GPS_PRESENT; ROUTE_PARTIAL","","","",""
"MH-F-005","Gawilgad Fort","Amravati","Chikhaldara","Chikhaldara","21.3748","77.3397","Wikidata / Wikimedia Commons; National Monument record","SOURCE-BASED; FORT POINT","","MH-F-005-R1","Chikhaldara Approach","Chikhaldara","","","Gawilgad Fort","","","Moderate","Hike/Trek","Chikhaldara","Chikhaldara Approach","","","Moderate","October–March","","Maharashtra Tourism — Gawilgad","SOURCE VERIFIED; TRAIL GPS PENDING","VERIFIED_SOURCE_COORDINATE","SOURCE_VERIFIED","Department of Tourism Maharashtra — Gawilgad","FORT GPS VERIFIED; TREK START/GPX PENDING","2026-09-08","2026-09-08","Phase-1 verified fort registry (50 records)","GPS_PRESENT; ROUTE_PARTIAL","","","",""
"MH-F-006","Harishchandragad Fort","Ahilyanagar","Malshej region","Khireshwar / Pachnai","19.388239","73.775939","Wikidata; coordinate record","SOURCE-BASED; MAP CROSS-CHECK COMPLETE FOR FORT POINT","1422","MH-F-006-R1","Khireshwar Route","Khireshwar","","","Harishchandragad","~7","~6–7 hours","Moderate–difficult","Trek","Khireshwar","Khireshwar Route","~7","~6–7 hours","Moderate–difficult","October–February; monsoon requires extra caution","","Maharashtra Tourism — Harishchandragad","SOURCE VERIFIED; TRAIL GPS PENDING","VERIFIED_SOURCE_COORDINATE","SOURCE_VERIFIED","Maharashtra Tourism — Harishchandragad","FORT GPS VERIFIED; TREK START/GPX PENDING","2026-09-08","2026-09-08","Phase-1 verified fort registry (50 records)","GPS_PRESENT; ROUTE_PARTIAL","","","",""
"MH-F-007","Jaigad Fort","Ratnagiri","Jaigad","Jaigad","17.302115","73.220903","Wikidata; ASI reference","SOURCE-BASED; MAP CROSS-CHECK COMPLETE FOR FORT POINT","","MH-F-007-R1","Jaigad Village Route","Jaigad village","","","Jaigad Fort","","1.5–2 hours","Beginner–moderate","Trek","Jaigad village","Jaigad Village Route","","1.5–2 hours","Beginner–moderate","October–February; monsoon paths slippery","","Maharashtra Tourism — Jaigad","SOURCE VERIFIED; TRAIL GPS PENDING","VERIFIED_SOURCE_COORDINATE","SOURCE_VERIFIED","Department of Tourism Maharashtra — Jaigad","FORT GPS VERIFIED; TREK START/GPX PENDING","2026-09-08","2026-09-08","Phase-1 verified fort registry (50 records)","GPS_PRESENT; ROUTE_PARTIAL","","","",""
"MH-F-008","Kandhar Fort","Nanded","Kandhar","Kandhar village","18.9005","77.2014","Wikidata coordinate","SOURCE-BASED; FINAL MAP CROSS-CHECK PENDING","","","","","","","","","","","","","Kandhar village → well-defined moderate trail → fort","","","","October–February","","","","VERIFIED_SOURCE_COORDINATE","PARTIAL_SOURCE_INFO","Department of Tourism Maharashtra — Kandhar","OFFICIAL TOURISM SOURCE VERIFIED; EXACT GPS/TRAIL TRACK PENDING","2026-09-08","2026-09-08","Phase-1 verified fort registry (50 records)","GPS_PRESENT; ROUTE_PARTIAL","","","",""
"MH-F-009","Laling Fort","Dhule","Laling","Laling village","20.81151","74.73921","OpenStreetMap/Mapcarta coordinate","SOURCE-BASED; FINAL MAP CROSS-CHECK PENDING","","","","","","","","","","","","","Laling area → hill fort approach; trekking is highlighted by Tourism source","","","","October–February","","","","VERIFIED_SOURCE_COORDINATE","PARTIAL_SOURCE_INFO","Department of Tourism Maharashtra — Laling","OFFICIAL TOURISM SOURCE VERIFIED; EXACT GPS/TRAIL TRACK PENDING","2026-09-08","2026-09-08","Phase-1 verified fort registry (50 records)","GPS_PRESENT; ROUTE_PARTIAL","","","",""
"MH-F-010","Lohagad Fort","Pune","Lonavala / Malavli","Malavli / Lohagadwadi","18.710195","73.475862","Wikimedia Commons camera location / OSM; fort vicinity","SOURCE-BASED; MAP CROSS-CHECK COMPLETE FOR FORT POINT","1033","MH-F-010-R1","Malavli Route","Malavli Railway Station","","","Lohagad Fort","~5","2–3 hours","Easy","Trek","Malavli Railway Station","Malavli Route","~5","2–3 hours","Easy","October–March; monsoon with caution","","Maharashtra Tourism — Lohagad","SOURCE VERIFIED; TRAIL GPS PENDING","VERIFIED_SOURCE_COORDINATE","SOURCE_VERIFIED","Maharashtra Tourism — Lohagad","FORT GPS VERIFIED; TREK START/GPX PENDING","2026-09-08","2026-09-08","Phase-1 verified fort registry (50 records)","GPS_PRESENT; ROUTE_PARTIAL","","","",""
"MH-F-011","Murud-Janjira Fort","Raigad","Murud","Murud / Rajapuri","18.299722","72.964167","Wikidata; ASI reference","SOURCE-BASED; MAP CROSS-CHECK COMPLETE FOR FORT POINT","","MH-F-011-R1","Rajapuri Boat Access","Rajapuri Jetty","","","Murud-Janjira Fort","","15–20 min boat ride","Boat access","Boat + walk","Rajapuri Jetty","Rajapuri Boat Access","","15–20 min boat ride","Boat access","Weather dependent","","Maharashtra Tourism — Murud-Janjira","SOURCE VERIFIED; TRAIL GPS PENDING","VERIFIED_SOURCE_COORDINATE","SOURCE_VERIFIED","Maharashtra Tourism — Murud-Janjira","FORT GPS VERIFIED; TREK START/GPX PENDING","2026-09-08","2026-09-08","Phase-1 verified fort registry (50 records)","GPS_PRESENT; ROUTE_PARTIAL","","","",""
"MH-F-012","Nagardhan Fort","Nagpur","Ramtek","Nagardhan / Ramtek region","21.337008","79.315762","Wikidata coordinate; state protected monument reference","SOURCE-BASED; FINAL MAP CROSS-CHECK PENDING","","","","","","","","","","","","","Local road access → fort precinct; exact trek metrics pending","","","","October–February","","","","VERIFIED_SOURCE_COORDINATE","PARTIAL_SOURCE_INFO","Department of Tourism Maharashtra — Nagardhan","OFFICIAL TOURISM SOURCE VERIFIED; EXACT GPS/TRAIL TRACK PENDING","2026-09-08","2026-09-08","Phase-1 verified fort registry (50 records)","GPS_PRESENT; ROUTE_PARTIAL","","","",""
"MH-F-013","Naldurg Fort","Dharashiv","Naldurg","Naldurg","17.81791","76.28917","OpenStreetMap/Mapcarta coordinate","SOURCE-BASED; FINAL MAP CROSS-CHECK PENDING","","","","","","","","","","","","","Road-accessible land fort; internal ramparts and pathways","","","","October–March","","","","VERIFIED_SOURCE_COORDINATE","PARTIAL_SOURCE_INFO","Department of Tourism Maharashtra — Naldurg","OFFICIAL TOURISM SOURCE VERIFIED; EXACT GPS/TRAIL TRACK PENDING","2026-09-08","2026-09-08","Phase-1 verified fort registry (50 records)","GPS_PRESENT; ROUTE_PARTIAL","","","",""
"MH-F-014","Narnala Fort","Akola","Narnala","Narnala / Akot region","21.240094","77.027336","Wikidata coordinate; district government source gives ~21.25,77.0667","SOURCE-BASED; FINAL MAP CROSS-CHECK PENDING","","","","","","","","","","","","","Hill/fort access in Satpura range; exact trail metrics not stated on source page","","","","October–February","","","","VERIFIED_SOURCE_COORDINATE","PARTIAL_SOURCE_INFO","Department of Tourism Maharashtra — Narnala","OFFICIAL TOURISM SOURCE VERIFIED; EXACT GPS/TRAIL TRACK PENDING","2026-09-08","2026-09-08","Phase-1 verified fort registry (50 records)","GPS_PRESENT; ROUTE_PARTIAL","","","",""
"MH-F-015","Panhala Fort","Kolhapur","Panhala","Panhala","16.808889","74.109167","Wikidata; ASI reference","SOURCE-BASED; MAP CROSS-CHECK COMPLETE FOR FORT POINT","","","","","","","","","","","","Panhala","Local trekking trails around Panhala Fort","","","Trail metrics pending","October–February; monsoon with caution","","","","VERIFIED_SOURCE_COORDINATE","PARTIAL_SOURCE_INFO","Maharashtra Tourism — Panhala","FORT GPS VERIFIED; TREK START/GPX PENDING","2026-09-08","2026-09-08","Phase-1 verified fort registry (50 records)","GPS_PRESENT; ROUTE_PARTIAL","","","",""
"MH-F-016","Pauni Fort","Bhandara","Pauni","Pauni","20.78755","79.63365","Monuments of National Importance coordinate","SOURCE-BASED; FORT POINT","","","","","","","","","","","","","Pauni town/local access; trek metrics pending","","","","October–February","","","","VERIFIED_SOURCE_COORDINATE","PARTIAL_SOURCE_INFO","Department of Tourism Maharashtra — Pauni","FORT GPS VERIFIED; TREK START/GPX PENDING","2026-09-08","2026-09-08","Phase-1 verified fort registry (50 records)","GPS_PRESENT; ROUTE_PARTIAL","","","",""
"MH-F-017","Pratapgad Fort","Satara","Pratapgad","Mahabaleshwar region","17.936225","73.577608","Wikidata","SOURCE-BASED; MAP CROSS-CHECK COMPLETE FOR FORT POINT","1080","","","","","","","","","","","Road approach near Pratapgad","Approach road → fort; local trekking paths around the fort","","","Trek information source-confirmed; exact trail metrics pending","October–February; monsoon slippery","","","","VERIFIED_SOURCE_COORDINATE","PARTIAL_SOURCE_INFO","Maharashtra Tourism — Pratapgad","FORT GPS VERIFIED; TREK START/GPX PENDING","2026-09-08","2026-09-08","Phase-1 verified fort registry (50 records)","GPS_PRESENT; ROUTE_PARTIAL","","","",""
"MH-F-018","Purandar Fort","Pune","Purandar","Narayanpur","18.27739","73.97445","OpenStreetMap/Mapcarta","SOURCE-BASED; MAP CROSS-CHECK COMPLETE FOR FORT POINT","1374","MH-F-018-R1","Narayanpur Route","Narayanpur","","","Purandar Fort","","","Moderate","Trek","Narayanpur","Narayanpur Route","","","Moderate","October–February","","Maharashtra Tourism — Purandar","SOURCE VERIFIED; TRAIL GPS PENDING","VERIFIED_SOURCE_COORDINATE","SOURCE_VERIFIED","Maharashtra Tourism — Purandar","FORT GPS VERIFIED; TREK START/GPX PENDING","2026-09-08","2026-09-08","Phase-1 verified fort registry (50 records)","GPS_PRESENT; ROUTE_PARTIAL","","","",""
"MH-F-019","Rajgad Fort","Pune","Gunjavane / Velhe","Gunjavane / Pali / Bhor","18.245986","73.682193","Wikidata","SOURCE-BASED; MAP CROSS-CHECK COMPLETE FOR FORT POINT","1376","MH-F-019-R1","Gunjavane Route","Gunjavane","","","Padmavati Machi","","","Moderate–challenging","Trek","Gunjavane","Gunjavane Route","","","Moderate–challenging","October–February; monsoon with caution","","Maharashtra Tourism — Rajgad","SOURCE VERIFIED; TRAIL GPS PENDING","VERIFIED_SOURCE_COORDINATE","SOURCE_VERIFIED","Maharashtra Tourism — Rajgad","FORT GPS VERIFIED; TREK START/GPX PENDING","2026-09-08","2026-09-08","Phase-1 verified fort registry (50 records)","GPS_PRESENT; ROUTE_PARTIAL","","","",""
"MH-F-020","Sajjangad Fort","Satara","Sajjangad","","17.64958","73.9112","OpenStreetMap/Mapcarta","SOURCE-BASED; FORT POINT","","","","","","","","","","","","","","","","","","","","","VERIFIED_SOURCE_COORDINATE","PENDING","Maharashtra Tourism / Maharashtra Directorate of Archaeology & Museums","FORT GPS VERIFIED; TREK START/GPX PENDING","2026-09-08","2026-09-08","Phase-1 verified fort registry (50 records)","GPS_PRESENT; ROUTE_PARTIAL","","","",""
"MH-F-021","Shivneri Fort","Pune","Junnar","Junnar","19.196643","73.858001","Wikidata; ASI reference","SOURCE-BASED; MAP CROSS-CHECK COMPLETE FOR FORT POINT","","MH-F-021-R1","Junnar Approach","Junnar","","","Shivneri Fort","","","Moderate","Hike/Approach","Junnar","Junnar Approach","","","Moderate","October–February; monsoon with caution","","Maharashtra Tourism — Shivneri","SOURCE VERIFIED; TRAIL GPS PENDING","VERIFIED_SOURCE_COORDINATE","SOURCE_VERIFIED","Maharashtra Tourism — Shivneri","FORT GPS VERIFIED; TREK START/GPX PENDING","2026-09-08","2026-09-08","Phase-1 verified fort registry (50 records)","GPS_PRESENT; ROUTE_PARTIAL","","","",""
"MH-F-022","Sindhudurg Fort","Sindhudurg","Malvan","Malvan","16.041996","73.459859","Wikidata; ASI reference","SOURCE-BASED; MAP CROSS-CHECK COMPLETE FOR FORT POINT","","MH-F-022-R1","Malvan Boat Access","Malvan Jetty","","","Sindhudurg Fort","","10–15 min boat ride","Boat access","Boat + walk","Malvan Jetty","Malvan Boat Access","","10–15 min boat ride","Boat access","Weather dependent; monsoon sea conditions can be challenging","","Maharashtra Tourism — Sindhudurg","SOURCE VERIFIED; TRAIL GPS PENDING","VERIFIED_SOURCE_COORDINATE","SOURCE_VERIFIED","Maharashtra Tourism — Sindhudurg","FORT GPS VERIFIED; TREK START/GPX PENDING","2026-09-08","2026-09-08","Phase-1 verified fort registry (50 records)","GPS_PRESENT; ROUTE_PARTIAL","","","",""
"MH-F-023","Sinhagad Fort","Pune","Sinhagad","","18.365664","73.755269","OpenStreetMap/Mapcarta; published fort coordinate","SOURCE-BASED; FORT POINT","","","","","","","","","","","","","","","","","","","","","VERIFIED_SOURCE_COORDINATE","PENDING","Department of Tourism Maharashtra","FORT GPS VERIFIED; TREK START/GPX PENDING","2026-09-08","2026-09-08","Phase-1 verified fort registry (50 records)","GPS_PRESENT; ROUTE_PARTIAL","","","",""
"MH-F-024","Torna Fort","Pune","Velhe","Velhe","18.276072","73.622717","Published coordinate record; ASI-linked Wikidata","SOURCE-BASED; MAP CROSS-CHECK COMPLETE FOR FORT POINT","1403","MH-F-024-R1","Velhe Route","Velhe village","","","Torna Fort","","3–4 hours","Challenging","Trek","Velhe village","Velhe Route","","3–4 hours","Challenging","October–February; monsoon with caution","","Maharashtra Tourism — Torna","SOURCE VERIFIED; TRAIL GPS PENDING","VERIFIED_SOURCE_COORDINATE","SOURCE_VERIFIED","Maharashtra Tourism — Torna","FORT GPS VERIFIED; TREK START/GPX PENDING","2026-09-08","2026-09-08","Phase-1 verified fort registry (50 records)","GPS_PRESENT; ROUTE_PARTIAL","","","",""
"MH-F-025","Vasai Fort","Palghar","Vasai","","19.330497","72.814605","UNESCO tentative-list coordinate / ASI-referenced Wikidata","SOURCE-BASED; FORT POINT","","","","","","","","","","","","","","","","","","","","","VERIFIED_SOURCE_COORDINATE","PENDING","Maharashtra Tourism / Maharashtra Directorate of Archaeology & Museums","FORT GPS VERIFIED; TREK START/GPX PENDING","2026-09-08","2026-09-08","Phase-1 verified fort registry (50 records)","GPS_PRESENT; ROUTE_PARTIAL","","","",""
"MH-F-026","Vijaydurg Fort","Sindhudurg","Vijaydurg","Vijaydurg / Devgad region","16.560831","73.333331","Wikidata; ASI reference","SOURCE-BASED; MAP CROSS-CHECK COMPLETE FOR FORT POINT","","","","","","","","","","","","Vijaydurg fort approach","Road/boat approach → Fort entrance → ramparts and internal trails","","","Easy walking/exploration; coastal conditions apply","October–March","","","","VERIFIED_SOURCE_COORDINATE","PARTIAL_SOURCE_INFO","Department of Tourism Maharashtra — Vijaydurg","FORT GPS VERIFIED; TREK START/GPX PENDING","2026-09-08","2026-09-08","Phase-1 verified fort registry (50 records)","GPS_PRESENT; ROUTE_PARTIAL","","","",""
"MH-F-027","Vishalgad Fort","Kolhapur","Gajapur","Malkapur / Vishalgad base","16.90492","73.74264","OpenStreetMap/Mapcarta","SOURCE-BASED; MAP CROSS-CHECK COMPLETE FOR FORT POINT","~1067","","","","","","","","","","","Malkapur base approach","Malkapur approach → trek through forest/plateau terrain → Vishalgad","","","Moderate to challenging","October–February; monsoon slippery","","","","VERIFIED_SOURCE_COORDINATE","PARTIAL_SOURCE_INFO","Department of Tourism Maharashtra — Vishalgad","FORT GPS VERIFIED; TREK START/GPX PENDING","2026-09-08","2026-09-08","Phase-1 verified fort registry (50 records)","GPS_PRESENT; ROUTE_PARTIAL","","","",""
"MH-F-028","Shirgaon Fort","Palghar","Shirgaon","","19.6962","72.71353","OpenStreetMap/Mapcarta","SOURCE-BASED; FORT POINT","","","","","","","","","","","","","","","","","","","","","VERIFIED_SOURCE_COORDINATE","PENDING","Maharashtra Directorate of Archaeology & Museums - Gad Sanvardhan scheme","FORT GPS VERIFIED; TREK START/GPX PENDING","2026-09-08","2026-09-08","Phase-1 verified fort registry (50 records)","GPS_PRESENT; ROUTE_PARTIAL","","","",""
"MH-F-029","Bhudargad Fort","Kolhapur","Bhudargad","","16.24963","74.14263","OpenStreetMap/Mapcarta","SOURCE-BASED; FORT POINT","","","","","","","","","","","","","","","","","","","","","VERIFIED_SOURCE_COORDINATE","PENDING","Maharashtra Directorate of Archaeology & Museums - Gad Sanvardhan scheme","FORT GPS VERIFIED; TREK START/GPX PENDING","2026-09-08","2026-09-08","Phase-1 verified fort registry (50 records)","GPS_PRESENT; ROUTE_PARTIAL","","","",""
"MH-F-030","Kharda Fort","Ahilyanagar","Kharda","Kharda, Jamkhed","18.63314","75.474733","State Protected Monuments coordinate","SOURCE-BASED; FORT POINT","","","","","","","","","","","","","Local fort access; exact trek metrics pending","","","","Not specified","","","","VERIFIED_SOURCE_COORDINATE","PARTIAL_SOURCE_INFO","Department of Tourism Maharashtra — Ahilyanagar district","FORT GPS VERIFIED; TREK START/GPX PENDING","2026-09-08","2026-09-08","Phase-1 verified fort registry (50 records)","GPS_PRESENT; ROUTE_PARTIAL","","","",""
"MH-F-031","Galana Fort","Nashik","Galana","","20.773339","74.533331","Published floristic study of Galana Fort area","SOURCE-BASED; FORT POINT","","","","","","","","","","","","","","","","","","","","","VERIFIED_SOURCE_COORDINATE","PENDING","Maharashtra Directorate of Archaeology & Museums - Gad Sanvardhan scheme","FORT GPS VERIFIED; TREK START/GPX PENDING","2026-09-08","2026-09-08","Phase-1 verified fort registry (50 records)","GPS_PRESENT; ROUTE_PARTIAL","","","",""
"MH-F-032","Ambagad Fort","Bhandara","Ambagad","Ambagad / Chicholi area","21.458839","79.6482","Wikimedia Commons geolocation","SOURCE-BASED; FORT POINT","","","","","","","","","","","","","Base of hill → narrow forest trails → fort","","","","July–February; monsoon/post-monsoon favorable","","","","VERIFIED_SOURCE_COORDINATE","PARTIAL_SOURCE_INFO","Department of Tourism Maharashtra — Ambagar","FORT GPS VERIFIED; TREK START/GPX PENDING","2026-09-08","2026-09-08","Phase-1 verified fort registry (50 records)","GPS_PRESENT; ROUTE_PARTIAL","","","",""
"MH-F-033","Manikgad Fort","Chandrapur","Manikgad","Manikgad area","19.67438","79.12525","OpenStreetMap/Mapcarta","SOURCE-BASED; FORT POINT","","","","","","","","","","","","","Hill approach / hiking trail; exact trail metrics pending","","","","Not specified","","","","VERIFIED_SOURCE_COORDINATE","PARTIAL_SOURCE_INFO","Department of Tourism Maharashtra — Chandrapur district","FORT GPS VERIFIED; TREK START/GPX PENDING","2026-09-08","2026-09-08","Phase-1 verified fort registry (50 records)","GPS_PRESENT; ROUTE_PARTIAL","","","",""
"MH-F-034","Antur Fort","Chhatrapati Sambhajinagar","Nagapur","","20.428147","75.235286","State Protected Monuments coordinate","SOURCE-BASED; FORT POINT","","","","","","","","","","","","","","","","","","","","","VERIFIED_SOURCE_COORDINATE","PENDING","Maharashtra Directorate of Archaeology & Museums - Gad Sanvardhan scheme","FORT GPS VERIFIED; TREK START/GPX PENDING","2026-09-08","2026-09-08","Phase-1 verified fort registry (50 records)","GPS_PRESENT; ROUTE_PARTIAL","","","",""
"MH-F-035","Paranda Fort","Dharashiv","Paranda","Paranda","18.270122","75.453194","Wikidata coordinate; state protected monument reference","SOURCE-BASED; FINAL MAP CROSS-CHECK PENDING","","","","","","","","","","","","","Local road/access to fort; exact trek metrics pending","","","","October–February","","","","VERIFIED_SOURCE_COORDINATE","PARTIAL_SOURCE_INFO","Department of Tourism Maharashtra — Paranda","OFFICIAL TOURISM SOURCE VERIFIED; EXACT GPS/TRAIL TRACK PENDING","2026-09-08","2026-09-08","Phase-1 verified fort registry (50 records)","GPS_PRESENT; ROUTE_PARTIAL","","","",""
"MH-F-036","Dharur Fort","Beed","Dharur","Dharur, Beed","18.818631","76.10205","State Protected Monuments coordinate","SOURCE-BASED; FORT POINT","","","","","","","","","","","","","Local approach and heritage exploration; trekking metrics pending","","","","October–February","","","","VERIFIED_SOURCE_COORDINATE","PARTIAL_SOURCE_INFO","Department of Tourism Maharashtra — Beed district","FORT GPS VERIFIED; TREK START/GPX PENDING","2026-09-08","2026-09-08","Phase-1 verified fort registry (50 records)","GPS_PRESENT; ROUTE_PARTIAL","","","",""
"MH-F-037","Ausa Fort","Latur","Ausa","","18.2411","76.49965","Wikidata/Mapcarta; State Protected Monument","SOURCE-BASED; FORT POINT","","","","","","","","","","","","","","","","","","","","","VERIFIED_SOURCE_COORDINATE","PENDING","Maharashtra Directorate of Archaeology & Museums - Gad Sanvardhan scheme","FORT GPS VERIFIED; TREK START/GPX PENDING","2026-09-08","2026-09-08","Phase-1 verified fort registry (50 records)","GPS_PRESENT; ROUTE_PARTIAL","","","",""
"MH-F-038","Mahur Fort","Nanded","Mahur","","19.835972","77.925694","Wikidata; State Protected Monument","SOURCE-BASED; FORT POINT","","","","","","","","","","","","","","","","","","","","","VERIFIED_SOURCE_COORDINATE","PENDING","Maharashtra Directorate of Archaeology & Museums - Gad Sanvardhan scheme","FORT GPS VERIFIED; TREK START/GPX PENDING","2026-09-08","2026-09-08","Phase-1 verified fort registry (50 records)","GPS_PRESENT; ROUTE_PARTIAL","","","",""
"MH-F-039","Purngad Fort","Ratnagiri","Purngad","","16.80806","73.31495","OpenStreetMap/Mapcarta","SOURCE-BASED; FORT POINT","","","","","","","","","","","","","","","","","","","","","VERIFIED_SOURCE_COORDINATE","PENDING","Maharashtra Directorate of Archaeology & Museums - Gad Sanvardhan scheme","FORT GPS VERIFIED; TREK START/GPX PENDING","2026-09-08","2026-09-08","Phase-1 verified fort registry (50 records)","GPS_PRESENT; ROUTE_PARTIAL","","","",""
"MH-F-040","Bankot Fort","Ratnagiri","Bankot","","17.97331","73.04253","OpenStreetMap/Mapcarta; UNESCO provisional-list coordinate corroborates","SOURCE-BASED; FORT POINT","","","","","","","","","","","","","","","","","","","","","VERIFIED_SOURCE_COORDINATE","PENDING","Maharashtra Directorate of Archaeology & Museums - Gad Sanvardhan scheme","FORT GPS VERIFIED; TREK START/GPX PENDING","2026-09-08","2026-09-08","Phase-1 verified fort registry (50 records)","GPS_PRESENT; ROUTE_PARTIAL","","","",""
"MH-F-041","Underi Fort","Raigad","Underi","","18.70672","72.8419","OpenStreetMap/Mapcarta","SOURCE-BASED; FORT POINT","","","","","","","","","","","","","","","","","","","","","VERIFIED_SOURCE_COORDINATE","PENDING","Maharashtra Directorate of Archaeology & Museums - Gad Sanvardhan scheme","FORT GPS VERIFIED; TREK START/GPX PENDING","2026-09-08","2026-09-08","Phase-1 verified fort registry (50 records)","GPS_PRESENT; ROUTE_PARTIAL","","","",""
"MH-F-042","Yashwantgad Fort","Sindhudurg","Redi","","16.6309","73.35684","OpenStreetMap/Mapcarta","SOURCE-BASED; FORT POINT","","","","","","","","","","","","","","","","","","","","","VERIFIED_SOURCE_COORDINATE","PENDING","Maharashtra Directorate of Archaeology & Museums - Gad Sanvardhan scheme","FORT GPS VERIFIED; TREK START/GPX PENDING","2026-09-08","2026-09-08","Phase-1 verified fort registry (50 records)","GPS_PRESENT; ROUTE_PARTIAL","","","",""
"MH-F-043","Bharatgad Fort","Sindhudurg","Masure","","16.17147","73.49914","State Protected Monuments coordinate","SOURCE-BASED; FORT POINT","","","","","","","","","","","","","","","","","","","","","VERIFIED_SOURCE_COORDINATE","PENDING","Maharashtra Directorate of Archaeology & Museums - Gad Sanvardhan scheme","FORT GPS VERIFIED; TREK START/GPX PENDING","2026-09-08","2026-09-08","Phase-1 verified fort registry (50 records)","GPS_PRESENT; ROUTE_PARTIAL","","","",""
"MH-F-044","Korigad Fort","Pune","Ambavane","","18.62045","73.38609","OpenStreetMap/Mapcarta; Wikidata also identifies state protected monument","SOURCE-BASED; FORT POINT","","","","","","","","","","","","","","","","","","","","","VERIFIED_SOURCE_COORDINATE","PENDING","Maharashtra Directorate of Archaeology & Museums - Gad Sanvardhan scheme","FORT GPS VERIFIED; TREK START/GPX PENDING","2026-09-08","2026-09-08","Phase-1 verified fort registry (50 records)","GPS_PRESENT; ROUTE_PARTIAL","","","",""
"MH-F-045","Rangana Fort","Kolhapur","Chickewadi","","16.0775","73.85083","Published coordinate record","SOURCE-BASED; FORT POINT","","","","","","","","","","","","","","","","","","","","","VERIFIED_SOURCE_COORDINATE","PENDING","Maharashtra Directorate of Archaeology & Museums - Gad Sanvardhan scheme","FORT GPS VERIFIED; TREK START/GPX PENDING","2026-09-08","2026-09-08","Phase-1 verified fort registry (50 records)","GPS_PRESENT; ROUTE_PARTIAL","","","",""
"MH-F-046","Ankai Fort","Nashik","Ankai","","20.185556","74.443056","Wikidata/Wikimedia coordinate","SOURCE-BASED; FORT POINT","","","","","","","","","","","","","","","","","","","","","VERIFIED_SOURCE_COORDINATE","PENDING","Maharashtra Directorate of Archaeology & Museums - Gad Sanvardhan scheme","FORT GPS VERIFIED; TREK START/GPX PENDING","2026-09-08","2026-09-08","Phase-1 verified fort registry (50 records)","GPS_PRESENT; ROUTE_PARTIAL","","","",""
"MH-F-047","Tankai Fort","Nashik","Ankai","","20.19136","74.45485","OpenStreetMap/Mapcarta","SOURCE-BASED; FORT POINT","","","","","","","","","","","","","","","","","","","","","VERIFIED_SOURCE_COORDINATE","PENDING","Maharashtra Directorate of Archaeology & Museums - Gad Sanvardhan scheme","FORT GPS VERIFIED; TREK START/GPX PENDING","2026-09-08","2026-09-08","Phase-1 verified fort registry (50 records)","GPS_PRESENT; ROUTE_PARTIAL","","","",""
"MH-F-048","Salher Fort","Nashik","Salher","","20.72226","73.94546","published coordinate record; Wikidata gives 20.72472,73.94278","SOURCE-BASED; FORT POINT","","","","","","","","","","","","","","","","","","","","","VERIFIED_SOURCE_COORDINATE","PENDING","Maharashtra Directorate of Archaeology & Museums - Gad Sanvardhan scheme","FORT GPS VERIFIED; TREK START/GPX PENDING","2026-09-08","2026-09-08","Phase-1 verified fort registry (50 records)","GPS_PRESENT; ROUTE_PARTIAL","","","",""
"MH-F-049","Mulher Fort","Nashik","Mulher","","20.7512","74.06392","OpenStreetMap/Mapcarta","SOURCE-BASED; FORT POINT","","","","","","","","","","","","","","","","","","","","","VERIFIED_SOURCE_COORDINATE","PENDING","Maharashtra Directorate of Archaeology & Museums - Gad Sanvardhan scheme","FORT GPS VERIFIED; TREK START/GPX PENDING","2026-09-08","2026-09-08","Phase-1 verified fort registry (50 records)","GPS_PRESENT; ROUTE_PARTIAL","","","",""
"MH-F-050","Vetalwadi Fort","Chhatrapati Sambhajinagar","Vetalwadi","","20.553797","75.621536","Wikimedia Commons camera location / OSM vicinity","SOURCE-BASED; FORT POINT","","","","","","","","","","","","","","","","","","","","","VERIFIED_SOURCE_COORDINATE","PENDING","Maharashtra Directorate of Archaeology & Museums - Gad Sanvardhan scheme","FORT GPS VERIFIED; TREK START/GPX PENDING","2026-09-08","2026-09-08","Phase-1 verified fort registry (50 records)","GPS_PRESENT; ROUTE_PARTIAL","","","",""
"MH-F-051","Aad","","","","","","","","","","","","","","","","","","","","","","","","","","","","","","Sahyadri fort index (secondary discovery source); Government verification pending","DISCOVERY ONLY — GPS/ROUTE/STATUS VERIFICATION PENDING","","","390-fort Maharashtra registry","DISCOVERY","","","",""
"MH-F-052","Abhasgad","","","","","","","","","","","","","","","","","","","","","","","","","","","","","","Sahyadri fort index (secondary discovery source); Government verification pending","DISCOVERY ONLY — GPS/ROUTE/STATUS VERIFICATION PENDING","","","390-fort Maharashtra registry","DISCOVERY","","","",""
"MH-F-053","Achala","Nashik","Achala (Satmala range)","Bilawadi/Daregaon","20.431722","73.81525","Wikipedia infobox coordinate","SOURCE-BASED; FORT POINT","1227","","","","","","","","","","","","","","","","","","","","VERIFIED_SOURCE_COORDINATE","PENDING","Wikipedia — Achala Fort","FORT GPS VERIFIED (WIKIPEDIA); TREK START/GPX PENDING","2026-09-08","2026-09-08","Phase-2 enrichment (Wikipedia-sourced) — batch dated 2026-09-08","GPS_PRESENT; ROUTE_PENDING","","","",""
"MH-F-054","Achalpur (Ellichpur)","","","","","","","","","","","","","","","","","","","","","","","","","","","","","","Sahyadri fort index (secondary discovery source); Government verification pending","DISCOVERY ONLY — GPS/ROUTE/STATUS VERIFICATION PENDING","","","390-fort Maharashtra registry","DISCOVERY","","","",""
"MH-F-055","Adas","","","","","","","","","","","","","","","","","","","","","","","","","","","","","","Sahyadri fort index (secondary discovery source); Government verification pending","DISCOVERY ONLY — GPS/ROUTE/STATUS VERIFICATION PENDING","","","390-fort Maharashtra registry","DISCOVERY","","","",""
"MH-F-056","Adgaum (Argaon)","","","","","","","","","","","","","","","","","","","","","","","","","","","","","","Sahyadri fort index (secondary discovery source); Government verification pending","DISCOVERY ONLY — GPS/ROUTE/STATUS VERIFICATION PENDING","","","390-fort Maharashtra registry","DISCOVERY","","","",""
"MH-F-057","Agashi","","","","","","","","","","","","","","","","","","","","","","","","","","","","","","Sahyadri fort index (secondary discovery source); Government verification pending","DISCOVERY ONLY — GPS/ROUTE/STATUS VERIFICATION PENDING","","","390-fort Maharashtra registry","DISCOVERY","","","",""
"MH-F-058","Ahiwant (Sarp/Serpant)","Nashik","Ahivant (Satmala range)","Ahivantwadi","20.415444","73.86","Wikipedia infobox coordinate","SOURCE-BASED; FORT POINT","1227","","","","","","","","","","","","","","","","","","","","VERIFIED_SOURCE_COORDINATE","PENDING","Wikipedia — Ahivant Fort","FORT GPS VERIFIED (WIKIPEDIA); TREK START/GPX PENDING","2026-09-08","2026-09-08","Phase-2 enrichment (Wikipedia-sourced) — batch dated 2026-09-08","GPS_PRESENT; ROUTE_PENDING","","","",""
"MH-F-059","Ajare","","","","","","","","","","","","","","","","","","","","","","","","","","","","","","Sahyadri fort index (secondary discovery source); Government verification pending","DISCOVERY ONLY — GPS/ROUTE/STATUS VERIFICATION PENDING","","","390-fort Maharashtra registry","DISCOVERY","","","",""
"MH-F-060","Akeri","","","","","","","","","","","","","","","","","","","","","","","","","","","","","","Sahyadri fort index (secondary discovery source); Government verification pending","DISCOVERY ONLY — GPS/ROUTE/STATUS VERIFICATION PENDING","","","390-fort Maharashtra registry","DISCOVERY","","","",""
"MH-F-061","Akhrani","","","","","","","","","","","","","","","","","","","","","","","","","","","","","","Sahyadri fort index (secondary discovery source); Government verification pending","DISCOVERY ONLY — GPS/ROUTE/STATUS VERIFICATION PENDING","","","390-fort Maharashtra registry","DISCOVERY","","","",""
"MH-F-062","Akola (Asagad/Asadgad)","","","","","","","","","","","","","","","","","","","","","","","","","","","","","","Sahyadri fort index (secondary discovery source); Government verification pending","DISCOVERY ONLY — GPS/ROUTE/STATUS VERIFICATION PENDING","","","390-fort Maharashtra registry","DISCOVERY","","","",""
"MH-F-063","Alang","Nashik","Kalsubai range","Ambewadi/Samrad","19.5827","73.6612","Wikipedia infobox coordinate","SOURCE-BASED; FORT POINT","1371","","","","","","","","","","","","","","","","","","","","VERIFIED_SOURCE_COORDINATE","PENDING","Wikipedia — Alang Fort","FORT GPS VERIFIED (WIKIPEDIA); TREK START/GPX PENDING","2026-09-08","2026-09-08","Phase-2 enrichment (Wikipedia-sourced) — batch dated 2026-09-08","GPS_PRESENT; ROUTE_PENDING","","","",""
"MH-F-064","Alibag (Hirakot)","","","","","","","","","","","","","","","","","","","","","","","","","","","","","","Sahyadri fort index (secondary discovery source); Government verification pending","DISCOVERY ONLY — GPS/ROUTE/STATUS VERIFICATION PENDING","","","390-fort Maharashtra registry","DISCOVERY","","","",""
"MH-F-065","Amalner","","","","","","","","","","","","","","","","","","","","","","","","","","","","","","Sahyadri fort index (secondary discovery source); Government verification pending","DISCOVERY ONLY — GPS/ROUTE/STATUS VERIFICATION PENDING","","","390-fort Maharashtra registry","DISCOVERY","","","",""
"MH-F-066","Ambagadh","","","","","","","","","","","","","","","","","","","","","","","","","","","","","","Sahyadri fort index (secondary discovery source); Government verification pending","DISCOVERY ONLY — GPS/ROUTE/STATUS VERIFICATION PENDING","","","390-fort Maharashtra registry","DISCOVERY","","","",""
"MH-F-067","Ambi Khurd","","","","","","","","","","","","","","","","","","","","","","","","","","","","","","Sahyadri fort index (secondary discovery source); Government verification pending","DISCOVERY ONLY — GPS/ROUTE/STATUS VERIFICATION PENDING","","","390-fort Maharashtra registry","DISCOVERY","","","",""
"MH-F-068","Ambolgad","","","","","","","","","","","","","","","","","","","","","","","","","","","","","","Sahyadri fort index (secondary discovery source); Government verification pending","DISCOVERY ONLY — GPS/ROUTE/STATUS VERIFICATION PENDING","","","390-fort Maharashtra registry","DISCOVERY","","","",""
"MH-F-069","Amner (Jilpi)","","","","","","","","","","","","","","","","","","","","","","","","","","","","","","Sahyadri fort index (secondary discovery source); Government verification pending","DISCOVERY ONLY — GPS/ROUTE/STATUS VERIFICATION PENDING","","","390-fort Maharashtra registry","DISCOVERY","","","",""
"MH-F-070","Andhalgaum","","","","","","","","","","","","","","","","","","","","","","","","","","","","","","Sahyadri fort index (secondary discovery source); Government verification pending","DISCOVERY ONLY — GPS/ROUTE/STATUS VERIFICATION PENDING","","","390-fort Maharashtra registry","DISCOVERY","","","",""
"MH-F-071","Anjaneri","Nashik","Trimbakeshwar range","Anjaneri village","19.92","73.57","Wikipedia infobox coordinate (rounded)","SOURCE-BASED; FORT POINT","1280","","","","","","","","","","","","","","","","","","","","VERIFIED_SOURCE_COORDINATE","PENDING","Wikipedia — Anjaneri","FORT GPS VERIFIED (WIKIPEDIA); TREK START/GPX PENDING","2026-09-08","2026-09-08","Phase-2 enrichment (Wikipedia-sourced) — batch dated 2026-09-08","GPS_PRESENT; ROUTE_PENDING","","","",""
"MH-F-072","Anjanvel (Gopalgad)","Ratnagiri","Anjanvel (near Guhagar)","Anjanvel","17.571472","73.151806","Wikipedia infobox coordinate","SOURCE-BASED; FORT POINT","91","","","","","","","","","","","","","","","","","","","","VERIFIED_SOURCE_COORDINATE","PENDING","Wikipedia — Anjanvel Fort (Gopalgad)","FORT GPS VERIFIED (WIKIPEDIA); TREK START/GPX PENDING","2026-09-08","2026-09-08","Phase-2 enrichment (Wikipedia-sourced) — batch dated 2026-09-08","GPS_PRESENT; ROUTE_PENDING","","","",""
"MH-F-073","Arnala","Palghar","Arnala island (near Vasai)","Arnala","19.46577","72.73247","Wikipedia infobox coordinate","SOURCE-BASED; FORT POINT","","","","","","","","","","","","","","","","","","","","","VERIFIED_SOURCE_COORDINATE","PENDING","Wikipedia — Arnala fort","FORT GPS VERIFIED (WIKIPEDIA); TREK START/GPX PENDING","2026-09-08","2026-09-08","Phase-2 enrichment (Wikipedia-sourced) — batch dated 2026-09-08","GPS_PRESENT; ROUTE_PENDING","","","",""
"MH-F-074","Asava (Ashagad/Asavagad)","","","","","","","","","","","","","","","","","","","","","","","","","","","","","","Sahyadri fort index (secondary discovery source); Government verification pending","DISCOVERY ONLY — GPS/ROUTE/STATUS VERIFICATION PENDING","","","390-fort Maharashtra registry","DISCOVERY","","","",""
"MH-F-075","Asheri","Palghar","Khodkona (Mumbai-Ahmedabad highway)","Khodkona","19.820417","72.92111","Wikipedia infobox coordinate","SOURCE-BASED; FORT POINT","510","","","","","","","","","","","","","","","","","","","","VERIFIED_SOURCE_COORDINATE","PENDING","Wikipedia — Asheri fort","FORT GPS VERIFIED (WIKIPEDIA); TREK START/GPX PENDING","2026-09-08","2026-09-08","Phase-2 enrichment (Wikipedia-sourced) — batch dated 2026-09-08","GPS_PRESENT; ROUTE_PENDING","","","",""
"MH-F-076","Assaye","","","","","","","","","","","","","","","","","","","","","","","","","","","","","","Sahyadri fort index (secondary discovery source); Government verification pending","DISCOVERY ONLY — GPS/ROUTE/STATUS VERIFICATION PENDING","","","390-fort Maharashtra registry","DISCOVERY","","","",""
"MH-F-077","Aundh","","","","","","","","","","","","","","","","","","","","","","","","","","","","","","Sahyadri fort index (secondary discovery source); Government verification pending","DISCOVERY ONLY — GPS/ROUTE/STATUS VERIFICATION PENDING","","","390-fort Maharashtra registry","DISCOVERY","","","",""
"MH-F-078","Aundha (Avandha)","","","","","","","","","","","","","","","","","","","","","","","","","","","","","","Sahyadri fort index (secondary discovery source); Government verification pending","DISCOVERY ONLY — GPS/ROUTE/STATUS VERIFICATION PENDING","","","390-fort Maharashtra registry","DISCOVERY","","","",""
"MH-F-079","Avachtigad (Medha)","Raigad","Medha / Padam-Kharapti (near Roha)","Medha","18.474111","73.118639","Wikipedia infobox coordinate","SOURCE-BASED; FORT POINT","91","","","","","","","","","","","","","","","","","","","","VERIFIED_SOURCE_COORDINATE","PENDING","Wikipedia — Avchitgad","FORT GPS VERIFIED (WIKIPEDIA); TREK START/GPX PENDING","2026-09-08","2026-09-08","Phase-2 enrichment (Wikipedia-sourced) — batch dated 2026-09-08","GPS_PRESENT; ROUTE_PENDING","","","",""
"MH-F-080","Avandha (Aundha)","","","","","","","","","","","","","","","","","","","","","","","","","","","","","","Sahyadri fort index (secondary discovery source); Government verification pending","DISCOVERY ONLY — GPS/ROUTE/STATUS VERIFICATION PENDING","","","390-fort Maharashtra registry","DISCOVERY","","","",""
"MH-F-081","Avre","","","","","","","","","","","","","","","","","","","","","","","","","","","","","","Sahyadri fort index (secondary discovery source); Government verification pending","DISCOVERY ONLY — GPS/ROUTE/STATUS VERIFICATION PENDING","","","390-fort Maharashtra registry","DISCOVERY","","","",""
"MH-F-082","Badanera","","","","","","","","","","","","","","","","","","","","","","","","","","","","","","Sahyadri fort index (secondary discovery source); Government verification pending","DISCOVERY ONLY — GPS/ROUTE/STATUS VERIFICATION PENDING","","","390-fort Maharashtra registry","DISCOVERY","","","",""
"MH-F-083","Bagni","","","","","","","","","","","","","","","","","","","","","","","","","","","","","","Sahyadri fort index (secondary discovery source); Government verification pending","DISCOVERY ONLY — GPS/ROUTE/STATUS VERIFICATION PENDING","","","390-fort Maharashtra registry","DISCOVERY","","","",""
"MH-F-084","Bahadurwadi","","","","","","","","","","","","","","","","","","","","","","","","","","","","","","Sahyadri fort index (secondary discovery source); Government verification pending","DISCOVERY ONLY — GPS/ROUTE/STATUS VERIFICATION PENDING","","","390-fort Maharashtra registry","DISCOVERY","","","",""
"MH-F-085","Bahem","","","","","","","","","","","","","","","","","","","","","","","","","","","","","","Sahyadri fort index (secondary discovery source); Government verification pending","DISCOVERY ONLY — GPS/ROUTE/STATUS VERIFICATION PENDING","","","390-fort Maharashtra registry","DISCOVERY","","","",""
"MH-F-086","Bahiravgad (Bhai Ramgad/Bairamgad/Saramja)","","","","","","","","","","","","","","","","","","","","","","","","","","","","","","Sahyadri fort index (secondary discovery source); Government verification pending","DISCOVERY ONLY — GPS/ROUTE/STATUS VERIFICATION PENDING","","","390-fort Maharashtra registry","DISCOVERY","","","",""
"MH-F-087","Bahirgad","","","","","","","","","","","","","","","","","","","","","","","","","","","","","","Sahyadri fort index (secondary discovery source); Government verification pending","DISCOVERY ONLY — GPS/ROUTE/STATUS VERIFICATION PENDING","","","390-fort Maharashtra registry","DISCOVERY","","","",""
"MH-F-088","Bahula","","","","","","","","","","","","","","","","","","","","","","","","","","","","","","Sahyadri fort index (secondary discovery source); Government verification pending","DISCOVERY ONLY — GPS/ROUTE/STATUS VERIFICATION PENDING","","","390-fort Maharashtra registry","DISCOVERY","","","",""
"MH-F-089","Baitulawadi (Vetalwadi/Baitalwadi)","","","","","","","","","","","","","","","","","","","","","","","","","","","","","","Sahyadri fort index (secondary discovery source); Government verification pending","DISCOVERY ONLY — GPS/ROUTE/STATUS VERIFICATION PENDING","","","390-fort Maharashtra registry","DISCOVERY","","","",""
"MH-F-090","Balapur","","","","","","","","","","","","","","","","","","","","","","","","","","","","","","Sahyadri fort index (secondary discovery source); Government verification pending","DISCOVERY ONLY — GPS/ROUTE/STATUS VERIFICATION PENDING","","","390-fort Maharashtra registry","DISCOVERY","","","",""
"MH-F-091","Ballalgad","","","","","","","","","","","","","","","","","","","","","","","","","","","","","","Sahyadri fort index (secondary discovery source); Government verification pending","DISCOVERY ONLY — GPS/ROUTE/STATUS VERIFICATION PENDING","","","390-fort Maharashtra registry","DISCOVERY","","","",""
"MH-F-092","Ballalpur","","","","","","","","","","","","","","","","","","","","","","","","","","","","","","Sahyadri fort index (secondary discovery source); Government verification pending","DISCOVERY ONLY — GPS/ROUTE/STATUS VERIFICATION PENDING","","","390-fort Maharashtra registry","DISCOVERY","","","",""
"MH-F-093","Balwantgad","","","","","","","","","","","","","","","","","","","","","","","","","","","","","","Sahyadri fort index (secondary discovery source); Government verification pending","DISCOVERY ONLY — GPS/ROUTE/STATUS VERIFICATION PENDING","","","390-fort Maharashtra registry","DISCOVERY","","","",""
"MH-F-094","Bande","","","","","","","","","","","","","","","","","","","","","","","","","","","","","","Sahyadri fort index (secondary discovery source); Government verification pending","DISCOVERY ONLY — GPS/ROUTE/STATUS VERIFICATION PENDING","","","390-fort Maharashtra registry","DISCOVERY","","","",""
"MH-F-095","Baramati","","","","","","","","","","","","","","","","","","","","","","","","","","","","","","Sahyadri fort index (secondary discovery source); Government verification pending","DISCOVERY ONLY — GPS/ROUTE/STATUS VERIFICATION PENDING","","","390-fort Maharashtra registry","DISCOVERY","","","",""
"MH-F-096","Basgad","","","","","","","","","","","","","","","","","","","","","","","","","","","","","","Sahyadri fort index (secondary discovery source); Government verification pending","DISCOVERY ONLY — GPS/ROUTE/STATUS VERIFICATION PENDING","","","390-fort Maharashtra registry","DISCOVERY","","","",""
"MH-F-097","Bavda (Gagangad)","","","","","","","","","","","","","","","","","","","","","","","","","","","","","","Sahyadri fort index (secondary discovery source); Government verification pending","DISCOVERY ONLY — GPS/ROUTE/STATUS VERIFICATION PENDING","","","390-fort Maharashtra registry","DISCOVERY","","","",""
"MH-F-098","Bavdhan","","","","","","","","","","","","","","","","","","","","","","","","","","","","","","Sahyadri fort index (secondary discovery source); Government verification pending","DISCOVERY ONLY — GPS/ROUTE/STATUS VERIFICATION PENDING","","","390-fort Maharashtra registry","DISCOVERY","","","",""
"MH-F-099","Belapur","","","","","","","","","","","","","","","","","","","","","","","","","","","","","","Sahyadri fort index (secondary discovery source); Government verification pending","DISCOVERY ONLY — GPS/ROUTE/STATUS VERIFICATION PENDING","","","390-fort Maharashtra registry","DISCOVERY","","","",""
"MH-F-100","Betavad","","","","","","","","","","","","","","","","","","","","","","","","","","","","","","Sahyadri fort index (secondary discovery source); Government verification pending","DISCOVERY ONLY — GPS/ROUTE/STATUS VERIFICATION PENDING","","","390-fort Maharashtra registry","DISCOVERY","","","",""
"MH-F-101","Bhagwantgad","","","","","","","","","","","","","","","","","","","","","","","","","","","","","","Sahyadri fort index (secondary discovery source); Government verification pending","DISCOVERY ONLY — GPS/ROUTE/STATUS VERIFICATION PENDING","","","390-fort Maharashtra registry","DISCOVERY","","","",""
"MH-F-102","Bhairavgad (Bhairamgad)","","","","","","","","","","","","","","","","","","","","","","","","","","","","","","Sahyadri fort index (secondary discovery source); Government verification pending","DISCOVERY ONLY — GPS/ROUTE/STATUS VERIFICATION PENDING","","","390-fort Maharashtra registry","DISCOVERY","","","",""
"MH-F-103","Bhairavgad","Satara","near Patan","Patan region","17.325219","73.675196","Wikipedia infobox coordinate; NOTE: several distinct forts share the name Bhairavgad (Kothale, Moroshi, Shirpunje, Mandave, Patan) — this row matches the Patan/Satara one specifically","SOURCE-BASED; FORT POINT","1000","","","","","","","","","","","","","","","","","","","","VERIFIED_SOURCE_COORDINATE","PENDING","Wikipedia — Bhairavgad","FORT GPS VERIFIED (WIKIPEDIA); TREK START/GPX PENDING","2026-09-08","2026-09-08","Phase-2 enrichment (Wikipedia-sourced) — batch dated 2026-09-08","GPS_PRESENT; ROUTE_PENDING","","","",""
"MH-F-104","Bhamer","Dhule","Sakri taluka","Bhamer village","21.07","74.33","Wikipedia infobox coordinate (rounded)","SOURCE-BASED; FORT POINT","650","","","","","","","","","","","","","","","","","","","","VERIFIED_SOURCE_COORDINATE","PENDING","Wikipedia — Bhamer Dhule","FORT GPS VERIFIED (WIKIPEDIA); TREK START/GPX PENDING","2026-09-08","2026-09-08","Phase-2 enrichment (Wikipedia-sourced) — batch dated 2026-09-08","GPS_PRESENT; ROUTE_PENDING","","","",""
"MH-F-105","Bhamragad","","","","","","","","","","","","","","","","","","","","","","","","","","","","","","Sahyadri fort index (secondary discovery source); Government verification pending","DISCOVERY ONLY — GPS/ROUTE/STATUS VERIFICATION PENDING","","","390-fort Maharashtra registry","DISCOVERY","","","",""
"MH-F-106","Bhana Hivra","","","","","","","","","","","","","","","","","","","","","","","","","","","","","","Sahyadri fort index (secondary discovery source); Government verification pending","DISCOVERY ONLY — GPS/ROUTE/STATUS VERIFICATION PENDING","","","390-fort Maharashtra registry","DISCOVERY","","","",""
"MH-F-107","Bhandara (Behnor)","","","","","","","","","","","","","","","","","","","","","","","","","","","","","","Sahyadri fort index (secondary discovery source); Government verification pending","DISCOVERY ONLY — GPS/ROUTE/STATUS VERIFICATION PENDING","","","390-fort Maharashtra registry","DISCOVERY","","","",""
"MH-F-108","Bhandargad","","","","","","","","","","","","","","","","","","","","","","","","","","","","","","Sahyadri fort index (secondary discovery source); Government verification pending","DISCOVERY ONLY — GPS/ROUTE/STATUS VERIFICATION PENDING","","","390-fort Maharashtra registry","DISCOVERY","","","",""
"MH-F-109","Bhaskargad (Basgad)","Nashik","Trimbak range (near Harihar)","Dahalewadi","19.903972","73.430667","Wikipedia infobox coordinate; NOTE: 'Basgad' (MH-F-096) elsewhere in this registry appears to be the same fort under an alternate name — recommend de-duplicating","SOURCE-BASED; FORT POINT","1067","","","","","","","","","","","","","","","","","","","","VERIFIED_SOURCE_COORDINATE","PENDING","Wikipedia — Bhaskargad","FORT GPS VERIFIED (WIKIPEDIA); TREK START/GPX PENDING","2026-09-08","2026-09-08","Phase-2 enrichment (Wikipedia-sourced) — batch dated 2026-09-08","GPS_PRESENT; ROUTE_PENDING","","","",""
"MH-F-110","Bhavangad","","","","","","","","","","","","","","","","","","","","","","","","","","","","","","Sahyadri fort index (secondary discovery source); Government verification pending","DISCOVERY ONLY — GPS/ROUTE/STATUS VERIFICATION PENDING","","","390-fort Maharashtra registry","DISCOVERY","","","",""
"MH-F-111","Bhimgad","","","","","","","","","","","","","","","","","","","","","","","","","","","","","","Sahyadri fort index (secondary discovery source); Government verification pending","DISCOVERY ONLY — GPS/ROUTE/STATUS VERIFICATION PENDING","","","390-fort Maharashtra registry","DISCOVERY","","","",""
"MH-F-112","Bhivagad (Gaurkamat)","","","","","","","","","","","","","","","","","","","","","","","","","","","","","","Sahyadri fort index (secondary discovery source); Government verification pending","DISCOVERY ONLY — GPS/ROUTE/STATUS VERIFICATION PENDING","","","390-fort Maharashtra registry","DISCOVERY","","","",""
"MH-F-113","Bhopalgad","","","","","","","","","","","","","","","","","","","","","","","","","","","","","","Sahyadri fort index (secondary discovery source); Government verification pending","DISCOVERY ONLY — GPS/ROUTE/STATUS VERIFICATION PENDING","","","390-fort Maharashtra registry","DISCOVERY","","","",""
"MH-F-114","Bhorgad","","","","","","","","","","","","","","","","","","","","","","","","","","","","","","Sahyadri fort index (secondary discovery source); Government verification pending","DISCOVERY ONLY — GPS/ROUTE/STATUS VERIFICATION PENDING","","","390-fort Maharashtra registry","DISCOVERY","","","",""
"MH-F-115","Bhupalgad","","","","","","","","","","","","","","","","","","","","","","","","","","","","","","Sahyadri fort index (secondary discovery source); Government verification pending","DISCOVERY ONLY — GPS/ROUTE/STATUS VERIFICATION PENDING","","","390-fort Maharashtra registry","DISCOVERY","","","",""
"MH-F-116","Bhupatgad (Bhopatgad)","Palghar","Jawhar taluka (Kurlod/Zaap)","Kurlod","19.818928","73.293575","Wikipedia infobox coordinate","SOURCE-BASED; FORT POINT","488","","","","","","","","","","","","","","","","","","","","VERIFIED_SOURCE_COORDINATE","PENDING","Wikipedia — Bhupatgad Fort","FORT GPS VERIFIED (WIKIPEDIA); TREK START/GPX PENDING","2026-09-08","2026-09-08","Phase-2 enrichment (Wikipedia-sourced) — batch dated 2026-09-08","GPS_PRESENT; ROUTE_PENDING","","","",""
"MH-F-117","Bhushangad","","","","","","","","","","","","","","","","","","","","","","","","","","","","","","Sahyadri fort index (secondary discovery source); Government verification pending","DISCOVERY ONLY — GPS/ROUTE/STATUS VERIFICATION PENDING","","","390-fort Maharashtra registry","DISCOVERY","","","",""
"MH-F-118","Birwadi","Raigad","near Roha (Chanera village)","Birwadi village","18.423528","73.041917","Wikipedia infobox coordinate","SOURCE-BASED; FORT POINT","366","","","","","","","","","","","","","","","","","","","","VERIFIED_SOURCE_COORDINATE","PENDING","Wikipedia — Birwadi fort","FORT GPS VERIFIED (WIKIPEDIA); TREK START/GPX PENDING","2026-09-08","2026-09-08","Phase-2 enrichment (Wikipedia-sourced) — batch dated 2026-09-08","GPS_PRESENT; ROUTE_PENDING","","","",""
"MH-F-119","Bitangad","Nashik","Igatpuri taluka (Kalsubai range)","Taked / Bitanwadi","19.6538306","73.7861417","Wikipedia infobox coordinate","SOURCE-BASED; FORT POINT","1219","","","","","","","","","","","","","","","","","","","","VERIFIED_SOURCE_COORDINATE","PENDING","Wikipedia — Bitangad","FORT GPS VERIFIED (WIKIPEDIA); TREK START/GPX PENDING","2026-09-08","2026-09-08","Phase-2 enrichment (Wikipedia-sourced) — batch dated 2026-09-08","GPS_PRESENT; ROUTE_PENDING","","","",""
"MH-F-120","Bodvad","","","","","","","","","","","","","","","","","","","","","","","","","","","","","","Sahyadri fort index (secondary discovery source); Government verification pending","DISCOVERY ONLY — GPS/ROUTE/STATUS VERIFICATION PENDING","","","390-fort Maharashtra registry","DISCOVERY","","","",""
"MH-F-121","Bombay","","","","","","","","","","","","","","","","","","","","","","","","","","","","","","Sahyadri fort index (secondary discovery source); Government verification pending","DISCOVERY ONLY — GPS/ROUTE/STATUS VERIFICATION PENDING","","","390-fort Maharashtra registry","DISCOVERY","","","",""
"MH-F-122","Borale","","","","","","","","","","","","","","","","","","","","","","","","","","","","","","Sahyadri fort index (secondary discovery source); Government verification pending","DISCOVERY ONLY — GPS/ROUTE/STATUS VERIFICATION PENDING","","","390-fort Maharashtra registry","DISCOVERY","","","",""
"MH-F-123","Borgaum","","","","","","","","","","","","","","","","","","","","","","","","","","","","","","Sahyadri fort index (secondary discovery source); Government verification pending","DISCOVERY ONLY — GPS/ROUTE/STATUS VERIFICATION PENDING","","","390-fort Maharashtra registry","DISCOVERY","","","",""
"MH-F-124","Bhorgiri","","","","","","","","","","","","","","","","","","","","","","","","","","","","","","Sahyadri fort index (secondary discovery source); Government verification pending","DISCOVERY ONLY — GPS/ROUTE/STATUS VERIFICATION PENDING","","","390-fort Maharashtra registry","DISCOVERY","","","",""
"MH-F-125","Chakan (Islamabad/Sangramgad/Vikramgad)","","","","","","","","","","","","","","","","","","","","","","","","","","","","","","Sahyadri fort index (secondary discovery source); Government verification pending","DISCOVERY ONLY — GPS/ROUTE/STATUS VERIFICATION PENDING","","","390-fort Maharashtra registry","DISCOVERY","","","",""
"MH-F-126","Chambhargad","","","","","","","","","","","","","","","","","","","","","","","","","","","","","","Sahyadri fort index (secondary discovery source); Government verification pending","DISCOVERY ONLY — GPS/ROUTE/STATUS VERIFICATION PENDING","","","390-fort Maharashtra registry","DISCOVERY","","","",""
"MH-F-127","Chandan","Satara","Kholvadi / Bhuinj (near Wai)","Kholvadi","17.847417","74.044806","Wikipedia infobox coordinate","SOURCE-BASED; FORT POINT","1158","","","","","","","","","","","","","","","","","","","","VERIFIED_SOURCE_COORDINATE","PENDING","Wikipedia — Chandan Fort","FORT GPS VERIFIED (WIKIPEDIA); TREK START/GPX PENDING","2026-09-08","2026-09-08","Phase-2 enrichment (Wikipedia-sourced) — batch dated 2026-09-08","GPS_PRESENT; ROUTE_PENDING","","","",""
"MH-F-128","Chanderi","","","","","","","","","","","","","","","","","","","","","","","","","","","","","","Sahyadri fort index (secondary discovery source); Government verification pending","DISCOVERY ONLY — GPS/ROUTE/STATUS VERIFICATION PENDING","","","390-fort Maharashtra registry","DISCOVERY","","","",""
"MH-F-129","Chandgad","","","","","","","","","","","","","","","","","","","","","","","","","","","","","","Sahyadri fort index (secondary discovery source); Government verification pending","DISCOVERY ONLY — GPS/ROUTE/STATUS VERIFICATION PENDING","","","390-fort Maharashtra registry","DISCOVERY","","","",""
"MH-F-130","Chandpur","","","","","","","","","","","","","","","","","","","","","","","","","","","","","","Sahyadri fort index (secondary discovery source); Government verification pending","DISCOVERY ONLY — GPS/ROUTE/STATUS VERIFICATION PENDING","","","390-fort Maharashtra registry","DISCOVERY","","","",""
"MH-F-131","Chandragad","","","","","","","","","","","","","","","","","","","","","","","","","","","","","","Sahyadri fort index (secondary discovery source); Government verification pending","DISCOVERY ONLY — GPS/ROUTE/STATUS VERIFICATION PENDING","","","390-fort Maharashtra registry","DISCOVERY","","","",""
"MH-F-132","Chandrapur (Gonddurg/Chanderi/Chanda)","","","","","","","","","","","","","","","","","","","","","","","","","","","","","","Sahyadri fort index (secondary discovery source); Government verification pending","DISCOVERY ONLY — GPS/ROUTE/STATUS VERIFICATION PENDING","","","390-fort Maharashtra registry","DISCOVERY","","","",""
"MH-F-133","Chandvad","","","","","","","","","","","","","","","","","","","","","","","","","","","","","","Sahyadri fort index (secondary discovery source); Government verification pending","DISCOVERY ONLY — GPS/ROUTE/STATUS VERIFICATION PENDING","","","390-fort Maharashtra registry","DISCOVERY","","","",""
"MH-F-134","Chatale","","","","","","","","","","","","","","","","","","","","","","","","","","","","","","Sahyadri fort index (secondary discovery source); Government verification pending","DISCOVERY ONLY — GPS/ROUTE/STATUS VERIFICATION PENDING","","","390-fort Maharashtra registry","DISCOVERY","","","",""
"MH-F-135","Chaul (Agarkot/Palm Garden)","","","","","","","","","","","","","","","","","","","","","","","","","","","","","","Sahyadri fort index (secondary discovery source); Government verification pending","DISCOVERY ONLY — GPS/ROUTE/STATUS VERIFICATION PENDING","","","390-fort Maharashtra registry","DISCOVERY","","","",""
"MH-F-136","Chauler (Tilwan)","","","","","","","","","","","","","","","","","","","","","","","","","","","","","","Sahyadri fort index (secondary discovery source); Government verification pending","DISCOVERY ONLY — GPS/ROUTE/STATUS VERIFICATION PENDING","","","390-fort Maharashtra registry","DISCOVERY","","","",""
"MH-F-137","Chaugaum","","","","","","","","","","","","","","","","","","","","","","","","","","","","","","Sahyadri fort index (secondary discovery source); Government verification pending","DISCOVERY ONLY — GPS/ROUTE/STATUS VERIFICATION PENDING","","","390-fort Maharashtra registry","DISCOVERY","","","",""
"MH-F-138","Chavand (Jund/Prassanagad)","","","","","","","","","","","","","","","","","","","","","","","","","","","","","","Sahyadri fort index (secondary discovery source); Government verification pending","DISCOVERY ONLY — GPS/ROUTE/STATUS VERIFICATION PENDING","","","390-fort Maharashtra registry","DISCOVERY","","","",""
"MH-F-139","Chimur","","","","","","","","","","","","","","","","","","","","","","","","","","","","","","Sahyadri fort index (secondary discovery source); Government verification pending","DISCOVERY ONLY — GPS/ROUTE/STATUS VERIFICATION PENDING","","","390-fort Maharashtra registry","DISCOVERY","","","",""
"MH-F-140","Chinchgad","","","","","","","","","","","","","","","","","","","","","","","","","","","","","","Sahyadri fort index (secondary discovery source); Government verification pending","DISCOVERY ONLY — GPS/ROUTE/STATUS VERIFICATION PENDING","","","390-fort Maharashtra registry","DISCOVERY","","","",""
"MH-F-141","Chinchani","","","","","","","","","","","","","","","","","","","","","","","","","","","","","","Sahyadri fort index (secondary discovery source); Government verification pending","DISCOVERY ONLY — GPS/ROUTE/STATUS VERIFICATION PENDING","","","390-fort Maharashtra registry","DISCOVERY","","","",""
"MH-F-142","Chopda (Mustafabad)","","","","","","","","","","","","","","","","","","","","","","","","","","","","","","Sahyadri fort index (secondary discovery source); Government verification pending","DISCOVERY ONLY — GPS/ROUTE/STATUS VERIFICATION PENDING","","","390-fort Maharashtra registry","DISCOVERY","","","",""
"MH-F-143","Dabhol","","","","","","","","","","","","","","","","","","","","","","","","","","","","","","Sahyadri fort index (secondary discovery source); Government verification pending","DISCOVERY ONLY — GPS/ROUTE/STATUS VERIFICATION PENDING","","","390-fort Maharashtra registry","DISCOVERY","","","",""
"MH-F-144","Dahanu","","","","","","","","","","","","","","","","","","","","","","","","","","","","","","Sahyadri fort index (secondary discovery source); Government verification pending","DISCOVERY ONLY — GPS/ROUTE/STATUS VERIFICATION PENDING","","","390-fort Maharashtra registry","DISCOVERY","","","",""
"MH-F-145","Danda","","","","","","","","","","","","","","","","","","","","","","","","","","","","","","Sahyadri fort index (secondary discovery source); Government verification pending","DISCOVERY ONLY — GPS/ROUTE/STATUS VERIFICATION PENDING","","","390-fort Maharashtra registry","DISCOVERY","","","",""
"MH-F-146","Danda Rajpuri","","","","","","","","","","","","","","","","","","","","","","","","","","","","","","Sahyadri fort index (secondary discovery source); Government verification pending","DISCOVERY ONLY — GPS/ROUTE/STATUS VERIFICATION PENDING","","","390-fort Maharashtra registry","DISCOVERY","","","",""
"MH-F-147","Danda Rajapur","","","","","","","","","","","","","","","","","","","","","","","","","","","","","","Sahyadri fort index (secondary discovery source); Government verification pending","DISCOVERY ONLY — GPS/ROUTE/STATUS VERIFICATION PENDING","","","390-fort Maharashtra registry","DISCOVERY","","","",""
"MH-F-148","Dategad (Sudergad/Ghera Dategad)","Satara","near Patan","Tolewadi","17.379249","73.864191","Wikipedia infobox coordinate","SOURCE-BASED; FORT POINT","152","","","","","","","","","","","","","","","","","","","","VERIFIED_SOURCE_COORDINATE","PENDING","Wikipedia — Dategad","FORT GPS VERIFIED (WIKIPEDIA); TREK START/GPX PENDING","2026-09-08","2026-09-08","Phase-2 enrichment (Wikipedia-sourced) — batch dated 2026-09-08","GPS_PRESENT; ROUTE_PENDING","","","",""
"MH-F-149","Dativre","Palghar","near Vaitarna River","Dativare village","19.51417","72.77222","Wikipedia infobox coordinate","SOURCE-BASED; FORT POINT","91","","","","","","","","","","","","","","","","","","","","VERIFIED_SOURCE_COORDINATE","PENDING","Wikipedia — Dativare fort","FORT GPS VERIFIED (WIKIPEDIA); TREK START/GPX PENDING","2026-09-08","2026-09-08","Phase-2 enrichment (Wikipedia-sourced) — batch dated 2026-09-08","GPS_PRESENT; ROUTE_PENDING","","","",""
"MH-F-150","Daulatmangal (Bhuleshwar)","","","","","","","","","","","","","","","","","","","","","","","","","","","","","","Sahyadri fort index (secondary discovery source); Government verification pending","DISCOVERY ONLY — GPS/ROUTE/STATUS VERIFICATION PENDING","","","390-fort Maharashtra registry","DISCOVERY","","","",""
"MH-F-151","Dehra (Bhorgad/Rajdehr)","","","","","","","","","","","","","","","","","","","","","","","","","","","","","","Sahyadri fort index (secondary discovery source); Government verification pending","DISCOVERY ONLY — GPS/ROUTE/STATUS VERIFICATION PENDING","","","390-fort Maharashtra registry","DISCOVERY","","","",""
"MH-F-152","Deoli","","","","","","","","","","","","","","","","","","","","","","","","","","","","","","Sahyadri fort index (secondary discovery source); Government verification pending","DISCOVERY ONLY — GPS/ROUTE/STATUS VERIFICATION PENDING","","","390-fort Maharashtra registry","DISCOVERY","","","",""
"MH-F-153","Dermal","Nashik","Bilpuri area","Bilpuri","20.85225","74.284917","Wikipedia infobox coordinate","SOURCE-BASED; FORT POINT","1128","","","","","","","","","","","","","","","","","","","","VERIFIED_SOURCE_COORDINATE","PENDING","Wikipedia — Dermal Fort","FORT GPS VERIFIED (WIKIPEDIA); TREK START/GPX PENDING","2026-09-08","2026-09-08","Phase-2 enrichment (Wikipedia-sourced) — batch dated 2026-09-08","GPS_PRESENT; ROUTE_PENDING","","","",""
"MH-F-154","Devgad","","","","","","","","","","","","","","","","","","","","","","","","","","","","","","Sahyadri fort index (secondary discovery source); Government verification pending","DISCOVERY ONLY — GPS/ROUTE/STATUS VERIFICATION PENDING","","","390-fort Maharashtra registry","DISCOVERY","","","",""
"MH-F-155","Devrukh","","","","","","","","","","","","","","","","","","","","","","","","","","","","","","Sahyadri fort index (secondary discovery source); Government verification pending","DISCOVERY ONLY — GPS/ROUTE/STATUS VERIFICATION PENDING","","","390-fort Maharashtra registry","DISCOVERY","","","",""
"MH-F-156","Dhadgaum","","","","","","","","","","","","","","","","","","","","","","","","","","","","","","Sahyadri fort index (secondary discovery source); Government verification pending","DISCOVERY ONLY — GPS/ROUTE/STATUS VERIFICATION PENDING","","","390-fort Maharashtra registry","DISCOVERY","","","",""
"MH-F-157","Dhak (Bahiri)","","","","","","","","","","","","","","","","","","","","","","","","","","","","","","Sahyadri fort index (secondary discovery source); Government verification pending","DISCOVERY ONLY — GPS/ROUTE/STATUS VERIFICATION PENDING","","","390-fort Maharashtra registry","DISCOVERY","","","",""
"MH-F-158","Dhamnya","","","","","","","","","","","","","","","","","","","","","","","","","","","","","","Sahyadri fort index (secondary discovery source); Government verification pending","DISCOVERY ONLY — GPS/ROUTE/STATUS VERIFICATION PENDING","","","390-fort Maharashtra registry","DISCOVERY","","","",""
"MH-F-159","Dhangad (Gahangad)","","","","","","","","","","","","","","","","","","","","","","","","","","","","","","Sahyadri fort index (secondary discovery source); Government verification pending","DISCOVERY ONLY — GPS/ROUTE/STATUS VERIFICATION PENDING","","","390-fort Maharashtra registry","DISCOVERY","","","",""
"MH-F-160","Dharavi (Kala Killa)","","","","","","","","","","","","","","","","","","","","","","","","","","","","","","Sahyadri fort index (secondary discovery source); Government verification pending","DISCOVERY ONLY — GPS/ROUTE/STATUS VERIFICATION PENDING","","","390-fort Maharashtra registry","DISCOVERY","","","",""
"MH-F-161","Dharni","","","","","","","","","","","","","","","","","","","","","","","","","","","","","","Sahyadri fort index (secondary discovery source); Government verification pending","DISCOVERY ONLY — GPS/ROUTE/STATUS VERIFICATION PENDING","","","390-fort Maharashtra registry","DISCOVERY","","","",""
"MH-F-162","Dhule (Devpur)","","","","","","","","","","","","","","","","","","","","","","","","","","","","","","Sahyadri fort index (secondary discovery source); Government verification pending","DISCOVERY ONLY — GPS/ROUTE/STATUS VERIFICATION PENDING","","","390-fort Maharashtra registry","DISCOVERY","","","",""
"MH-F-163","Dindu","","","","","","","","","","","","","","","","","","","","","","","","","","","","","","Sahyadri fort index (secondary discovery source); Government verification pending","DISCOVERY ONLY — GPS/ROUTE/STATUS VERIFICATION PENDING","","","390-fort Maharashtra registry","DISCOVERY","","","",""
"MH-F-164","Dondwada","","","","","","","","","","","","","","","","","","","","","","","","","","","","","","Sahyadri fort index (secondary discovery source); Government verification pending","DISCOVERY ONLY — GPS/ROUTE/STATUS VERIFICATION PENDING","","","390-fort Maharashtra registry","DISCOVERY","","","",""
"MH-F-165","Dronagiri (Karanja)","","","","","","","","","","","","","","","","","","","","","","","","","","","","","","Sahyadri fort index (secondary discovery source); Government verification pending","DISCOVERY ONLY — GPS/ROUTE/STATUS VERIFICATION PENDING","","","390-fort Maharashtra registry","DISCOVERY","","","",""
"MH-F-166","Drug","","","","","","","","","","","","","","","","","","","","","","","","","","","","","","Sahyadri fort index (secondary discovery source); Government verification pending","DISCOVERY ONLY — GPS/ROUTE/STATUS VERIFICATION PENDING","","","390-fort Maharashtra registry","DISCOVERY","","","",""
"MH-F-167","Dudmal","","","","","","","","","","","","","","","","","","","","","","","","","","","","","","Sahyadri fort index (secondary discovery source); Government verification pending","DISCOVERY ONLY — GPS/ROUTE/STATUS VERIFICATION PENDING","","","390-fort Maharashtra registry","DISCOVERY","","","",""
"MH-F-168","Dusana","","","","","","","","","","","","","","","","","","","","","","","","","","","","","","Sahyadri fort index (secondary discovery source); Government verification pending","DISCOVERY ONLY — GPS/ROUTE/STATUS VERIFICATION PENDING","","","390-fort Maharashtra registry","DISCOVERY","","","",""
"MH-F-169","Ekadara","","","","","","","","","","","","","","","","","","","","","","","","","","","","","","Sahyadri fort index (secondary discovery source); Government verification pending","DISCOVERY ONLY — GPS/ROUTE/STATUS VERIFICATION PENDING","","","390-fort Maharashtra registry","DISCOVERY","","","",""
"MH-F-170","Elephanta (Gharapuri)","","","","","","","","","","","","","","","","","","","","","","","","","","","","","","Sahyadri fort index (secondary discovery source); Government verification pending","DISCOVERY ONLY — GPS/ROUTE/STATUS VERIFICATION PENDING","","","390-fort Maharashtra registry","DISCOVERY","","","",""
"MH-F-171","Fatehkheda","","","","","","","","","","","","","","","","","","","","","","","","","","","","","","Sahyadri fort index (secondary discovery source); Government verification pending","DISCOVERY ONLY — GPS/ROUTE/STATUS VERIFICATION PENDING","","","390-fort Maharashtra registry","DISCOVERY","","","",""
"MH-F-172","Fattegad","","","","","","","","","","","","","","","","","","","","","","","","","","","","","","Sahyadri fort index (secondary discovery source); Government verification pending","DISCOVERY ONLY — GPS/ROUTE/STATUS VERIFICATION PENDING","","","390-fort Maharashtra registry","DISCOVERY","","","",""
"MH-F-173","Gadhinglaj","","","","","","","","","","","","","","","","","","","","","","","","","","","","","","Sahyadri fort index (secondary discovery source); Government verification pending","DISCOVERY ONLY — GPS/ROUTE/STATUS VERIFICATION PENDING","","","390-fort Maharashtra registry","DISCOVERY","","","",""
"MH-F-174","Gagangad","","","","","","","","","","","","","","","","","","","","","","","","","","","","","","Sahyadri fort index (secondary discovery source); Government verification pending","DISCOVERY ONLY — GPS/ROUTE/STATUS VERIFICATION PENDING","","","390-fort Maharashtra registry","DISCOVERY","","","",""
"MH-F-175","Gambhirgad","","","","","","","","","","","","","","","","","","","","","","","","","","","","","","Sahyadri fort index (secondary discovery source); Government verification pending","DISCOVERY ONLY — GPS/ROUTE/STATUS VERIFICATION PENDING","","","390-fort Maharashtra registry","DISCOVERY","","","",""
"MH-F-176","Gandharvagad","","","","","","","","","","","","","","","","","","","","","","","","","","","","","","Sahyadri fort index (secondary discovery source); Government verification pending","DISCOVERY ONLY — GPS/ROUTE/STATUS VERIFICATION PENDING","","","390-fort Maharashtra registry","DISCOVERY","","","",""
"MH-F-177","Ganeshdurg","","","","","","","","","","","","","","","","","","","","","","","","","","","","","","Sahyadri fort index (secondary discovery source); Government verification pending","DISCOVERY ONLY — GPS/ROUTE/STATUS VERIFICATION PENDING","","","390-fort Maharashtra registry","DISCOVERY","","","",""
"MH-F-178","Ghanora","","","","","","","","","","","","","","","","","","","","","","","","","","","","","","Sahyadri fort index (secondary discovery source); Government verification pending","DISCOVERY ONLY — GPS/ROUTE/STATUS VERIFICATION PENDING","","","390-fort Maharashtra registry","DISCOVERY","","","",""
"MH-F-179","Ghargad (Dhargad)","","","","","","","","","","","","","","","","","","","","","","","","","","","","","","Sahyadri fort index (secondary discovery source); Government verification pending","DISCOVERY ONLY — GPS/ROUTE/STATUS VERIFICATION PENDING","","","390-fort Maharashtra registry","DISCOVERY","","","",""
"MH-F-180","Ghodbandar","","","","","","","","","","","","","","","","","","","","","","","","","","","","","","Sahyadri fort index (secondary discovery source); Government verification pending","DISCOVERY ONLY — GPS/ROUTE/STATUS VERIFICATION PENDING","","","390-fort Maharashtra registry","DISCOVERY","","","",""
"MH-F-181","Ghosalgad (Ghosale)","","","","","","","","","","","","","","","","","","","","","","","","","","","","","","Sahyadri fort index (secondary discovery source); Government verification pending","DISCOVERY ONLY — GPS/ROUTE/STATUS VERIFICATION PENDING","","","390-fort Maharashtra registry","DISCOVERY","","","",""
"MH-F-182","Gorakhgad","Thane","near Murbad","Dehri Talekhal","19.192194","73.540778","Wikipedia infobox coordinate","SOURCE-BASED; FORT POINT","649","","","","","","","","","","","","","","","","","","","","VERIFIED_SOURCE_COORDINATE","PENDING","Wikipedia — Gorakhgad","FORT GPS VERIFIED (WIKIPEDIA); TREK START/GPX PENDING","2026-09-08","2026-09-08","Phase-2 enrichment (Wikipedia-sourced) — batch dated 2026-09-08","GPS_PRESENT; ROUTE_PENDING","","","",""
"MH-F-183","Govagad","","","","","","","","","","","","","","","","","","","","","","","","","","","","","","Sahyadri fort index (secondary discovery source); Government verification pending","DISCOVERY ONLY — GPS/ROUTE/STATUS VERIFICATION PENDING","","","390-fort Maharashtra registry","DISCOVERY","","","",""
"MH-F-184","Gumtara","","","","","","","","","","","","","","","","","","","","","","","","","","","","","","Sahyadri fort index (secondary discovery source); Government verification pending","DISCOVERY ONLY — GPS/ROUTE/STATUS VERIFICATION PENDING","","","390-fort Maharashtra registry","DISCOVERY","","","",""
"MH-F-185","Gunwantgad (Morgiri)","","","","","","","","","","","","","","","","","","","","","","","","","","","","","","Sahyadri fort index (secondary discovery source); Government verification pending","DISCOVERY ONLY — GPS/ROUTE/STATUS VERIFICATION PENDING","","","390-fort Maharashtra registry","DISCOVERY","","","",""
"MH-F-186","Hadsar (Parvatgad)","","","","","","","","","","","","","","","","","","","","","","","","","","","","","","Sahyadri fort index (secondary discovery source); Government verification pending","DISCOVERY ONLY — GPS/ROUTE/STATUS VERIFICATION PENDING","","","390-fort Maharashtra registry","DISCOVERY","","","",""
"MH-F-187","Hanumangad (Manchigad/Bijarnigad)","","","","","","","","","","","","","","","","","","","","","","","","","","","","","","Sahyadri fort index (secondary discovery source); Government verification pending","DISCOVERY ONLY — GPS/ROUTE/STATUS VERIFICATION PENDING","","","390-fort Maharashtra registry","DISCOVERY","","","",""
"MH-F-188","Hanumangad","","","","","","","","","","","","","","","","","","","","","","","","","","","","","","Sahyadri fort index (secondary discovery source); Government verification pending","DISCOVERY ONLY — GPS/ROUTE/STATUS VERIFICATION PENDING","","","390-fort Maharashtra registry","DISCOVERY","","","",""
"MH-F-189","Hargad","","","","","","","","","","","","","","","","","","","","","","","","","","","","","","Sahyadri fort index (secondary discovery source); Government verification pending","DISCOVERY ONLY — GPS/ROUTE/STATUS VERIFICATION PENDING","","","390-fort Maharashtra registry","DISCOVERY","","","",""
"MH-F-190","Harihar","Nashik","Nirgudpada / Harshewadi","Nirgudpada","19.904972","73.472","Wikipedia infobox coordinate","SOURCE-BASED; FORT POINT","1120","","","","","","","","","","","","","","","","","","","","VERIFIED_SOURCE_COORDINATE","PENDING","Wikipedia — Harihar fort","FORT GPS VERIFIED (WIKIPEDIA); TREK START/GPX PENDING","2026-09-08","2026-09-08","Phase-2 enrichment (Wikipedia-sourced) — batch dated 2026-09-08","GPS_PRESENT; ROUTE_PENDING","","","",""
"MH-F-191","Harshgad (Harishgad)","","","","","","","","","","","","","","","","","","","","","","","","","","","","","","Sahyadri fort index (secondary discovery source); Government verification pending","DISCOVERY ONLY — GPS/ROUTE/STATUS VERIFICATION PENDING","","","390-fort Maharashtra registry","DISCOVERY","","","",""
"MH-F-192","Hatgad","Nashik","Nashik–Saputara road","Hatgad village","20.542722","73.760917","Wikipedia infobox coordinate","SOURCE-BASED; FORT POINT","1097","","","","","","","","","","","","","","","","","","","","VERIFIED_SOURCE_COORDINATE","PENDING","Wikipedia — Hatgadh Fort","FORT GPS VERIFIED (WIKIPEDIA); TREK START/GPX PENDING","2026-09-08","2026-09-08","Phase-2 enrichment (Wikipedia-sourced) — batch dated 2026-09-08","GPS_PRESENT; ROUTE_PENDING","","","",""
"MH-F-193","Helvak","","","","","","","","","","","","","","","","","","","","","","","","","","","","","","Sahyadri fort index (secondary discovery source); Government verification pending","DISCOVERY ONLY — GPS/ROUTE/STATUS VERIFICATION PENDING","","","390-fort Maharashtra registry","DISCOVERY","","","",""
"MH-F-194","Hindola","","","","","","","","","","","","","","","","","","","","","","","","","","","","","","Sahyadri fort index (secondary discovery source); Government verification pending","DISCOVERY ONLY — GPS/ROUTE/STATUS VERIFICATION PENDING","","","390-fort Maharashtra registry","DISCOVERY","","","",""
"MH-F-195","Hingana","","","","","","","","","","","","","","","","","","","","","","","","","","","","","","Sahyadri fort index (secondary discovery source); Government verification pending","DISCOVERY ONLY — GPS/ROUTE/STATUS VERIFICATION PENDING","","","390-fort Maharashtra registry","DISCOVERY","","","",""
"MH-F-196","Indragad","","","","","","","","","","","","","","","","","","","","","","","","","","","","","","Sahyadri fort index (secondary discovery source); Government verification pending","DISCOVERY ONLY — GPS/ROUTE/STATUS VERIFICATION PENDING","","","390-fort Maharashtra registry","DISCOVERY","","","",""
"MH-F-197","Indrai (Indragad)","Nashik","Chandwad taluka (Satmal range)","Indraiwadi","20.361333","74.209306","Wikipedia infobox coordinate","SOURCE-BASED; FORT POINT","1369","","","","","","","","","","","","","","","","","","","","VERIFIED_SOURCE_COORDINATE","PENDING","Wikipedia — Indrai fort","FORT GPS VERIFIED (WIKIPEDIA); TREK START/GPX PENDING","2026-09-08","2026-09-08","Phase-2 enrichment (Wikipedia-sourced) — batch dated 2026-09-08","GPS_PRESENT; ROUTE_PENDING","","","",""
"MH-F-198","Indori","","","","","","","","","","","","","","","","","","","","","","","","","","","","","","Sahyadri fort index (secondary discovery source); Government verification pending","DISCOVERY ONLY — GPS/ROUTE/STATUS VERIFICATION PENDING","","","390-fort Maharashtra registry","DISCOVERY","","","",""
"MH-F-199","Jalna","","","","","","","","","","","","","","","","","","","","","","","","","","","","","","Sahyadri fort index (secondary discovery source); Government verification pending","DISCOVERY ONLY — GPS/ROUTE/STATUS VERIFICATION PENDING","","","390-fort Maharashtra registry","DISCOVERY","","","",""
"MH-F-200","Jallalkheda","","","","","","","","","","","","","","","","","","","","","","","","","","","","","","Sahyadri fort index (secondary discovery source); Government verification pending","DISCOVERY ONLY — GPS/ROUTE/STATUS VERIFICATION PENDING","","","390-fort Maharashtra registry","DISCOVERY","","","",""
"MH-F-201","Jamba","","","","","","","","","","","","","","","","","","","","","","","","","","","","","","Sahyadri fort index (secondary discovery source); Government verification pending","DISCOVERY ONLY — GPS/ROUTE/STATUS VERIFICATION PENDING","","","390-fort Maharashtra registry","DISCOVERY","","","",""
"MH-F-202","Jamgaum","","","","","","","","","","","","","","","","","","","","","","","","","","","","","","Sahyadri fort index (secondary discovery source); Government verification pending","DISCOVERY ONLY — GPS/ROUTE/STATUS VERIFICATION PENDING","","","390-fort Maharashtra registry","DISCOVERY","","","",""
"MH-F-203","Jamner","","","","","","","","","","","","","","","","","","","","","","","","","","","","","","Sahyadri fort index (secondary discovery source); Government verification pending","DISCOVERY ONLY — GPS/ROUTE/STATUS VERIFICATION PENDING","","","390-fort Maharashtra registry","DISCOVERY","","","",""
"MH-F-204","Jangli Jaygad","Satara","Patan taluka (Koyna sanctuary)","Nawja","17.453556","73.693778","Wikipedia infobox coordinate","SOURCE-BASED; FORT POINT","965","","","","","","","","","","","","","","","","","","","","VERIFIED_SOURCE_COORDINATE","PENDING","Wikipedia — Jangali Jayagad","FORT GPS VERIFIED (WIKIPEDIA); TREK START/GPX PENDING","2026-09-08","2026-09-08","Phase-2 enrichment (Wikipedia-sourced) — batch dated 2026-09-08","GPS_PRESENT; ROUTE_PENDING","","","",""
"MH-F-205","Javlya","","","","","","","","","","","","","","","","","","","","","","","","","","","","","","Sahyadri fort index (secondary discovery source); Government verification pending","DISCOVERY ONLY — GPS/ROUTE/STATUS VERIFICATION PENDING","","","390-fort Maharashtra registry","DISCOVERY","","","",""
"MH-F-206","Jivdhan","Pune","Naneghat / Junnar taluka","Ghatghar","19.2774432","73.6867189","Wikipedia infobox coordinate","SOURCE-BASED; FORT POINT","1144","","","","","","","","","","","","","","","","","","","","VERIFIED_SOURCE_COORDINATE","PENDING","Wikipedia — Jivdhan","FORT GPS VERIFIED (WIKIPEDIA); TREK START/GPX PENDING","2026-09-08","2026-09-08","Phase-2 enrichment (Wikipedia-sourced) — batch dated 2026-09-08","GPS_PRESENT; ROUTE_PENDING","","","",""
"MH-F-207","Jintur","","","","","","","","","","","","","","","","","","","","","","","","","","","","","","Sahyadri fort index (secondary discovery source); Government verification pending","DISCOVERY ONLY — GPS/ROUTE/STATUS VERIFICATION PENDING","","","390-fort Maharashtra registry","DISCOVERY","","","",""
"MH-F-208","Junnar","","","","","","","","","","","","","","","","","","","","","","","","","","","","","","Sahyadri fort index (secondary discovery source); Government verification pending","DISCOVERY ONLY — GPS/ROUTE/STATUS VERIFICATION PENDING","","","390-fort Maharashtra registry","DISCOVERY","","","",""
"MH-F-209","Juna Panhala","","","","","","","","","","","","","","","","","","","","","","","","","","","","","","Sahyadri fort index (secondary discovery source); Government verification pending","DISCOVERY ONLY — GPS/ROUTE/STATUS VERIFICATION PENDING","","","390-fort Maharashtra registry","DISCOVERY","","","",""
"MH-F-210","Kachan","","","","","","","","","","","","","","","","","","","","","","","","","","","","","","Sahyadri fort index (secondary discovery source); Government verification pending","DISCOVERY ONLY — GPS/ROUTE/STATUS VERIFICATION PENDING","","","390-fort Maharashtra registry","DISCOVERY","","","",""
"MH-F-211","Kada","","","","","","","","","","","","","","","","","","","","","","","","","","","","","","Sahyadri fort index (secondary discovery source); Government verification pending","DISCOVERY ONLY — GPS/ROUTE/STATUS VERIFICATION PENDING","","","390-fort Maharashtra registry","DISCOVERY","","","",""
"MH-F-212","Kagal","","","","","","","","","","","","","","","","","","","","","","","","","","","","","","Sahyadri fort index (secondary discovery source); Government verification pending","DISCOVERY ONLY — GPS/ROUTE/STATUS VERIFICATION PENDING","","","390-fort Maharashtra registry","DISCOVERY","","","",""
"MH-F-213","Kailashgad","","","","","","","","","","","","","","","","","","","","","","","","","","","","","","Sahyadri fort index (secondary discovery source); Government verification pending","DISCOVERY ONLY — GPS/ROUTE/STATUS VERIFICATION PENDING","","","390-fort Maharashtra registry","DISCOVERY","","","",""
"MH-F-214","Kajagad (Lokhandi Killa)","","","","","","","","","","","","","","","","","","","","","","","","","","","","","","Sahyadri fort index (secondary discovery source); Government verification pending","DISCOVERY ONLY — GPS/ROUTE/STATUS VERIFICATION PENDING","","","390-fort Maharashtra registry","DISCOVERY","","","",""
"MH-F-215","Kaldurg","Palghar","east of Palghar","Kaldurg village","19.691306","72.817","Wikipedia infobox coordinate","SOURCE-BASED; FORT POINT","145","","","","","","","","","","","","","","","","","","","","VERIFIED_SOURCE_COORDINATE","PENDING","Wikipedia — Kaldurg Fort","FORT GPS VERIFIED (WIKIPEDIA); TREK START/GPX PENDING","2026-09-08","2026-09-08","Phase-2 enrichment (Wikipedia-sourced) — batch dated 2026-09-08","GPS_PRESENT; ROUTE_PENDING","","","",""
"MH-F-216","Kalam (Kalamb/Kolambi)","","","","","","","","","","","","","","","","","","","","","","","","","","","","","","Sahyadri fort index (secondary discovery source); Government verification pending","DISCOVERY ONLY — GPS/ROUTE/STATUS VERIFICATION PENDING","","","390-fort Maharashtra registry","DISCOVERY","","","",""
"MH-F-217","Kalanidhigad","","","","","","","","","","","","","","","","","","","","","","","","","","","","","","Sahyadri fort index (secondary discovery source); Government verification pending","DISCOVERY ONLY — GPS/ROUTE/STATUS VERIFICATION PENDING","","","390-fort Maharashtra registry","DISCOVERY","","","",""
"MH-F-218","Kalyan (Durgadi)","","","","","","","","","","","","","","","","","","","","","","","","","","","","","","Sahyadri fort index (secondary discovery source); Government verification pending","DISCOVERY ONLY — GPS/ROUTE/STATUS VERIFICATION PENDING","","","390-fort Maharashtra registry","DISCOVERY","","","",""
"MH-F-219","Kamalgad","Satara","near Wai","Bhelanja area","17.967278","73.745194","Wikipedia infobox coordinate","SOURCE-BASED; FORT POINT","1375","","","","","","","","","","","","","","","","","","","","VERIFIED_SOURCE_COORDINATE","PENDING","Wikipedia — Kamalgad","FORT GPS VERIFIED (WIKIPEDIA); TREK START/GPX PENDING","2026-09-08","2026-09-08","Phase-2 enrichment (Wikipedia-sourced) — batch dated 2026-09-08","GPS_PRESENT; ROUTE_PENDING","","","",""
"MH-F-220","Kamandurg","","","","","","","","","","","","","","","","","","","","","","","","","","","","","","Sahyadri fort index (secondary discovery source); Government verification pending","DISCOVERY ONLY — GPS/ROUTE/STATUS VERIFICATION PENDING","","","390-fort Maharashtra registry","DISCOVERY","","","",""
"MH-F-221","Kamsagad (Padamdurg)","","","","","","","","","","","","","","","","","","","","","","","","","","","","","","Sahyadri fort index (secondary discovery source); Government verification pending","DISCOVERY ONLY — GPS/ROUTE/STATUS VERIFICATION PENDING","","","390-fort Maharashtra registry","DISCOVERY","","","",""
"MH-F-222","Kamtekot","","","","","","","","","","","","","","","","","","","","","","","","","","","","","","Sahyadri fort index (secondary discovery source); Government verification pending","DISCOVERY ONLY — GPS/ROUTE/STATUS VERIFICATION PENDING","","","390-fort Maharashtra registry","DISCOVERY","","","",""
"MH-F-223","Kamtha","","","","","","","","","","","","","","","","","","","","","","","","","","","","","","Sahyadri fort index (secondary discovery source); Government verification pending","DISCOVERY ONLY — GPS/ROUTE/STATUS VERIFICATION PENDING","","","390-fort Maharashtra registry","DISCOVERY","","","",""
"MH-F-224","Kanchana","","","","","","","","","","","","","","","","","","","","","","","","","","","","","","Sahyadri fort index (secondary discovery source); Government verification pending","DISCOVERY ONLY — GPS/ROUTE/STATUS VERIFICATION PENDING","","","390-fort Maharashtra registry","DISCOVERY","","","",""
"MH-F-225","Kankrala (Kankadi)","","","","","","","","","","","","","","","","","","","","","","","","","","","","","","Sahyadri fort index (secondary discovery source); Government verification pending","DISCOVERY ONLY — GPS/ROUTE/STATUS VERIFICATION PENDING","","","390-fort Maharashtra registry","DISCOVERY","","","",""
"MH-F-226","Kanhergad (Kanhira)","","","","","","","","","","","","","","","","","","","","","","","","","","","","","","Sahyadri fort index (secondary discovery source); Government verification pending","DISCOVERY ONLY — GPS/ROUTE/STATUS VERIFICATION PENDING","","","390-fort Maharashtra registry","DISCOVERY","","","",""
"MH-F-227","Kanheri (Kanhera/Kanherigad)","","","","","","","","","","","","","","","","","","","","","","","","","","","","","","Sahyadri fort index (secondary discovery source); Government verification pending","DISCOVERY ONLY — GPS/ROUTE/STATUS VERIFICATION PENDING","","","390-fort Maharashtra registry","DISCOVERY","","","",""
"MH-F-228","Kankadri (Kantra/Kandas)","","","","","","","","","","","","","","","","","","","","","","","","","","","","","","Sahyadri fort index (secondary discovery source); Government verification pending","DISCOVERY ONLY — GPS/ROUTE/STATUS VERIFICATION PENDING","","","390-fort Maharashtra registry","DISCOVERY","","","",""
"MH-F-229","Kanakdurg","","","","","","","","","","","","","","","","","","","","","","","","","","","","","","Sahyadri fort index (secondary discovery source); Government verification pending","DISCOVERY ONLY — GPS/ROUTE/STATUS VERIFICATION PENDING","","","390-fort Maharashtra registry","DISCOVERY","","","",""
"MH-F-230","Kanvai","Nashik","Igatpuri taluka","Kavnai village","19.773083","73.619389","Wikipedia infobox coordinate","SOURCE-BASED; FORT POINT","","","","","","","","","","","","","","","","","","","","","VERIFIED_SOURCE_COORDINATE","PENDING","Wikipedia — Kavnai fort","FORT GPS VERIFIED (WIKIPEDIA); TREK START/GPX PENDING","2026-09-08","2026-09-08","Phase-2 enrichment (Wikipedia-sourced) — batch dated 2026-09-08","GPS_PRESENT; ROUTE_PENDING","","","",""
"MH-F-231","Kanhera","","","","","","","","","","","","","","","","","","","","","","","","","","","","","","Sahyadri fort index (secondary discovery source); Government verification pending","DISCOVERY ONLY — GPS/ROUTE/STATUS VERIFICATION PENDING","","","390-fort Maharashtra registry","DISCOVERY","","","",""
"MH-F-232","Karad","","","","","","","","","","","","","","","","","","","","","","","","","","","","","","Sahyadri fort index (secondary discovery source); Government verification pending","DISCOVERY ONLY — GPS/ROUTE/STATUS VERIFICATION PENDING","","","390-fort Maharashtra registry","DISCOVERY","","","",""
"MH-F-233","Karanja","","","","","","","","","","","","","","","","","","","","","","","","","","","","","","Sahyadri fort index (secondary discovery source); Government verification pending","DISCOVERY ONLY — GPS/ROUTE/STATUS VERIFICATION PENDING","","","390-fort Maharashtra registry","DISCOVERY","","","",""
"MH-F-234","Karhe","","","","","","","","","","","","","","","","","","","","","","","","","","","","","","Sahyadri fort index (secondary discovery source); Government verification pending","DISCOVERY ONLY — GPS/ROUTE/STATUS VERIFICATION PENDING","","","390-fort Maharashtra registry","DISCOVERY","","","",""
"MH-F-235","Karmala","","","","","","","","","","","","","","","","","","","","","","","","","","","","","","Sahyadri fort index (secondary discovery source); Government verification pending","DISCOVERY ONLY — GPS/ROUTE/STATUS VERIFICATION PENDING","","","390-fort Maharashtra registry","DISCOVERY","","","",""
"MH-F-236","Karanala","Raigad","Karnala Bird Sanctuary (near Panvel)","Karnala village","18.8817","73.1181","Wikipedia infobox coordinate","SOURCE-BASED; FORT POINT","439","","","","","","","","","","","","","","","","","Within Karnala Bird Sanctuary","","","VERIFIED_SOURCE_COORDINATE","PENDING","Wikipedia — Karnala Fort","FORT GPS VERIFIED (WIKIPEDIA); TREK START/GPX PENDING","2026-09-08","2026-09-08","Phase-2 enrichment (Wikipedia-sourced) — batch dated 2026-09-08","GPS_PRESENT; ROUTE_PENDING","","","",""
"MH-F-237","Katol","","","","","","","","","","","","","","","","","","","","","","","","","","","","","","Sahyadri fort index (secondary discovery source); Government verification pending","DISCOVERY ONLY — GPS/ROUTE/STATUS VERIFICATION PENDING","","","390-fort Maharashtra registry","DISCOVERY","","","",""
"MH-F-238","Katragad","","","","","","","","","","","","","","","","","","","","","","","","","","","","","","Sahyadri fort index (secondary discovery source); Government verification pending","DISCOVERY ONLY — GPS/ROUTE/STATUS VERIFICATION PENDING","","","390-fort Maharashtra registry","DISCOVERY","","","",""
"MH-F-239","Kaula Killa","","","","","","","","","","","","","","","","","","","","","","","","","","","","","","Sahyadri fort index (secondary discovery source); Government verification pending","DISCOVERY ONLY — GPS/ROUTE/STATUS VERIFICATION PENDING","","","390-fort Maharashtra registry","DISCOVERY","","","",""
"MH-F-240","Kauthe","","","","","","","","","","","","","","","","","","","","","","","","","","","","","","Sahyadri fort index (secondary discovery source); Government verification pending","DISCOVERY ONLY — GPS/ROUTE/STATUS VERIFICATION PENDING","","","390-fort Maharashtra registry","DISCOVERY","","","",""
"MH-F-241","Kayar","","","","","","","","","","","","","","","","","","","","","","","","","","","","","","Sahyadri fort index (secondary discovery source); Government verification pending","DISCOVERY ONLY — GPS/ROUTE/STATUS VERIFICATION PENDING","","","390-fort Maharashtra registry","DISCOVERY","","","",""
"MH-F-242","Kelapur","","","","","","","","","","","","","","","","","","","","","","","","","","","","","","Sahyadri fort index (secondary discovery source); Government verification pending","DISCOVERY ONLY — GPS/ROUTE/STATUS VERIFICATION PENDING","","","390-fort Maharashtra registry","DISCOVERY","","","",""
"MH-F-243","Kelve","","","","","","","","","","","","","","","","","","","","","","","","","","","","","","Sahyadri fort index (secondary discovery source); Government verification pending","DISCOVERY ONLY — GPS/ROUTE/STATUS VERIFICATION PENDING","","","390-fort Maharashtra registry","DISCOVERY","","","",""
"MH-F-244","Kenjalgad (Kelanja)","Satara","near Wai (Mandhardev spur)","Korle village","18.53583","72.90806","COORDINATE DISCREPANCY — Wikipedia/Wikidata infobox places fort well northwest of its own text description ('near Wai'); flagged, do not publish until field-verified","LOW CONFIDENCE; VERIFICATION REQUIRED","1301","","","","","","","","","","","","","","","","","","","","FLAGGED_DISCREPANCY","PENDING","Wikipedia — Kenjalgad; Wikidata Q24906364","COORDINATE DISCREPANCY; DO NOT PUBLISH UNTIL FIELD-VERIFIED","2026-09-08","2026-09-08","Phase-2 enrichment (Wikipedia-sourced) — batch dated 2026-09-08","GPS_PRESENT; ROUTE_PENDING","","","",""
"MH-F-245","Khanapur","","","","","","","","","","","","","","","","","","","","","","","","","","","","","","Sahyadri fort index (secondary discovery source); Government verification pending","DISCOVERY ONLY — GPS/ROUTE/STATUS VERIFICATION PENDING","","","390-fort Maharashtra registry","DISCOVERY","","","",""
"MH-F-246","Khandaragad","","","","","","","","","","","","","","","","","","","","","","","","","","","","","","Sahyadri fort index (secondary discovery source); Government verification pending","DISCOVERY ONLY — GPS/ROUTE/STATUS VERIFICATION PENDING","","","390-fort Maharashtra registry","DISCOVERY","","","",""
"MH-F-247","Khanderi","Raigad","offshore near Thal/Uran/Alibag","Thal / Uran","18.7042","72.8131","Wikipedia infobox coordinate","SOURCE-BASED; FORT POINT","","","","","","","","","","","","","","","","","","UNESCO World Heritage Site (Maratha Military Landscapes); controlled by Indian Navy","","","VERIFIED_SOURCE_COORDINATE","PENDING","Wikipedia — Khanderi","FORT GPS VERIFIED (WIKIPEDIA); TREK START/GPX PENDING","2026-09-08","2026-09-08","Phase-2 enrichment (Wikipedia-sourced) — batch dated 2026-09-08","GPS_PRESENT; ROUTE_PENDING","","","",""
"MH-F-248","Khare Patan","","","","","","","","","","","","","","","","","","","","","","","","","","","","","","Sahyadri fort index (secondary discovery source); Government verification pending","DISCOVERY ONLY — GPS/ROUTE/STATUS VERIFICATION PENDING","","","390-fort Maharashtra registry","DISCOVERY","","","",""
"MH-F-249","Khatgad","","","","","","","","","","","","","","","","","","","","","","","","","","","","","","Sahyadri fort index (secondary discovery source); Government verification pending","DISCOVERY ONLY — GPS/ROUTE/STATUS VERIFICATION PENDING","","","390-fort Maharashtra registry","DISCOVERY","","","",""
"MH-F-250","Khatoda","","","","","","","","","","","","","","","","","","","","","","","","","","","","","","Sahyadri fort index (secondary discovery source); Government verification pending","DISCOVERY ONLY — GPS/ROUTE/STATUS VERIFICATION PENDING","","","390-fort Maharashtra registry","DISCOVERY","","","",""
"MH-F-251","Khubladha (Thal)","","","","","","","","","","","","","","","","","","","","","","","","","","","","","","Sahyadri fort index (secondary discovery source); Government verification pending","DISCOVERY ONLY — GPS/ROUTE/STATUS VERIFICATION PENDING","","","390-fort Maharashtra registry","DISCOVERY","","","",""
"MH-F-252","Khatale (Pethkodhala)","","","","","","","","","","","","","","","","","","","","","","","","","","","","","","Sahyadri fort index (secondary discovery source); Government verification pending","DISCOVERY ONLY — GPS/ROUTE/STATUS VERIFICATION PENDING","","","390-fort Maharashtra registry","DISCOVERY","","","",""
"MH-F-253","Kittal","","","","","","","","","","","","","","","","","","","","","","","","","","","","","","Sahyadri fort index (secondary discovery source); Government verification pending","DISCOVERY ONLY — GPS/ROUTE/STATUS VERIFICATION PENDING","","","390-fort Maharashtra registry","DISCOVERY","","","",""
"MH-F-254","Kohaj (Komj/Konagad)","Palghar","near Manor","Vaghote village","19.670032","72.98751","Wikipedia infobox coordinate","SOURCE-BASED; FORT POINT","610","","","","","","","","","","","","","","","","","","","","VERIFIED_SOURCE_COORDINATE","PENDING","Wikipedia — Kohoj","FORT GPS VERIFIED (WIKIPEDIA); TREK START/GPX PENDING","2026-09-08","2026-09-08","Phase-2 enrichment (Wikipedia-sourced) — batch dated 2026-09-08","GPS_PRESENT; ROUTE_PENDING","","","",""
"MH-F-255","Kokan Diva","","","","","","","","","","","","","","","","","","","","","","","","","","","","","","Sahyadri fort index (secondary discovery source); Government verification pending","DISCOVERY ONLY — GPS/ROUTE/STATUS VERIFICATION PENDING","","","390-fort Maharashtra registry","DISCOVERY","","","",""
"MH-F-256","Koldher (Kolther)","","","","","","","","","","","","","","","","","","","","","","","","","","","","","","Sahyadri fort index (secondary discovery source); Government verification pending","DISCOVERY ONLY — GPS/ROUTE/STATUS VERIFICATION PENDING","","","390-fort Maharashtra registry","DISCOVERY","","","",""
"MH-F-257","Kole (Kale/Koldurg)","","","","","","","","","","","","","","","","","","","","","","","","","","","","","","Sahyadri fort index (secondary discovery source); Government verification pending","DISCOVERY ONLY — GPS/ROUTE/STATUS VERIFICATION PENDING","","","390-fort Maharashtra registry","DISCOVERY","","","",""
"MH-F-258","Koparli (Ranala)","","","","","","","","","","","","","","","","","","","","","","","","","","","","","","Sahyadri fort index (secondary discovery source); Government verification pending","DISCOVERY ONLY — GPS/ROUTE/STATUS VERIFICATION PENDING","","","390-fort Maharashtra registry","DISCOVERY","","","",""
"MH-F-259","Korlai","","","","","","","","","","","","","","","","","","","","","","","","","","","","","","Sahyadri fort index (secondary discovery source); Government verification pending","DISCOVERY ONLY — GPS/ROUTE/STATUS VERIFICATION PENDING","","","390-fort Maharashtra registry","DISCOVERY","","","",""
"MH-F-260","Kothilgad (Peth)","","","","","","","","","","","","","","","","","","","","","","","","","","","","","","Sahyadri fort index (secondary discovery source); Government verification pending","DISCOVERY ONLY — GPS/ROUTE/STATUS VERIFICATION PENDING","","","390-fort Maharashtra registry","DISCOVERY","","","",""
"MH-F-261","Kudal","","","","","","","","","","","","","","","","","","","","","","","","","","","","","","Sahyadri fort index (secondary discovery source); Government verification pending","DISCOVERY ONLY — GPS/ROUTE/STATUS VERIFICATION PENDING","","","390-fort Maharashtra registry","DISCOVERY","","","",""
"MH-F-262","Kulaba (Alibag)","Raigad","Alibag beach","Alibag","18.6344","72.8642","Wikipedia infobox coordinate","SOURCE-BASED; FORT POINT","","","","","","","","","","","","","","","","","","","","","VERIFIED_SOURCE_COORDINATE","PENDING","Wikipedia — Kolaba Fort","FORT GPS VERIFIED (WIKIPEDIA); TREK START/GPX PENDING","2026-09-08","2026-09-08","Phase-2 enrichment (Wikipedia-sourced) — batch dated 2026-09-08","GPS_PRESENT; ROUTE_PENDING","","","",""
"MH-F-263","Kulang (Chota Kulang)","","","","","","","","","","","","","","","","","","","","","","","","","","","","","","Sahyadri fort index (secondary discovery source); Government verification pending","DISCOVERY ONLY — GPS/ROUTE/STATUS VERIFICATION PENDING","","","390-fort Maharashtra registry","DISCOVERY","","","",""
"MH-F-264","Kumwarigad (Koraigad)","","","","","","","","","","","","","","","","","","","","","","","","","","","","","","Sahyadri fort index (secondary discovery source); Government verification pending","DISCOVERY ONLY — GPS/ROUTE/STATUS VERIFICATION PENDING","","","390-fort Maharashtra registry","DISCOVERY","","","",""
"MH-F-265","Kunjalgad","","","","","","","","","","","","","","","","","","","","","","","","","","","","","","Sahyadri fort index (secondary discovery source); Government verification pending","DISCOVERY ONLY — GPS/ROUTE/STATUS VERIFICATION PENDING","","","390-fort Maharashtra registry","DISCOVERY","","","",""
"MH-F-266","Kurdugad (Vitangad/Bishramgad)","Raigad","near Mangaon","Jite / Dhamanwal","18.365222","73.405917","Wikipedia infobox coordinate","SOURCE-BASED; FORT POINT","620","","","","","","","","","","","","","","","","","","","","VERIFIED_SOURCE_COORDINATE","PENDING","Wikipedia — Kurdugad","FORT GPS VERIFIED (WIKIPEDIA); TREK START/GPX PENDING","2026-09-08","2026-09-08","Phase-2 enrichment (Wikipedia-sourced) — batch dated 2026-09-08","GPS_PRESENT; ROUTE_PENDING","","","",""
"MH-F-267","Lasalgaum","","","","","","","","","","","","","","","","","","","","","","","","","","","","","","Sahyadri fort index (secondary discovery source); Government verification pending","DISCOVERY ONLY — GPS/ROUTE/STATUS VERIFICATION PENDING","","","390-fort Maharashtra registry","DISCOVERY","","","",""
"MH-F-268","Lasur","","","","","","","","","","","","","","","","","","","","","","","","","","","","","","Sahyadri fort index (secondary discovery source); Government verification pending","DISCOVERY ONLY — GPS/ROUTE/STATUS VERIFICATION PENDING","","","390-fort Maharashtra registry","DISCOVERY","","","",""
"MH-F-269","Lingana","","","","","","","","","","","","","","","","","","","","","","","","","","","","","","Sahyadri fort index (secondary discovery source); Government verification pending","DISCOVERY ONLY — GPS/ROUTE/STATUS VERIFICATION PENDING","","","390-fort Maharashtra registry","DISCOVERY","","","",""
"MH-F-270","Loni Bhapkar","","","","","","","","","","","","","","","","","","","","","","","","","","","","","","Sahyadri fort index (secondary discovery source); Government verification pending","DISCOVERY ONLY — GPS/ROUTE/STATUS VERIFICATION PENDING","","","390-fort Maharashtra registry","DISCOVERY","","","",""
"MH-F-271","Machal","","","","","","","","","","","","","","","","","","","","","","","","","","","","","","Sahyadri fort index (secondary discovery source); Government verification pending","DISCOVERY ONLY — GPS/ROUTE/STATUS VERIFICATION PENDING","","","390-fort Maharashtra registry","DISCOVERY","","","",""
"MH-F-272","Machindragad","","","","","","","","","","","","","","","","","","","","","","","","","","","","","","Sahyadri fort index (secondary discovery source); Government verification pending","DISCOVERY ONLY — GPS/ROUTE/STATUS VERIFICATION PENDING","","","390-fort Maharashtra registry","DISCOVERY","","","",""
"MH-F-273","Madangad","","","","","","","","","","","","","","","","","","","","","","","","","","","","","","Sahyadri fort index (secondary discovery source); Government verification pending","DISCOVERY ONLY — GPS/ROUTE/STATUS VERIFICATION PENDING","","","390-fort Maharashtra registry","DISCOVERY","","","",""
"MH-F-274","Madgad","","","","","","","","","","","","","","","","","","","","","","","","","","","","","","Sahyadri fort index (secondary discovery source); Government verification pending","DISCOVERY ONLY — GPS/ROUTE/STATUS VERIFICATION PENDING","","","390-fort Maharashtra registry","DISCOVERY","","","",""
"MH-F-275","Madha","","","","","","","","","","","","","","","","","","","","","","","","","","","","","","Sahyadri fort index (secondary discovery source); Government verification pending","DISCOVERY ONLY — GPS/ROUTE/STATUS VERIFICATION PENDING","","","390-fort Maharashtra registry","DISCOVERY","","","",""
"MH-F-276","Madhala Buruz","","","","","","","","","","","","","","","","","","","","","","","","","","","","","","Sahyadri fort index (secondary discovery source); Government verification pending","DISCOVERY ONLY — GPS/ROUTE/STATUS VERIFICATION PENDING","","","390-fort Maharashtra registry","DISCOVERY","","","",""
"MH-F-277","Mahadevgad","","","","","","","","","","","","","","","","","","","","","","","","","","","","","","Sahyadri fort index (secondary discovery source); Government verification pending","DISCOVERY ONLY — GPS/ROUTE/STATUS VERIFICATION PENDING","","","390-fort Maharashtra registry","DISCOVERY","","","",""
"MH-F-278","Mahim","","","","","","","","","","","","","","","","","","","","","","","","","","","","","","Sahyadri fort index (secondary discovery source); Government verification pending","DISCOVERY ONLY — GPS/ROUTE/STATUS VERIFICATION PENDING","","","390-fort Maharashtra registry","DISCOVERY","","","",""
"MH-F-279","Mahimangad","","","","","","","","","","","","","","","","","","","","","","","","","","","","","","Sahyadri fort index (secondary discovery source); Government verification pending","DISCOVERY ONLY — GPS/ROUTE/STATUS VERIFICATION PENDING","","","390-fort Maharashtra registry","DISCOVERY","","","",""
"MH-F-280","Mahipalgad","","","","","","","","","","","","","","","","","","","","","","","","","","","","","","Sahyadri fort index (secondary discovery source); Government verification pending","DISCOVERY ONLY — GPS/ROUTE/STATUS VERIFICATION PENDING","","","390-fort Maharashtra registry","DISCOVERY","","","",""
"MH-F-281","Mahipatgad","Ratnagiri","near Khed","Beldarwadi","17.838917","73.498722","Wikipedia infobox coordinate","SOURCE-BASED; FORT POINT","1064","","","","","","","","","","","","","","","","","","","","VERIFIED_SOURCE_COORDINATE","PENDING","Wikipedia — Mahipatgad","FORT GPS VERIFIED (WIKIPEDIA); TREK START/GPX PENDING","2026-09-08","2026-09-08","Phase-2 enrichment (Wikipedia-sourced) — batch dated 2026-09-08","GPS_PRESENT; ROUTE_PENDING","","","",""
"MH-F-282","Makarandgad","","","","","","","","","","","","","","","","","","","","","","","","","","","","","","Sahyadri fort index (secondary discovery source); Government verification pending","DISCOVERY ONLY — GPS/ROUTE/STATUS VERIFICATION PENDING","","","390-fort Maharashtra registry","DISCOVERY","","","",""
"MH-F-283","Mahuli","","","","","","","","","","","","","","","","","","","","","","","","","","","","","","Sahyadri fort index (secondary discovery source); Government verification pending","DISCOVERY ONLY — GPS/ROUTE/STATUS VERIFICATION PENDING","","","390-fort Maharashtra registry","DISCOVERY","","","",""
"MH-F-284","Malkapur","","","","","","","","","","","","","","","","","","","","","","","","","","","","","","Sahyadri fort index (secondary discovery source); Government verification pending","DISCOVERY ONLY — GPS/ROUTE/STATUS VERIFICATION PENDING","","","390-fort Maharashtra registry","DISCOVERY","","","",""
"MH-F-285","Malanggad","Thane","Matheran Hill Range (near Kalyan)","Malangwadi","19.110056","73.178194","Wikipedia infobox coordinate","SOURCE-BASED; FORT POINT","975","","","","","","","","","","","","","","","","","","","","VERIFIED_SOURCE_COORDINATE","PENDING","Wikipedia — Malanggad","FORT GPS VERIFIED (WIKIPEDIA); TREK START/GPX PENDING","2026-09-08","2026-09-08","Phase-2 enrichment (Wikipedia-sourced) — batch dated 2026-09-08","GPS_PRESENT; ROUTE_PENDING","","","",""
"MH-F-286","Malavdi","","","","","","","","","","","","","","","","","","","","","","","","","","","","","","Sahyadri fort index (secondary discovery source); Government verification pending","DISCOVERY ONLY — GPS/ROUTE/STATUS VERIFICATION PENDING","","","390-fort Maharashtra registry","DISCOVERY","","","",""
"MH-F-287","Malegaum","","","","","","","","","","","","","","","","","","","","","","","","","","","","","","Sahyadri fort index (secondary discovery source); Government verification pending","DISCOVERY ONLY — GPS/ROUTE/STATUS VERIFICATION PENDING","","","390-fort Maharashtra registry","DISCOVERY","","","",""
"MH-F-288","Malhargad (Soneri)","","","","","","","","","","","","","","","","","","","","","","","","","","","","","","Sahyadri fort index (secondary discovery source); Government verification pending","DISCOVERY ONLY — GPS/ROUTE/STATUS VERIFICATION PENDING","","","390-fort Maharashtra registry","DISCOVERY","","","",""
"MH-F-289","Manaranjan (Rajamachi)","Pune","Rajmachi (Manaranjan balekilla)","Udhewadi","18.825799","73.395527","Wikipedia infobox coordinate is for the Rajmachi complex as a whole; Manaranjan's own peak coordinate not separately isolated — treat as approximate","SOURCE-BASED; FORT POINT","","","","","","","","","","","","","","","","","","Protected Monument","","","VERIFIED_SOURCE_COORDINATE","PENDING","Wikipedia — Rajmachi","FORT GPS VERIFIED (WIKIPEDIA); TREK START/GPX PENDING","2026-09-08","2026-09-08","Phase-2 enrichment (Wikipedia-sourced) — batch dated 2026-09-08","GPS_PRESENT; ROUTE_PENDING","","","",""
"MH-F-290","Manasantoshgad","","","","","","","","","","","","","","","","","","","","","","","","","","","","","","Sahyadri fort index (secondary discovery source); Government verification pending","DISCOVERY ONLY — GPS/ROUTE/STATUS VERIFICATION PENDING","","","390-fort Maharashtra registry","DISCOVERY","","","",""
"MH-F-291","Manchur","","","","","","","","","","","","","","","","","","","","","","","","","","","","","","Sahyadri fort index (secondary discovery source); Government verification pending","DISCOVERY ONLY — GPS/ROUTE/STATUS VERIFICATION PENDING","","","390-fort Maharashtra registry","DISCOVERY","","","",""
"MH-F-292","Mandangad","","","","","","","","","","","","","","","","","","","","","","","","","","","","","","Sahyadri fort index (secondary discovery source); Government verification pending","DISCOVERY ONLY — GPS/ROUTE/STATUS VERIFICATION PENDING","","","390-fort Maharashtra registry","DISCOVERY","","","",""
"MH-F-293","Mangad (Mastiwade/Vinsai)","Raigad","near Mangaon","Borwadi","18.312028","73.35111","Wikipedia infobox coordinate","SOURCE-BASED; FORT POINT","234","","","","","","","","","","","","","","","","","","","","VERIFIED_SOURCE_COORDINATE","PENDING","Wikipedia — Mangad Fort","FORT GPS VERIFIED (WIKIPEDIA); TREK START/GPX PENDING","2026-09-08","2026-09-08","Phase-2 enrichment (Wikipedia-sourced) — batch dated 2026-09-08","GPS_PRESENT; ROUTE_PENDING","","","",""
"MH-F-294","Mangalgad","Raigad","near Mahad","Dudhanewadi","18.051528","73.579361","Wikipedia infobox coordinate","SOURCE-BASED; FORT POINT","749","","","","","","","","","","","","","","","","","","","","VERIFIED_SOURCE_COORDINATE","PENDING","Wikipedia — Mangalgad","FORT GPS VERIFIED (WIKIPEDIA); TREK START/GPX PENDING","2026-09-08","2026-09-08","Phase-2 enrichment (Wikipedia-sourced) — batch dated 2026-09-08","GPS_PRESENT; ROUTE_PENDING","","","",""
"MH-F-295","Mangalvedha","","","","","","","","","","","","","","","","","","","","","","","","","","","","","","Sahyadri fort index (secondary discovery source); Government verification pending","DISCOVERY ONLY — GPS/ROUTE/STATUS VERIFICATION PENDING","","","390-fort Maharashtra registry","DISCOVERY","","","",""
"MH-F-296","Mangi","","","","","","","","","","","","","","","","","","","","","","","","","","","","","","Sahyadri fort index (secondary discovery source); Government verification pending","DISCOVERY ONLY — GPS/ROUTE/STATUS VERIFICATION PENDING","","","390-fort Maharashtra registry","DISCOVERY","","","",""
"MH-F-297","Manikpunj","","","","","","","","","","","","","","","","","","","","","","","","","","","","","","Sahyadri fort index (secondary discovery source); Government verification pending","DISCOVERY ONLY — GPS/ROUTE/STATUS VERIFICATION PENDING","","","390-fort Maharashtra registry","DISCOVERY","","","",""
"MH-F-298","Manohargad","","","","","","","","","","","","","","","","","","","","","","","","","","","","","","Sahyadri fort index (secondary discovery source); Government verification pending","DISCOVERY ONLY — GPS/ROUTE/STATUS VERIFICATION PENDING","","","390-fort Maharashtra registry","DISCOVERY","","","",""
"MH-F-299","Manor","","","","","","","","","","","","","","","","","","","","","","","","","","","","","","Sahyadri fort index (secondary discovery source); Government verification pending","DISCOVERY ONLY — GPS/ROUTE/STATUS VERIFICATION PENDING","","","390-fort Maharashtra registry","DISCOVERY","","","",""
"MH-F-300","Markandya (Mayurkhandi)","","","","","","","","","","","","","","","","","","","","","","","","","","","","","","Sahyadri fort index (secondary discovery source); Government verification pending","DISCOVERY ONLY — GPS/ROUTE/STATUS VERIFICATION PENDING","","","390-fort Maharashtra registry","DISCOVERY","","","",""
"MH-F-301","Masur","","","","","","","","","","","","","","","","","","","","","","","","","","","","","","Sahyadri fort index (secondary discovery source); Government verification pending","DISCOVERY ONLY — GPS/ROUTE/STATUS VERIFICATION PENDING","","","390-fort Maharashtra registry","DISCOVERY","","","",""
"MH-F-302","Mathane","","","","","","","","","","","","","","","","","","","","","","","","","","","","","","Sahyadri fort index (secondary discovery source); Government verification pending","DISCOVERY ONLY — GPS/ROUTE/STATUS VERIFICATION PENDING","","","390-fort Maharashtra registry","DISCOVERY","","","",""
"MH-F-303","Mathan (Malchan)","","","","","","","","","","","","","","","","","","","","","","","","","","","","","","Sahyadri fort index (secondary discovery source); Government verification pending","DISCOVERY ONLY — GPS/ROUTE/STATUS VERIFICATION PENDING","","","390-fort Maharashtra registry","DISCOVERY","","","",""
"MH-F-304","Mazgaum","","","","","","","","","","","","","","","","","","","","","","","","","","","","","","Sahyadri fort index (secondary discovery source); Government verification pending","DISCOVERY ONLY — GPS/ROUTE/STATUS VERIFICATION PENDING","","","390-fort Maharashtra registry","DISCOVERY","","","",""
"MH-F-305","Medad","","","","","","","","","","","","","","","","","","","","","","","","","","","","","","Sahyadri fort index (secondary discovery source); Government verification pending","DISCOVERY ONLY — GPS/ROUTE/STATUS VERIFICATION PENDING","","","390-fort Maharashtra registry","DISCOVERY","","","",""
"MH-F-306","Mesna","","","","","","","","","","","","","","","","","","","","","","","","","","","","","","Sahyadri fort index (secondary discovery source); Government verification pending","DISCOVERY ONLY — GPS/ROUTE/STATUS VERIFICATION PENDING","","","390-fort Maharashtra registry","DISCOVERY","","","",""
"MH-F-307","Miraj (Murtazabad)","","","","","","","","","","","","","","","","","","","","","","","","","","","","","","Sahyadri fort index (secondary discovery source); Government verification pending","DISCOVERY ONLY — GPS/ROUTE/STATUS VERIFICATION PENDING","","","390-fort Maharashtra registry","DISCOVERY","","","",""
"MH-F-308","Mohangad (Jasalodgad)","","","","","","","","","","","","","","","","","","","","","","","","","","","","","","Sahyadri fort index (secondary discovery source); Government verification pending","DISCOVERY ONLY — GPS/ROUTE/STATUS VERIFICATION PENDING","","","390-fort Maharashtra registry","DISCOVERY","","","",""
"MH-F-309","Mohol","","","","","","","","","","","","","","","","","","","","","","","","","","","","","","Sahyadri fort index (secondary discovery source); Government verification pending","DISCOVERY ONLY — GPS/ROUTE/STATUS VERIFICATION PENDING","","","390-fort Maharashtra registry","DISCOVERY","","","",""
"MH-F-310","Moragad","","","","","","","","","","","","","","","","","","","","","","","","","","","","","","Sahyadri fort index (secondary discovery source); Government verification pending","DISCOVERY ONLY — GPS/ROUTE/STATUS VERIFICATION PENDING","","","390-fort Maharashtra registry","DISCOVERY","","","",""
"MH-F-311","Murtazapur","","","","","","","","","","","","","","","","","","","","","","","","","","","","","","Sahyadri fort index (secondary discovery source); Government verification pending","DISCOVERY ONLY — GPS/ROUTE/STATUS VERIFICATION PENDING","","","390-fort Maharashtra registry","DISCOVERY","","","",""
"MH-F-312","Nanded","","","","","","","","","","","","","","","","","","","","","","","","","","","","","","Sahyadri fort index (secondary discovery source); Government verification pending","DISCOVERY ONLY — GPS/ROUTE/STATUS VERIFICATION PENDING","","","390-fort Maharashtra registry","DISCOVERY","","","",""
"MH-F-313","Nandgiri (Kalyangad)","Satara","Koregaon taluka","Dhumalvadi","17.7784416","74.1264734","Wikipedia infobox coordinate","SOURCE-BASED; FORT POINT","1078","","","","","","","","","","","","","","","","","","","","VERIFIED_SOURCE_COORDINATE","PENDING","Wikipedia — Kalyangad","FORT GPS VERIFIED (WIKIPEDIA); TREK START/GPX PENDING","2026-09-08","2026-09-08","Phase-2 enrichment (Wikipedia-sourced) — batch dated 2026-09-08","GPS_PRESENT; ROUTE_PENDING","","","",""
"MH-F-314","Nandos","","","","","","","","","","","","","","","","","","","","","","","","","","","","","","Sahyadri fort index (secondary discovery source); Government verification pending","DISCOVERY ONLY — GPS/ROUTE/STATUS VERIFICATION PENDING","","","390-fort Maharashtra registry","DISCOVERY","","","",""
"MH-F-315","Nandurbar","","","","","","","","","","","","","","","","","","","","","","","","","","","","","","Sahyadri fort index (secondary discovery source); Government verification pending","DISCOVERY ONLY — GPS/ROUTE/STATUS VERIFICATION PENDING","","","390-fort Maharashtra registry","DISCOVERY","","","",""
"MH-F-316","Narkher","","","","","","","","","","","","","","","","","","","","","","","","","","","","","","Sahyadri fort index (secondary discovery source); Government verification pending","DISCOVERY ONLY — GPS/ROUTE/STATUS VERIFICATION PENDING","","","390-fort Maharashtra registry","DISCOVERY","","","",""
"MH-F-317","Nashratpur","","","","","","","","","","","","","","","","","","","","","","","","","","","","","","Sahyadri fort index (secondary discovery source); Government verification pending","DISCOVERY ONLY — GPS/ROUTE/STATUS VERIFICATION PENDING","","","390-fort Maharashtra registry","DISCOVERY","","","",""
"MH-F-318","Nhavi Killa (Ratangad)","Ahilyanagar","Ratanwadi (Bhandardara)","Ratanwadi","19.5","73.69","Wikipedia infobox coordinate (rounded)","SOURCE-BASED; FORT POINT","1297","","","","","","","","","","","","","","","","","","","","VERIFIED_SOURCE_COORDINATE","PENDING","Wikipedia — Ratangad","FORT GPS VERIFIED (WIKIPEDIA); TREK START/GPX PENDING","2026-09-08","2026-09-08","Phase-2 enrichment (Wikipedia-sourced) — batch dated 2026-09-08","GPS_PRESENT; ROUTE_PENDING","","","",""
"MH-F-319","Nivati","","","","","","","","","","","","","","","","","","","","","","","","","","","","","","Sahyadri fort index (secondary discovery source); Government verification pending","DISCOVERY ONLY — GPS/ROUTE/STATUS VERIFICATION PENDING","","","390-fort Maharashtra registry","DISCOVERY","","","",""
"MH-F-320","Nimgiri","","","","","","","","","","","","","","","","","","","","","","","","","","","","","","Sahyadri fort index (secondary discovery source); Government verification pending","DISCOVERY ONLY — GPS/ROUTE/STATUS VERIFICATION PENDING","","","390-fort Maharashtra registry","DISCOVERY","","","",""
"MH-F-321","Pabar","Nashik","Igatpuri–Bhandardara road","Guhire","19.482361","73.752833","Wikipedia infobox coordinate","SOURCE-BASED; FORT POINT","1350","","","","","","","","","","","","","","","","","","","","VERIFIED_SOURCE_COORDINATE","PENDING","Wikipedia — Pabargad","FORT GPS VERIFIED (WIKIPEDIA); TREK START/GPX PENDING","2026-09-08","2026-09-08","Phase-2 enrichment (Wikipedia-sourced) — batch dated 2026-09-08","GPS_PRESENT; ROUTE_PENDING","","","",""
"MH-F-322","Padar","","","","","","","","","","","","","","","","","","","","","","","","","","","","","","Sahyadri fort index (secondary discovery source); Government verification pending","DISCOVERY ONLY — GPS/ROUTE/STATUS VERIFICATION PENDING","","","390-fort Maharashtra registry","DISCOVERY","","","",""
"MH-F-323","Padargad","","","","","","","","","","","","","","","","","","","","","","","","","","","","","","Sahyadri fort index (secondary discovery source); Government verification pending","DISCOVERY ONLY — GPS/ROUTE/STATUS VERIFICATION PENDING","","","390-fort Maharashtra registry","DISCOVERY","","","",""
"MH-F-324","Padamgad (Padmagad/Padmadurg)","","","","","","","","","","","","","","","","","","","","","","","","","","","","","","Sahyadri fort index (secondary discovery source); Government verification pending","DISCOVERY ONLY — GPS/ROUTE/STATUS VERIFICATION PENDING","","","390-fort Maharashtra registry","DISCOVERY","","","",""
"MH-F-325","Pal","","","","","","","","","","","","","","","","","","","","","","","","","","","","","","Sahyadri fort index (secondary discovery source); Government verification pending","DISCOVERY ONLY — GPS/ROUTE/STATUS VERIFICATION PENDING","","","390-fort Maharashtra registry","DISCOVERY","","","",""
"MH-F-326","Palgad","","","","","","","","","","","","","","","","","","","","","","","","","","","","","","Sahyadri fort index (secondary discovery source); Government verification pending","DISCOVERY ONLY — GPS/ROUTE/STATUS VERIFICATION PENDING","","","390-fort Maharashtra registry","DISCOVERY","","","",""
"MH-F-327","Palshi","","","","","","","","","","","","","","","","","","","","","","","","","","","","","","Sahyadri fort index (secondary discovery source); Government verification pending","DISCOVERY ONLY — GPS/ROUTE/STATUS VERIFICATION PENDING","","","390-fort Maharashtra registry","DISCOVERY","","","",""
"MH-F-328","Pan Buruz","","","","","","","","","","","","","","","","","","","","","","","","","","","","","","Sahyadri fort index (secondary discovery source); Government verification pending","DISCOVERY ONLY — GPS/ROUTE/STATUS VERIFICATION PENDING","","","390-fort Maharashtra registry","DISCOVERY","","","",""
"MH-F-329","Pandavgad","Satara","near Wai","Bhoganv","17.997995","73.863635","Wikipedia infobox coordinate","SOURCE-BASED; FORT POINT","1273","","","","","","","","","","","","","","","","","","","","VERIFIED_SOURCE_COORDINATE","PENDING","Wikipedia — Pandavgad","FORT GPS VERIFIED (WIKIPEDIA); TREK START/GPX PENDING","2026-09-08","2026-09-08","Phase-2 enrichment (Wikipedia-sourced) — batch dated 2026-09-08","GPS_PRESENT; ROUTE_PENDING","","","",""
"MH-F-330","Pargad","","","","","","","","","","","","","","","","","","","","","","","","","","","","","","Sahyadri fort index (secondary discovery source); Government verification pending","DISCOVERY ONLY — GPS/ROUTE/STATUS VERIFICATION PENDING","","","390-fort Maharashtra registry","DISCOVERY","","","",""
"MH-F-331","Parkot","","","","","","","","","","","","","","","","","","","","","","","","","","","","","","Sahyadri fort index (secondary discovery source); Government verification pending","DISCOVERY ONLY — GPS/ROUTE/STATUS VERIFICATION PENDING","","","390-fort Maharashtra registry","DISCOVERY","","","",""
"MH-F-332","Parinda","","","","","","","","","","","","","","","","","","","","","","","","","","","","","","Sahyadri fort index (secondary discovery source); Government verification pending","DISCOVERY ONLY — GPS/ROUTE/STATUS VERIFICATION PENDING","","","390-fort Maharashtra registry","DISCOVERY","","","",""
"MH-F-333","Parola","","","","","","","","","","","","","","","","","","","","","","","","","","","","","","Sahyadri fort index (secondary discovery source); Government verification pending","DISCOVERY ONLY — GPS/ROUTE/STATUS VERIFICATION PENDING","","","390-fort Maharashtra registry","DISCOVERY","","","",""
"MH-F-334","Parsik","","","","","","","","","","","","","","","","","","","","","","","","","","","","","","Sahyadri fort index (secondary discovery source); Government verification pending","DISCOVERY ONLY — GPS/ROUTE/STATUS VERIFICATION PENDING","","","390-fort Maharashtra registry","DISCOVERY","","","",""
"MH-F-335","Parwadi","","","","","","","","","","","","","","","","","","","","","","","","","","","","","","Sahyadri fort index (secondary discovery source); Government verification pending","DISCOVERY ONLY — GPS/ROUTE/STATUS VERIFICATION PENDING","","","390-fort Maharashtra registry","DISCOVERY","","","",""
"MH-F-336","Patheri","","","","","","","","","","","","","","","","","","","","","","","","","","","","","","Sahyadri fort index (secondary discovery source); Government verification pending","DISCOVERY ONLY — GPS/ROUTE/STATUS VERIFICATION PENDING","","","390-fort Maharashtra registry","DISCOVERY","","","",""
"MH-F-337","Patta (Vishramgad)","","","","","","","","","","","","","","","","","","","","","","","","","","","","","","Sahyadri fort index (secondary discovery source); Government verification pending","DISCOVERY ONLY — GPS/ROUTE/STATUS VERIFICATION PENDING","","","390-fort Maharashtra registry","DISCOVERY","","","",""
"MH-F-338","Pavangad","","","","","","","","","","","","","","","","","","","","","","","","","","","","","","Sahyadri fort index (secondary discovery source); Government verification pending","DISCOVERY ONLY — GPS/ROUTE/STATUS VERIFICATION PENDING","","","390-fort Maharashtra registry","DISCOVERY","","","",""
"MH-F-339","Peb (Vikatgad)","Raigad","near Neral/Karjat (Matheran range)","Neral","19.028694","73.279056","Wikipedia infobox coordinate","SOURCE-BASED; FORT POINT","640","","","","","","","","","","","","","","","","","","","","VERIFIED_SOURCE_COORDINATE","PENDING","Wikipedia — Vikatgad","FORT GPS VERIFIED (WIKIPEDIA); TREK START/GPX PENDING","2026-09-08","2026-09-08","Phase-2 enrichment (Wikipedia-sourced) — batch dated 2026-09-08","GPS_PRESENT; ROUTE_PENDING","","","",""
"MH-F-340","Pedagaum (Bahadurgad)","","","","","","","","","","","","","","","","","","","","","","","","","","","","","","Sahyadri fort index (secondary discovery source); Government verification pending","DISCOVERY ONLY — GPS/ROUTE/STATUS VERIFICATION PENDING","","","390-fort Maharashtra registry","DISCOVERY","","","",""
"MH-F-341","Pemgiri (Shahagad)","","","","","","","","","","","","","","","","","","","","","","","","","","","","","","Sahyadri fort index (secondary discovery source); Government verification pending","DISCOVERY ONLY — GPS/ROUTE/STATUS VERIFICATION PENDING","","","390-fort Maharashtra registry","DISCOVERY","","","",""
"MH-F-342","Pedka","","","","","","","","","","","","","","","","","","","","","","","","","","","","","","Sahyadri fort index (secondary discovery source); Government verification pending","DISCOVERY ONLY — GPS/ROUTE/STATUS VERIFICATION PENDING","","","390-fort Maharashtra registry","DISCOVERY","","","",""
"MH-F-343","Phardapur","","","","","","","","","","","","","","","","","","","","","","","","","","","","","","Sahyadri fort index (secondary discovery source); Government verification pending","DISCOVERY ONLY — GPS/ROUTE/STATUS VERIFICATION PENDING","","","390-fort Maharashtra registry","DISCOVERY","","","",""
"MH-F-344","Phonda","","","","","","","","","","","","","","","","","","","","","","","","","","","","","","Sahyadri fort index (secondary discovery source); Government verification pending","DISCOVERY ONLY — GPS/ROUTE/STATUS VERIFICATION PENDING","","","390-fort Maharashtra registry","DISCOVERY","","","",""
"MH-F-345","Phutaka Buruz","","","","","","","","","","","","","","","","","","","","","","","","","","","","","","Sahyadri fort index (secondary discovery source); Government verification pending","DISCOVERY ONLY — GPS/ROUTE/STATUS VERIFICATION PENDING","","","390-fort Maharashtra registry","DISCOVERY","","","",""
"MH-F-346","Pimpalner","","","","","","","","","","","","","","","","","","","","","","","","","","","","","","Sahyadri fort index (secondary discovery source); Government verification pending","DISCOVERY ONLY — GPS/ROUTE/STATUS VERIFICATION PENDING","","","390-fort Maharashtra registry","DISCOVERY","","","",""
"MH-F-347","Pisol (Dighve)","","","","","","","","","","","","","","","","","","","","","","","","","","","","","","Sahyadri fort index (secondary discovery source); Government verification pending","DISCOVERY ONLY — GPS/ROUTE/STATUS VERIFICATION PENDING","","","390-fort Maharashtra registry","DISCOVERY","","","",""
"MH-F-348","Prabalgad","Raigad","between Matheran and Panvel","Thakurwadi / Prabalmachi","18.9734","73.2243","Wikipedia infobox coordinate","SOURCE-BASED; FORT POINT","700","","","","","","","","","","","","","","","","","","","","VERIFIED_SOURCE_COORDINATE","PENDING","Wikipedia — Prabalgad","FORT GPS VERIFIED (WIKIPEDIA); TREK START/GPX PENDING","2026-09-08","2026-09-08","Phase-2 enrichment (Wikipedia-sourced) — batch dated 2026-09-08","GPS_PRESENT; ROUTE_PENDING","","","",""
"MH-F-349","Prachitgad (Uchitgad)","","","","","","","","","","","","","","","","","","","","","","","","","","","","","","Sahyadri fort index (secondary discovery source); Government verification pending","DISCOVERY ONLY — GPS/ROUTE/STATUS VERIFICATION PENDING","","","390-fort Maharashtra registry","DISCOVERY","","","",""
"MH-F-350","Raireshwar","","","","","","","","","","","","","","","","","","","","","","","","","","","","","","Sahyadri fort index (secondary discovery source); Government verification pending","DISCOVERY ONLY — GPS/ROUTE/STATUS VERIFICATION PENDING","","","390-fort Maharashtra registry","DISCOVERY","","","",""
"MH-F-351","Rajdehar","","","","","","","","","","","","","","","","","","","","","","","","","","","","","","Sahyadri fort index (secondary discovery source); Government verification pending","DISCOVERY ONLY — GPS/ROUTE/STATUS VERIFICATION PENDING","","","390-fort Maharashtra registry","DISCOVERY","","","",""
"MH-F-352","Rajdher","","","","","","","","","","","","","","","","","","","","","","","","","","","","","","Sahyadri fort index (secondary discovery source); Government verification pending","DISCOVERY ONLY — GPS/ROUTE/STATUS VERIFICATION PENDING","","","390-fort Maharashtra registry","DISCOVERY","","","",""
"MH-F-353","Ramshej","Nashik","Ramshej village","Ramshej village","20.112195","73.767354","Wikipedia infobox coordinate","SOURCE-BASED; FORT POINT","975","","","","","","","","","","","","","","","","","","","","VERIFIED_SOURCE_COORDINATE","PENDING","Wikipedia — Ramsej Fort","FORT GPS VERIFIED (WIKIPEDIA); TREK START/GPX PENDING","2026-09-08","2026-09-08","Phase-2 enrichment (Wikipedia-sourced) — batch dated 2026-09-08","GPS_PRESENT; ROUTE_PENDING","","","",""
"MH-F-354","Ramtek","","","","","","","","","","","","","","","","","","","","","","","","","","","","","","Sahyadri fort index (secondary discovery source); Government verification pending","DISCOVERY ONLY — GPS/ROUTE/STATUS VERIFICATION PENDING","","","390-fort Maharashtra registry","DISCOVERY","","","",""
"MH-F-355","Rasalgad","","","","","","","","","","","","","","","","","","","","","","","","","","","","","","Sahyadri fort index (secondary discovery source); Government verification pending","DISCOVERY ONLY — GPS/ROUTE/STATUS VERIFICATION PENDING","","","390-fort Maharashtra registry","DISCOVERY","","","",""
"MH-F-356","Ratandurg","","","","","","","","","","","","","","","","","","","","","","","","","","","","","","Sahyadri fort index (secondary discovery source); Government verification pending","DISCOVERY ONLY — GPS/ROUTE/STATUS VERIFICATION PENDING","","","390-fort Maharashtra registry","DISCOVERY","","","",""
"MH-F-357","Ratnagiri (Ramdurg)","","","","","","","","","","","","","","","","","","","","","","","","","","","","","","Sahyadri fort index (secondary discovery source); Government verification pending","DISCOVERY ONLY — GPS/ROUTE/STATUS VERIFICATION PENDING","","","390-fort Maharashtra registry","DISCOVERY","","","",""
"MH-F-358","Raver (Rasalpur)","","","","","","","","","","","","","","","","","","","","","","","","","","","","","","Sahyadri fort index (secondary discovery source); Government verification pending","DISCOVERY ONLY — GPS/ROUTE/STATUS VERIFICATION PENDING","","","390-fort Maharashtra registry","DISCOVERY","","","",""
"MH-F-359","Rawlya","","","","","","","","","","","","","","","","","","","","","","","","","","","","","","Sahyadri fort index (secondary discovery source); Government verification pending","DISCOVERY ONLY — GPS/ROUTE/STATUS VERIFICATION PENDING","","","390-fort Maharashtra registry","DISCOVERY","","","",""
"MH-F-360","Revdanda","","","","","","","","","","","","","","","","","","","","","","","","","","","","","","Sahyadri fort index (secondary discovery source); Government verification pending","DISCOVERY ONLY — GPS/ROUTE/STATUS VERIFICATION PENDING","","","390-fort Maharashtra registry","DISCOVERY","","","",""
"MH-F-361","Rohida (Vichitragad)","Pune","near Bhor","Bajarwadi","18.10278","73.82083","Wikipedia infobox coordinate","SOURCE-BASED; FORT POINT","","","","","","","","","","","","","","","","","","","","","VERIFIED_SOURCE_COORDINATE","PENDING","Wikipedia — Rohida fort","FORT GPS VERIFIED (WIKIPEDIA); TREK START/GPX PENDING","2026-09-08","2026-09-08","Phase-2 enrichment (Wikipedia-sourced) — batch dated 2026-09-08","GPS_PRESENT; ROUTE_PENDING","","","",""
"MH-F-362","Rohilgad","","","","","","","","","","","","","","","","","","","","","","","","","","","","","","Sahyadri fort index (secondary discovery source); Government verification pending","DISCOVERY ONLY — GPS/ROUTE/STATUS VERIFICATION PENDING","","","390-fort Maharashtra registry","DISCOVERY","","","",""
"MH-F-363","Sadashivgad","","","","","","","","","","","","","","","","","","","","","","","","","","","","","","Sahyadri fort index (secondary discovery source); Government verification pending","DISCOVERY ONLY — GPS/ROUTE/STATUS VERIFICATION PENDING","","","390-fort Maharashtra registry","DISCOVERY","","","",""
"MH-F-364","Sagargad (Kheldurg/Khaladurg)","","","","","","","","","","","","","","","","","","","","","","","","","","","","","","Sahyadri fort index (secondary discovery source); Government verification pending","DISCOVERY ONLY — GPS/ROUTE/STATUS VERIFICATION PENDING","","","390-fort Maharashtra registry","DISCOVERY","","","",""
"MH-F-365","Saitonda (Sutanda)","","","","","","","","","","","","","","","","","","","","","","","","","","","","","","Sahyadri fort index (secondary discovery source); Government verification pending","DISCOVERY ONLY — GPS/ROUTE/STATUS VERIFICATION PENDING","","","390-fort Maharashtra registry","DISCOVERY","","","",""
"MH-F-366","Sakri","","","","","","","","","","","","","","","","","","","","","","","","","","","","","","Sahyadri fort index (secondary discovery source); Government verification pending","DISCOVERY ONLY — GPS/ROUTE/STATUS VERIFICATION PENDING","","","390-fort Maharashtra registry","DISCOVERY","","","",""
"MH-F-367","Salota","","","","","","","","","","","","","","","","","","","","","","","","","","","","","","Sahyadri fort index (secondary discovery source); Government verification pending","DISCOVERY ONLY — GPS/ROUTE/STATUS VERIFICATION PENDING","","","390-fort Maharashtra registry","DISCOVERY","","","",""
"MH-F-368","Samangad","","","","","","","","","","","","","","","","","","","","","","","","","","","","","","Sahyadri fort index (secondary discovery source); Government verification pending","DISCOVERY ONLY — GPS/ROUTE/STATUS VERIFICATION PENDING","","","390-fort Maharashtra registry","DISCOVERY","","","",""
"MH-F-369","Samkshi (Badrud-din)","","","","","","","","","","","","","","","","","","","","","","","","","","","","","","Sahyadri fort index (secondary discovery source); Government verification pending","DISCOVERY ONLY — GPS/ROUTE/STATUS VERIFICATION PENDING","","","390-fort Maharashtra registry","DISCOVERY","","","",""
"MH-F-370","Sangli","","","","","","","","","","","","","","","","","","","","","","","","","","","","","","Sahyadri fort index (secondary discovery source); Government verification pending","DISCOVERY ONLY — GPS/ROUTE/STATUS VERIFICATION PENDING","","","390-fort Maharashtra registry","DISCOVERY","","","",""
"MH-F-371","Sanjan","","","","","","","","","","","","","","","","","","","","","","","","","","","","","","Sahyadri fort index (secondary discovery source); Government verification pending","DISCOVERY ONLY — GPS/ROUTE/STATUS VERIFICATION PENDING","","","390-fort Maharashtra registry","DISCOVERY","","","",""
"MH-F-372","Santoshgad","","","","","","","","","","","","","","","","","","","","","","","","","","","","","","Sahyadri fort index (secondary discovery source); Government verification pending","DISCOVERY ONLY — GPS/ROUTE/STATUS VERIFICATION PENDING","","","390-fort Maharashtra registry","DISCOVERY","","","",""
"MH-F-373","Sarasgad (Aminabad/Pali)","Raigad","Pali","Pali","18.542614","73.227965","Wikipedia infobox coordinate","SOURCE-BASED; FORT POINT","490","","","","","","","","","","","","","","","","","","","","VERIFIED_SOURCE_COORDINATE","PENDING","Wikipedia — Sarasgad","FORT GPS VERIFIED (WIKIPEDIA); TREK START/GPX PENDING","2026-09-08","2026-09-08","Phase-2 enrichment (Wikipedia-sourced) — batch dated 2026-09-08","GPS_PRESENT; ROUTE_PENDING","","","",""
"MH-F-374","Sarjekot","","","","","","","","","","","","","","","","","","","","","","","","","","","","","","Sahyadri fort index (secondary discovery source); Government verification pending","DISCOVERY ONLY — GPS/ROUTE/STATUS VERIFICATION PENDING","","","390-fort Maharashtra registry","DISCOVERY","","","",""
"MH-F-375","Satara (Ajinkyatara)","Satara","Satara city","Satara city","17.672361","73.995389","Wikipedia infobox coordinate","SOURCE-BASED; FORT POINT","1356","","","","","","","","","","","","","","","","","","","","VERIFIED_SOURCE_COORDINATE","PENDING","Wikipedia — Ajinkyatara","FORT GPS VERIFIED (WIKIPEDIA); TREK START/GPX PENDING","2026-09-08","2026-09-08","Phase-2 enrichment (Wikipedia-sourced) — batch dated 2026-09-08","GPS_PRESENT; ROUTE_PENDING","","","",""
"MH-F-376","Sathavli","","","","","","","","","","","","","","","","","","","","","","","","","","","","","","Sahyadri fort index (secondary discovery source); Government verification pending","DISCOVERY ONLY — GPS/ROUTE/STATUS VERIFICATION PENDING","","","390-fort Maharashtra registry","DISCOVERY","","","",""
"MH-F-377","Savda","","","","","","","","","","","","","","","","","","","","","","","","","","","","","","Sahyadri fort index (secondary discovery source); Government verification pending","DISCOVERY ONLY — GPS/ROUTE/STATUS VERIFICATION PENDING","","","390-fort Maharashtra registry","DISCOVERY","","","",""
"MH-F-378","Sawantwadi","","","","","","","","","","","","","","","","","","","","","","","","","","","","","","Sahyadri fort index (secondary discovery source); Government verification pending","DISCOVERY ONLY — GPS/ROUTE/STATUS VERIFICATION PENDING","","","390-fort Maharashtra registry","DISCOVERY","","","",""
"MH-F-379","Sawargaum","","","","","","","","","","","","","","","","","","","","","","","","","","","","","","Sahyadri fort index (secondary discovery source); Government verification pending","DISCOVERY ONLY — GPS/ROUTE/STATUS VERIFICATION PENDING","","","390-fort Maharashtra registry","DISCOVERY","","","",""
"MH-F-380","Sewri","","","","","","","","","","","","","","","","","","","","","","","","","","","","","","Sahyadri fort index (secondary discovery source); Government verification pending","DISCOVERY ONLY — GPS/ROUTE/STATUS VERIFICATION PENDING","","","390-fort Maharashtra registry","DISCOVERY","","","",""
"MH-F-381","Shahada","","","","","","","","","","","","","","","","","","","","","","","","","","","","","","Sahyadri fort index (secondary discovery source); Government verification pending","DISCOVERY ONLY — GPS/ROUTE/STATUS VERIFICATION PENDING","","","390-fort Maharashtra registry","DISCOVERY","","","",""
"MH-F-382","Shahagad (Bhimgad)","","","","","","","","","","","","","","","","","","","","","","","","","","","","","","Sahyadri fort index (secondary discovery source); Government verification pending","DISCOVERY ONLY — GPS/ROUTE/STATUS VERIFICATION PENDING","","","390-fort Maharashtra registry","DISCOVERY","","","",""
"MH-F-383","Shegwa","","","","","","","","","","","","","","","","","","","","","","","","","","","","","","Sahyadri fort index (secondary discovery source); Government verification pending","DISCOVERY ONLY — GPS/ROUTE/STATUS VERIFICATION PENDING","","","390-fort Maharashtra registry","DISCOVERY","","","",""
"MH-F-384","Shirgaum","","","","","","","","","","","","","","","","","","","","","","","","","","","","","","Sahyadri fort index (secondary discovery source); Government verification pending","DISCOVERY ONLY — GPS/ROUTE/STATUS VERIFICATION PENDING","","","390-fort Maharashtra registry","DISCOVERY","","","",""
"MH-F-385","Shirpur","","","","","","","","","","","","","","","","","","","","","","","","","","","","","","Sahyadri fort index (secondary discovery source); Government verification pending","DISCOVERY ONLY — GPS/ROUTE/STATUS VERIFICATION PENDING","","","390-fort Maharashtra registry","DISCOVERY","","","",""
"MH-F-386","Shirval (Subhamangalgad)","","","","","","","","","","","","","","","","","","","","","","","","","","","","","","Sahyadri fort index (secondary discovery source); Government verification pending","DISCOVERY ONLY — GPS/ROUTE/STATUS VERIFICATION PENDING","","","390-fort Maharashtra registry","DISCOVERY","","","",""
"MH-F-387","Shivgad","","","","","","","","","","","","","","","","","","","","","","","","","","","","","","Sahyadri fort index (secondary discovery source); Government verification pending","DISCOVERY ONLY — GPS/ROUTE/STATUS VERIFICATION PENDING","","","390-fort Maharashtra registry","DISCOVERY","","","",""
"MH-F-388","Shrivardhan (Rajamachi)","Pune","Rajmachi (Shrivardhan balekilla)","Udhewadi","18.825799","73.395527","Wikipedia infobox coordinate is for the Rajmachi complex as a whole; Shrivardhan's own peak coordinate not separately isolated — treat as approximate","SOURCE-BASED; FORT POINT","","","","","","","","","","","","","","","","","","Protected Monument","","","VERIFIED_SOURCE_COORDINATE","PENDING","Wikipedia — Shrivardhan Fort / Rajmachi","FORT GPS VERIFIED (WIKIPEDIA); TREK START/GPX PENDING","2026-09-08","2026-09-08","Phase-2 enrichment (Wikipedia-sourced) — batch dated 2026-09-08","GPS_PRESENT; ROUTE_PENDING","","","",""
"MH-F-389","Shrimangalgad (Haji Malang)","","","","","","","","","","","","","","","","","","","","","","","","","","","","","","Sahyadri fort index (secondary discovery source); Government verification pending","DISCOVERY ONLY — GPS/ROUTE/STATUS VERIFICATION PENDING","","","390-fort Maharashtra registry","DISCOVERY","","","",""
"MH-F-390","Sidhagad (Bakshidabaksh)","","","","","","","","","","","","","","","","","","","","","","","","","","","","","","Sahyadri fort index (secondary discovery source); Government verification pending","DISCOVERY ONLY — GPS/ROUTE/STATUS VERIFICATION PENDING","","","390-fort Maharashtra registry","DISCOVERY","","","",""
